[
    {
        "Title": "Cellular wireless networks in the upper mid-band",
        "Categories": "Wireless Communications and Sensing",
        "Other": "",
        "title": "Cellular wireless networks in the upper mid-band",
        "link": "https://scholar.google.com/citations?view_op=view_citation&hl=en&user=Dew7rE0AAAAJ&citation_for_view=Dew7rE0AAAAJ:kzcrU_BdoSEC",
        "citation_id": "Dew7rE0AAAAJ:kzcrU_BdoSEC",
        "authors": "S Kang, M Mezzavilla, S Rangan, A Madanayake, SB Venkatakrishnan, ...",
        "publication": "IEEE Open Journal of the Communications Society, 2024",
        "year": "2024"
    },
    {
        "Title": "Integrated Energy Harvesting Transceivers and Transmitters With Dual-Antenna Architecture for Miniaturized Implants and Electrochemical Sensors",
        "Categories": [
            "Wireless Communications and Sensing",
            "Networking Edge Computing and Security",
            "Testbeds and Prototypes"
        ],
        "Other": "",
        "title": "Integrated Energy Harvesting Transceivers and Transmitters With Dual-Antenna Architecture for Miniaturized Implants and Electrochemical Sensors",
        "link": "https://scholar.google.com/citations?view_op=view_citation&hl=en&user=Dew7rE0AAAAJ&citation_for_view=Dew7rE0AAAAJ:SpbeaW3--B0C",
        "citation_id": "Dew7rE0AAAAJ:SpbeaW3--B0C",
        "authors": "A Babakhani, H Rahmani, H Mitsui",
        "publication": "US Patent App. 18/391,277, 2024",
        "year": "2024"
    },
    {
        "Title": "Wireless Recording System-on-chip for Distributed Neural Interface Systems with Inductive Power Delivery and UWB Data Transmission",
        "Categories": [],
        "Other": "",
        "title": "Wireless Recording System-on-chip for Distributed Neural Interface Systems with Inductive Power Delivery and UWB Data Transmission",
        "link": "https://scholar.google.com/citations?view_op=view_citation&hl=en&user=Dew7rE0AAAAJ&citation_for_view=Dew7rE0AAAAJ:VaXvl8Fpj5cC",
        "citation_id": "Dew7rE0AAAAJ:VaXvl8Fpj5cC",
        "authors": "H Rahmani, A Babakhani",
        "publication": "US Patent App. 18/257,997, 2024",
        "year": "2024"
    },
    {
        "Title": "Next-generation IoT devices: Sustainable eco-friendly manufacturing, energy harvesting, and wireless connectivity",
        "Categories": [],
        "Other": "",
        "title": "Next-generation IoT devices: Sustainable eco-friendly manufacturing, energy harvesting, and wireless connectivity",
        "link": "https://scholar.google.com/citations?view_op=view_citation&hl=en&user=Dew7rE0AAAAJ&citation_for_view=Dew7rE0AAAAJ:SdhP9T11ey4C",
        "citation_id": "Dew7rE0AAAAJ:SdhP9T11ey4C",
        "authors": "H Rahmani, D Shetty, M Wagih, Y Ghasempour, V Palazzi, NB Carvalho, ...",
        "publication": "IEEE Journal of Microwaves 3 (1), 237-255, 2023",
        "year": "2023"
    },
    {
        "Title": "Systems and Methods for Coherent Radiation From a Swarm of Wirelessly Powered and Synchronized Sensor Nodes",
        "Categories": [],
        "Other": "",
        "title": "Systems and Methods for Coherent Radiation From a Swarm of Wirelessly Powered and Synchronized Sensor Nodes",
        "link": "https://scholar.google.com/citations?view_op=view_citation&hl=en&user=Dew7rE0AAAAJ&citation_for_view=Dew7rE0AAAAJ:JQOojiI6XY0C",
        "citation_id": "Dew7rE0AAAAJ:JQOojiI6XY0C",
        "authors": "H Rahmani, A Babakhani",
        "publication": "US Patent App. 17/997,464, 2023",
        "year": "2023"
    },
    {
        "Title": "Microwave-enabled wearables: Underpinning technologies, integration platforms, and next-generation roadmap",
        "Categories": [],
        "Other": "",
        "title": "Microwave-enabled wearables: Underpinning technologies, integration platforms, and next-generation roadmap",
        "link": "https://scholar.google.com/citations?view_op=view_citation&hl=en&user=Dew7rE0AAAAJ&citation_for_view=Dew7rE0AAAAJ:AXPGKjj_ei8C",
        "citation_id": "Dew7rE0AAAAJ:AXPGKjj_ei8C",
        "authors": "M Wagih, L Balocchi, F Benassi, NB Carvalho, JC Chiao, R Correia, ...",
        "publication": "IEEE Journal of Microwaves 3 (1), 193-226, 2022",
        "year": "2022"
    },
    {
        "Title": "The MTT-S technical coordinating and future directions committee: Promoting our technical communities-2022",
        "Categories": [],
        "Other": "",
        "title": "The MTT-S technical coordinating and future directions committee: Promoting our technical communities-2022",
        "link": "https://scholar.google.com/citations?view_op=view_citation&hl=en&user=Dew7rE0AAAAJ&citation_for_view=Dew7rE0AAAAJ:UHK10RUVsp4C",
        "citation_id": "Dew7rE0AAAAJ:UHK10RUVsp4C",
        "authors": "V Palazzi, D Schreurs, R Caverly",
        "publication": "IEEE Microwave Magazine 23 (11), 100-141, 2022",
        "year": "2022"
    },
    {
        "Title": "Integrated Energy Harvesting Transceivers and Transmitters With Dual-Antenna Architecture for Miniaturized Implants and Electrochemical Sensors",
        "Categories": [],
        "Other": "",
        "title": "Integrated Energy Harvesting Transceivers and Transmitters With Dual-Antenna Architecture for Miniaturized Implants and Electrochemical Sensors",
        "link": "https://scholar.google.com/citations?view_op=view_citation&hl=en&user=Dew7rE0AAAAJ&citation_for_view=Dew7rE0AAAAJ:j3f4tGmQtD8C",
        "citation_id": "Dew7rE0AAAAJ:j3f4tGmQtD8C",
        "authors": "A Babakhani, H Rahmani, H Mitsui",
        "publication": "US Patent App. 17/456,328, 2022",
        "year": "2022"
    },
    {
        "Title": "A wirelessly powered reconfigurable FDD radio with on-chip antennas for multi-site neural interfaces",
        "Categories": [],
        "Other": "",
        "title": "A wirelessly powered reconfigurable FDD radio with on-chip antennas for multi-site neural interfaces",
        "link": "https://scholar.google.com/citations?view_op=view_citation&hl=en&user=Dew7rE0AAAAJ&citation_for_view=Dew7rE0AAAAJ:_Qo2XoVZTnwC",
        "citation_id": "Dew7rE0AAAAJ:_Qo2XoVZTnwC",
        "authors": "H Rahmani, A Babakhani",
        "publication": "IEEE Journal of Solid-State Circuits 56 (10), 3177-3190, 2021",
        "year": "2021"
    },
    {
        "Title": "Wirelessly powered, batteryless closed-loop biopotential recording IC for implantable leadless cardiac monitoring applications",
        "Categories": [],
        "Other": "",
        "title": "Wirelessly powered, batteryless closed-loop biopotential recording IC for implantable leadless cardiac monitoring applications",
        "link": "https://scholar.google.com/citations?view_op=view_citation&hl=en&user=Dew7rE0AAAAJ&citation_for_view=Dew7rE0AAAAJ:RHpTSmoSYBkC",
        "citation_id": "Dew7rE0AAAAJ:RHpTSmoSYBkC",
        "authors": "J Jang, I Habibagahi, H Rahmani, A Babakhani",
        "publication": "2021 IEEE Biomedical Circuits and Systems Conference (BioCAS), 1-4, 2021",
        "year": "2021"
    },
    {
        "Title": "Systems and Methods for Coherent Radiation from a Swarm of Wirelessly Powered and Synchronized Sensor Nodes",
        "Categories": [],
        "Other": "",
        "title": "Systems and Methods for Coherent Radiation from a Swarm of Wirelessly Powered and Synchronized Sensor Nodes",
        "link": "https://scholar.google.com/citations?view_op=view_citation&hl=en&user=Dew7rE0AAAAJ&citation_for_view=Dew7rE0AAAAJ:r0BpntZqJG4C",
        "citation_id": "Dew7rE0AAAAJ:r0BpntZqJG4C",
        "authors": "H Rahmani, A Babakhani",
        "publication": "WO Patent WO/2021/222,104, 2021",
        "year": "2021"
    },
    {
        "Title": "Towards a machine-learning-assisted dielectric sensing platform for point-of-care wound monitoring",
        "Categories": [],
        "Other": "",
        "title": "Towards a machine-learning-assisted dielectric sensing platform for point-of-care wound monitoring",
        "link": "https://scholar.google.com/citations?view_op=view_citation&hl=en&user=Dew7rE0AAAAJ&citation_for_view=Dew7rE0AAAAJ:HDshCWvjkbEC",
        "citation_id": "Dew7rE0AAAAJ:HDshCWvjkbEC",
        "authors": "H Rahmani, MM Archang, B Jamali, M Forghani, AM Ambrus, ...",
        "publication": "IEEE Sensors Letters 4 (6), 1-4, 2020",
        "year": "2020"
    },
    {
        "Title": "A 1.6mm3 Wirelessly Powered Reconfigurable FDD Radio with On-Chip Antennas Achieving 4.7 pJ/b TX and 1 pJ/b RX Energy Efficiencies for Medical Implants",
        "Categories": [],
        "Other": "",
        "title": "A 1.6mm3 Wirelessly Powered Reconfigurable FDD Radio with On-Chip Antennas Achieving 4.7 pJ/b TX and 1 pJ/b RX Energy Efficiencies for Medical Implants",
        "link": "https://scholar.google.com/citations?view_op=view_citation&hl=en&user=Dew7rE0AAAAJ&citation_for_view=Dew7rE0AAAAJ:hC7cP41nSMkC",
        "citation_id": "Dew7rE0AAAAJ:hC7cP41nSMkC",
        "authors": "H Rahmani, A Babakhani",
        "publication": "2020 IEEE Custom Integrated Circuits Conference (CICC), 1-4, 2020",
        "year": "2020"
    },
    {
        "Title": "Coherent radiation from a swarm of wirelessly powered and synchronized sensor nodes",
        "Categories": [],
        "Other": "",
        "title": "Coherent radiation from a swarm of wirelessly powered and synchronized sensor nodes",
        "link": "https://scholar.google.com/citations?view_op=view_citation&hl=en&user=Dew7rE0AAAAJ&citation_for_view=Dew7rE0AAAAJ:hFOr9nPyWt4C",
        "citation_id": "Dew7rE0AAAAJ:hFOr9nPyWt4C",
        "authors": "H Rahmani, Y Sun, M Kherwa, S Pal, A Babakhani",
        "publication": "IEEE Sensors Journal 20 (19), 11608-11616, 2020",
        "year": "2020"
    },
    {
        "Title": "An integrated battery-less wirelessly powered rfid tag with clock recovery and data transmitter for uwb localization",
        "Categories": [],
        "Other": "",
        "title": "An integrated battery-less wirelessly powered rfid tag with clock recovery and data transmitter for uwb localization",
        "link": "https://scholar.google.com/citations?view_op=view_citation&hl=en&user=Dew7rE0AAAAJ&citation_for_view=Dew7rE0AAAAJ:R3hNpaxXUhUC",
        "citation_id": "Dew7rE0AAAAJ:R3hNpaxXUhUC",
        "authors": "H Rahmani, A Babakhani",
        "publication": "2020 IEEE/MTT-S International Microwave Symposium (IMS), 460-463, 2020",
        "year": "2020"
    },
    {
        "Title": "Integrated Wirelessly Powered Solutions for Medical Implants and Internet of Things",
        "Categories": [],
        "Other": "",
        "title": "Integrated Wirelessly Powered Solutions for Medical Implants and Internet of Things",
        "link": "https://scholar.google.com/citations?view_op=view_citation&hl=en&user=Dew7rE0AAAAJ&cstart=20&citation_for_view=Dew7rE0AAAAJ:TQgYirikUcIC",
        "citation_id": "Dew7rE0AAAAJ:TQgYirikUcIC",
        "authors": "H Rahmani",
        "publication": "University of California, Los Angeles, 2020",
        "year": "2020"
    },
    {
        "Title": "A dual-mode RF power harvesting system with an on-chip coil in 180-nm SOI CMOS for millimeter-sized biomedical implants",
        "Categories": [],
        "Other": "",
        "title": "A dual-mode RF power harvesting system with an on-chip coil in 180-nm SOI CMOS for millimeter-sized biomedical implants",
        "link": "https://scholar.google.com/citations?view_op=view_citation&hl=en&user=Dew7rE0AAAAJ&citation_for_view=Dew7rE0AAAAJ:M3ejUd6NZC8C",
        "citation_id": "Dew7rE0AAAAJ:M3ejUd6NZC8C",
        "authors": "H Rahmani, A Babakhani",
        "publication": "IEEE Transactions on Microwave Theory and Techniques 67 (1), 414-428, 2018",
        "year": "2018"
    },
    {
        "Title": "A 434 MHz dual-mode power harvesting system with an on-chip coil in 180 nm CMOS SOI for mm-sized implants",
        "Categories": [],
        "Other": "",
        "title": "A 434 MHz dual-mode power harvesting system with an on-chip coil in 180 nm CMOS SOI for mm-sized implants",
        "link": "https://scholar.google.com/citations?view_op=view_citation&hl=en&user=Dew7rE0AAAAJ&citation_for_view=Dew7rE0AAAAJ:KlAtU1dfN6UC",
        "citation_id": "Dew7rE0AAAAJ:KlAtU1dfN6UC",
        "authors": "H Rahmani, A Babakhani",
        "publication": "2018 IEEE/MTT-S International Microwave Symposium-IMS, 1130-1133, 2018",
        "year": "2018"
    },
    {
        "Title": "A wireless power receiver with an on-chip antenna for millimeter-size biomedical implants in 180 nm SOI CMOS",
        "Categories": [],
        "Other": "",
        "title": "A wireless power receiver with an on-chip antenna for millimeter-size biomedical implants in 180 nm SOI CMOS",
        "link": "https://scholar.google.com/citations?view_op=view_citation&hl=en&user=Dew7rE0AAAAJ&citation_for_view=Dew7rE0AAAAJ:W7OEmFMy1HYC",
        "citation_id": "Dew7rE0AAAAJ:W7OEmFMy1HYC",
        "authors": "H Rahmani, A Babakhani",
        "publication": "2017 IEEE MTT-S International Microwave Symposium (IMS), 300-303, 2017",
        "year": "2017"
    },
    {
        "Title": "Integrated Electromagnetic Wireless Power Harvesting System for mm-size Biomedical Implants",
        "Categories": [],
        "Other": "",
        "title": "Integrated Electromagnetic Wireless Power Harvesting System for mm-size Biomedical Implants",
        "link": "https://scholar.google.com/citations?view_op=view_citation&hl=en&user=Dew7rE0AAAAJ&citation_for_view=Dew7rE0AAAAJ:Zph67rFs4hoC",
        "citation_id": "Dew7rE0AAAAJ:Zph67rFs4hoC",
        "authors": "H Rahmani",
        "publication": "Rice University, 2017",
        "year": "2017"
    },
    {
        "Title": "A fully integrated electromagnetic energy harvesting circuit with an on-chip antenna for biomedical implants in 180 nm SOI CMOS",
        "Categories": [],
        "Other": "",
        "title": "A fully integrated electromagnetic energy harvesting circuit with an on-chip antenna for biomedical implants in 180 nm SOI CMOS",
        "link": "https://scholar.google.com/citations?view_op=view_citation&hl=en&user=Dew7rE0AAAAJ&citation_for_view=Dew7rE0AAAAJ:u5HHmVD_uO8C",
        "citation_id": "Dew7rE0AAAAJ:u5HHmVD_uO8C",
        "authors": "H Rahmani, A Babakhani",
        "publication": "2016 IEEE SENSORS, 1-3, 2016",
        "year": "2016"
    }
]