[
    {
        "title": "Dual Timescale Orchestration System for Elastic Control of NextG Cloud-Integrated Networks",
        "link": "https://scholar.google.com/citations?view_op=view_citation&hl=en&user=AZ3SaZgAAAAJ&cstart=220&citation_for_view=AZ3SaZgAAAAJ:yxmsSjX2EkcC",
        "citation_id": "AZ3SaZgAAAAJ:yxmsSjX2EkcC",
        "authors": "Q Pagliuca, LJ Chaves, P Imputato, A Tulino, J Llorca",
        "publication": "2024 27th Conference on Innovation in Clouds, Internet and Networks (ICIN \u2026, 2024",
        "year": "2024"
    },
    {
        "title": "Joint compute-caching-communication control for online data-intensive service delivery",
        "link": "https://scholar.google.com/citations?view_op=view_citation&hl=en&user=AZ3SaZgAAAAJ&cstart=80&citation_for_view=AZ3SaZgAAAAJ:6yz0xqPARnAC",
        "citation_id": "AZ3SaZgAAAAJ:6yz0xqPARnAC",
        "authors": "Y Cai, J Llorca, AM Tulino, AF Molisch",
        "publication": "IEEE Transactions on Mobile Computing, 2023",
        "year": "2023"
    },
    {
        "title": "Asymptotic learning requirements for stealth attacks on linearized state estimation",
        "link": "https://scholar.google.com/citations?view_op=view_citation&hl=en&user=AZ3SaZgAAAAJ&cstart=160&citation_for_view=AZ3SaZgAAAAJ:vDZJ-YLwNdEC",
        "citation_id": "AZ3SaZgAAAAJ:vDZJ-YLwNdEC",
        "authors": "K Sun, I Esnaola, AM Tulino, HV Poor",
        "publication": "IEEE Transactions on Smart Grid 14 (4), 3189-3200, 2023",
        "year": "2023"
    },
    {
        "title": "Recovery of Real-Valued Sparse Models in the Multi-Dimensional Spectral Domain",
        "link": "https://scholar.google.com/citations?view_op=view_citation&hl=en&user=AZ3SaZgAAAAJ&cstart=220&citation_for_view=AZ3SaZgAAAAJ:prdVHNxh-e8C",
        "citation_id": "AZ3SaZgAAAAJ:prdVHNxh-e8C",
        "authors": "A Callejas-Ramos, M S\u00e1nchez-Fern\u00e1ndez, A Tulino, JJ Murillo-Fuentes",
        "publication": "2023 IEEE 9th International Workshop on Computational Advances in Multi \u2026, 2023",
        "year": "2023"
    },
    {
        "title": "Estimation of Interference Correlation in mmWave Cellular Systems",
        "link": "https://scholar.google.com/citations?view_op=view_citation&hl=en&user=AZ3SaZgAAAAJ&cstart=220&citation_for_view=AZ3SaZgAAAAJ:LdasjJ6CEcoC",
        "citation_id": "AZ3SaZgAAAAJ:LdasjJ6CEcoC",
        "authors": "S Tomasin, R Hasler, AM Tulino, M S\u00e1nchez-Fern\u00e1ndez",
        "publication": "IEEE Transactions on Wireless Communications, 2023",
        "year": "2023"
    },
    {
        "title": "Compute-and data-intensive networks: The key to the metaverse",
        "link": "https://scholar.google.com/citations?view_op=view_citation&hl=en&user=AZ3SaZgAAAAJ&cstart=20&citation_for_view=AZ3SaZgAAAAJ:sJsF-0ZLhtgC",
        "citation_id": "AZ3SaZgAAAAJ:sJsF-0ZLhtgC",
        "authors": "Y Cai, J Llorca, AM Tulino, AF Molisch",
        "publication": "2022 1st international conference on 6G networking (6GNet), 1-8, 2022",
        "year": "2022"
    },
    {
        "title": "Decentralized control of distributed cloud networks with generalized network flows",
        "link": "https://scholar.google.com/citations?view_op=view_citation&hl=en&user=AZ3SaZgAAAAJ&cstart=100&citation_for_view=AZ3SaZgAAAAJ:4X0JR2_MtJMC",
        "citation_id": "AZ3SaZgAAAAJ:4X0JR2_MtJMC",
        "authors": "Y Cai, J Llorca, AM Tulino, AF Molisch",
        "publication": "IEEE Transactions on Communications 71 (1), 256-268, 2022",
        "year": "2022"
    },
    {
        "title": "Ultra-reliable distributed cloud network control with end-to-end latency constraints",
        "link": "https://scholar.google.com/citations?view_op=view_citation&hl=en&user=AZ3SaZgAAAAJ&cstart=100&citation_for_view=AZ3SaZgAAAAJ:0CzhzZyukY4C",
        "citation_id": "AZ3SaZgAAAAJ:0CzhzZyukY4C",
        "authors": "Y Cai, J Llorca, AM Tulino, AF Molisch",
        "publication": "IEEE/ACM Transactions on Networking 30 (6), 2505-2520, 2022",
        "year": "2022"
    },
    {
        "title": "Dynamic control of data-intensive services over edge computing networks",
        "link": "https://scholar.google.com/citations?view_op=view_citation&hl=en&user=AZ3SaZgAAAAJ&cstart=120&citation_for_view=AZ3SaZgAAAAJ:PVgj2kMGcgYC",
        "citation_id": "AZ3SaZgAAAAJ:PVgj2kMGcgYC",
        "authors": "Y Cai, J Llorca, AM Tulino, AF Molisch",
        "publication": "GLOBECOM 2022-2022 IEEE Global Communications Conference, 5123-5128, 2022",
        "year": "2022"
    },
    {
        "title": "Vineyard Digital Twin: construction and characterization via UAV images\u2013DIWINE Proof of Concept",
        "link": "https://scholar.google.com/citations?view_op=view_citation&hl=en&user=AZ3SaZgAAAAJ&cstart=160&citation_for_view=AZ3SaZgAAAAJ:otzGkya1bYkC",
        "citation_id": "AZ3SaZgAAAAJ:otzGkya1bYkC",
        "authors": "F Edemetti, A Maiale, C Carlini, O D\u2019Auria, J Llorca, AM Tulino",
        "publication": "2022 IEEE 23rd International Symposium on a World of Wireless, Mobile and \u2026, 2022",
        "year": "2022"
    },
    {
        "title": "Parametrical channel estimation in mmWave using atomic norm",
        "link": "https://scholar.google.com/citations?view_op=view_citation&hl=en&user=AZ3SaZgAAAAJ&cstart=200&citation_for_view=AZ3SaZgAAAAJ:jgBuDB5drN8C",
        "citation_id": "AZ3SaZgAAAAJ:jgBuDB5drN8C",
        "authors": "A Tulino, M S\u00e1nchez-Fern\u00e1ndez, AV Delgado, \u00c1 Callejas-Ramos",
        "publication": "GLOBECOM 2022-2022 IEEE Global Communications Conference, 2419-2425, 2022",
        "year": "2022"
    },
    {
        "title": "Scalable delivery of correlated video content over cache-aided broadcast networks",
        "link": "https://scholar.google.com/citations?view_op=view_citation&hl=en&user=AZ3SaZgAAAAJ&cstart=220&citation_for_view=AZ3SaZgAAAAJ:2tRrZ1ZAMYUC",
        "citation_id": "AZ3SaZgAAAAJ:2tRrZ1ZAMYUC",
        "authors": "P Hassanzadeh, AM Tulino, J Llorca, E Erkip",
        "publication": "Edge Caching for Mobile Networks, 119-154, 2022",
        "year": "2022"
    },
    {
        "title": "Optimal control of distributed computing networks with mixed-cast traffic flows",
        "link": "https://scholar.google.com/citations?view_op=view_citation&hl=en&user=AZ3SaZgAAAAJ&cstart=60&citation_for_view=AZ3SaZgAAAAJ:ClCfbGk0d_YC",
        "citation_id": "AZ3SaZgAAAAJ:ClCfbGk0d_YC",
        "authors": "J Zhang, A Sinha, J Llorca, AM Tulino, E Modiano",
        "publication": "IEEE/ACM Transactions on Networking 29 (4), 1760-1773, 2021",
        "year": "2021"
    },
    {
        "title": "Gridless multidimensional angle-of-arrival estimation for arbitrary 3D antenna arrays",
        "link": "https://scholar.google.com/citations?view_op=view_citation&hl=en&user=AZ3SaZgAAAAJ&cstart=100&citation_for_view=AZ3SaZgAAAAJ:8xutWZnSdmoC",
        "citation_id": "AZ3SaZgAAAAJ:8xutWZnSdmoC",
        "authors": "M S\u00e1nchez-Fern\u00e1ndez, V Jamali, J Llorca, AM Tulino",
        "publication": "IEEE Transactions on Wireless Communications 20 (7), 4748-4764, 2021",
        "year": "2021"
    },
    {
        "title": "Opportunistic sensing using mmWave communication signals: A subspace approach",
        "link": "https://scholar.google.com/citations?view_op=view_citation&hl=en&user=AZ3SaZgAAAAJ&cstart=100&citation_for_view=AZ3SaZgAAAAJ:fbc8zXXH2BUC",
        "citation_id": "AZ3SaZgAAAAJ:fbc8zXXH2BUC",
        "authors": "E Grossi, M Lops, AM Tulino, L Venturino",
        "publication": "IEEE Transactions on Wireless Communications 20 (7), 4420-4434, 2021",
        "year": "2021"
    },
    {
        "title": "Super-resolution in automotive pulse radars",
        "link": "https://scholar.google.com/citations?view_op=view_citation&hl=en&user=AZ3SaZgAAAAJ&cstart=120&citation_for_view=AZ3SaZgAAAAJ:5MTHONV0fEkC",
        "citation_id": "AZ3SaZgAAAAJ:5MTHONV0fEkC",
        "authors": "AV Delgado, M S\u00e1nchez-Fern\u00e1ndez, L Venturino, A Tulino",
        "publication": "IEEE Journal of Selected Topics in Signal Processing 15 (4), 913-926, 2021",
        "year": "2021"
    },
    {
        "title": "Optimal cloud network control with strict latency constraints",
        "link": "https://scholar.google.com/citations?view_op=view_citation&hl=en&user=AZ3SaZgAAAAJ&cstart=120&citation_for_view=AZ3SaZgAAAAJ:gKiMpY-AVTkC",
        "citation_id": "AZ3SaZgAAAAJ:gKiMpY-AVTkC",
        "authors": "Y Cai, J Llorca, AM Tulino, AF Molisch",
        "publication": "ICC 2021-IEEE International Conference on Communications, 1-6, 2021",
        "year": "2021"
    },
    {
        "title": "Optimal multicast service chain control: Packet processing, routing, and duplication",
        "link": "https://scholar.google.com/citations?view_op=view_citation&hl=en&user=AZ3SaZgAAAAJ&cstart=120&citation_for_view=AZ3SaZgAAAAJ:5icHVeHT4IsC",
        "citation_id": "AZ3SaZgAAAAJ:5icHVeHT4IsC",
        "authors": "Y Cai, J Llorca, AM Tulino, AF Molisch",
        "publication": "ICC 2021-IEEE International Conference on Communications, 1-7, 2021",
        "year": "2021"
    },
    {
        "title": "Guest editorial introduction to the special section on vehicular networks in the era of 6G: End-edge-cloud orchestrated intelligence",
        "link": "https://scholar.google.com/citations?view_op=view_citation&hl=en&user=AZ3SaZgAAAAJ&cstart=160&citation_for_view=AZ3SaZgAAAAJ:nVrZBo8bIpAC",
        "citation_id": "AZ3SaZgAAAAJ:nVrZBo8bIpAC",
        "authors": "Y Zhang, Y Zhang, J Ren, J Misic, AM Tulino",
        "publication": "IEEE Transactions on Vehicular Technology 70 (6), 5192-5196, 2021",
        "year": "2021"
    },
    {
        "title": "Le reti wireless 5G in aiuto alla terapia DBS per i disturbi del movimento",
        "link": "https://scholar.google.com/citations?view_op=view_citation&hl=en&user=AZ3SaZgAAAAJ&cstart=220&citation_for_view=AZ3SaZgAAAAJ:owLR8QvbtFgC",
        "citation_id": "AZ3SaZgAAAAJ:owLR8QvbtFgC",
        "authors": "F Esposito, T Somma, MR Lamia, A Tulino, V Meglio, R Di Gennaro, ...",
        "publication": "Proceedings del 70\u00b0 Congresso Nazionale SINch, 2021",
        "year": "2021"
    },
    {
        "title": "Service Delivery in 5G",
        "link": "https://scholar.google.com/citations?view_op=view_citation&hl=en&user=AZ3SaZgAAAAJ&cstart=220&citation_for_view=AZ3SaZgAAAAJ:MpfHP-DdYjUC",
        "citation_id": "AZ3SaZgAAAAJ:MpfHP-DdYjUC",
        "authors": "J Llorca, A Tulino, G Caire",
        "publication": "Information Theoretic Perspectives on 5G Systems and Beyond, 2021",
        "year": "2021"
    },
    {
        "title": "Intelligent surface-aided transmitter architectures for millimeter-wave ultra massive MIMO systems",
        "link": "https://scholar.google.com/citations?view_op=view_citation&hl=en&user=AZ3SaZgAAAAJ&citation_for_view=AZ3SaZgAAAAJ:Aul-kAQHnToC",
        "citation_id": "AZ3SaZgAAAAJ:Aul-kAQHnToC",
        "authors": "V Jamali, AM Tulino, G Fischer, RR M\u00fcller, R Schober",
        "publication": "IEEE open journal of the communications society 2, 144-167, 2020",
        "year": "2020"
    },
    {
        "title": "Service placement and request routing in MEC networks with storage, computation, and communication constraints",
        "link": "https://scholar.google.com/citations?view_op=view_citation&hl=en&user=AZ3SaZgAAAAJ&cstart=20&citation_for_view=AZ3SaZgAAAAJ:P7Ujq4OLJYoC",
        "citation_id": "AZ3SaZgAAAAJ:P7Ujq4OLJYoC",
        "authors": "K Poularakis, J Llorca, AM Tulino, I Taylor, L Tassiulas",
        "publication": "IEEE/ACM Transactions on Networking 28 (3), 1047-1060, 2020",
        "year": "2020"
    },
    {
        "title": "Rate-memory trade-off for caching and delivery of correlated sources",
        "link": "https://scholar.google.com/citations?view_op=view_citation&hl=en&user=AZ3SaZgAAAAJ&cstart=80&citation_for_view=AZ3SaZgAAAAJ:5qfkUJPXOUwC",
        "citation_id": "AZ3SaZgAAAAJ:5qfkUJPXOUwC",
        "authors": "P Hassanzadeh, AM Tulino, J Llorca, E Erkip",
        "publication": "IEEE Transactions on Information Theory 66 (4), 2219-2251, 2020",
        "year": "2020"
    },
    {
        "title": "Mobile edge computing network control: Tradeoff between delay and cost",
        "link": "https://scholar.google.com/citations?view_op=view_citation&hl=en&user=AZ3SaZgAAAAJ&cstart=100&citation_for_view=AZ3SaZgAAAAJ:nZcligLrVowC",
        "citation_id": "AZ3SaZgAAAAJ:nZcligLrVowC",
        "authors": "Y Cai, J Llorca, AM Tulino, AF Molisch",
        "publication": "GLOBECOM 2020-2020 IEEE Global Communications Conference, 1-6, 2020",
        "year": "2020"
    },
    {
        "title": "Approximation algorithms for data-intensive service chain embedding",
        "link": "https://scholar.google.com/citations?view_op=view_citation&hl=en&user=AZ3SaZgAAAAJ&cstart=100&citation_for_view=AZ3SaZgAAAAJ:_OXeSy2IsFwC",
        "citation_id": "AZ3SaZgAAAAJ:_OXeSy2IsFwC",
        "authors": "K Poularakis, J Llorca, AM Tulino, L Tassiulas",
        "publication": "Proceedings of the Twenty-First International Symposium on Theory \u2026, 2020",
        "year": "2020"
    },
    {
        "title": "A single-RF architecture for multiuser massive MIMO via reflecting surfaces",
        "link": "https://scholar.google.com/citations?view_op=view_citation&hl=en&user=AZ3SaZgAAAAJ&cstart=100&citation_for_view=AZ3SaZgAAAAJ:F9fV5C73w3QC",
        "citation_id": "AZ3SaZgAAAAJ:F9fV5C73w3QC",
        "authors": "A Bereyhi, V Jamali, RR M\u00fcller, AM Tulino, G Fischer, R Schober",
        "publication": "ICASSP 2020-2020 IEEE International Conference on Acoustics, Speech and \u2026, 2020",
        "year": "2020"
    },
    {
        "title": "Active learning in the geometric block model",
        "link": "https://scholar.google.com/citations?view_op=view_citation&hl=en&user=AZ3SaZgAAAAJ&cstart=120&citation_for_view=AZ3SaZgAAAAJ:r_AWSJRzSzQC",
        "citation_id": "AZ3SaZgAAAAJ:r_AWSJRzSzQC",
        "authors": "E Chien, A Tulino, J Llorca",
        "publication": "Proceedings of the AAAI Conference on Artificial Intelligence 34 (04), 3641-3648, 2020",
        "year": "2020"
    },
    {
        "title": "Extended target detection and localization in 802.11 ad/y radars",
        "link": "https://scholar.google.com/citations?view_op=view_citation&hl=en&user=AZ3SaZgAAAAJ&cstart=160&citation_for_view=AZ3SaZgAAAAJ:ZzlSgRqYykMC",
        "citation_id": "AZ3SaZgAAAAJ:ZzlSgRqYykMC",
        "authors": "E Grossi, M Lops, AM Tulino, L Venturino",
        "publication": "2020 IEEE Radar Conference (RadarConf20), 1-5, 2020",
        "year": "2020"
    },
    {
        "title": "Rate-distortion-memory trade-offs in heterogeneous caching networks",
        "link": "https://scholar.google.com/citations?view_op=view_citation&hl=en&user=AZ3SaZgAAAAJ&cstart=180&citation_for_view=AZ3SaZgAAAAJ:yFnVuubrUp4C",
        "citation_id": "AZ3SaZgAAAAJ:yFnVuubrUp4C",
        "authors": "P Hassanzadeh, AM Tulino, J Llorca, E Erkip",
        "publication": "IEEE Transactions on Wireless Communications 19 (5), 3019-3033, 2020",
        "year": "2020"
    },
    {
        "title": "Supporting services in distributed networks",
        "link": "https://scholar.google.com/citations?view_op=view_citation&hl=en&user=AZ3SaZgAAAAJ&cstart=220&citation_for_view=AZ3SaZgAAAAJ:GFxP56DSvIMC",
        "citation_id": "AZ3SaZgAAAAJ:GFxP56DSvIMC",
        "authors": "J Llorca, A Tulino",
        "publication": "US Patent 10,785,127, 2020",
        "year": "2020"
    },
    {
        "title": "R\u00e9nyi Entropy Bounds on the Active Learning Cost-Performance Tradeoff",
        "link": "https://scholar.google.com/citations?view_op=view_citation&hl=en&user=AZ3SaZgAAAAJ&cstart=220&citation_for_view=AZ3SaZgAAAAJ:LhH-TYMQEocC",
        "citation_id": "AZ3SaZgAAAAJ:LhH-TYMQEocC",
        "authors": "V Jamali, A Tulino, J Llorca, E Erkip",
        "publication": "2020 IEEE International Symposium on Information Theory (ISIT), 2807-2812, 2020",
        "year": "2020"
    },
    {
        "title": "Fundamental limits of erasure-coded key-value stores with side information",
        "link": "https://scholar.google.com/citations?view_op=view_citation&hl=en&user=AZ3SaZgAAAAJ&cstart=220&citation_for_view=AZ3SaZgAAAAJ:KbBQZpvPDL4C",
        "citation_id": "AZ3SaZgAAAAJ:KbBQZpvPDL4C",
        "authors": "RE Ali, VR Cadambe, J Llorca, AM Tulino",
        "publication": "IEEE Transactions on Communications 68 (7), 4126-4140, 2020",
        "year": "2020"
    },
    {
        "title": "Joint service placement and request routing in multi-cell mobile edge computing networks",
        "link": "https://scholar.google.com/citations?view_op=view_citation&hl=en&user=AZ3SaZgAAAAJ&citation_for_view=AZ3SaZgAAAAJ:0izLItjtcgwC",
        "citation_id": "AZ3SaZgAAAAJ:0izLItjtcgwC",
        "authors": "K Poularakis, J Llorca, AM Tulino, I Taylor, L Tassiulas",
        "publication": "IEEE INFOCOM 2019-IEEE Conference on Computer Communications, 10-18, 2019",
        "year": "2019"
    },
    {
        "title": "Distribution of cloud services in a cloud environment",
        "link": "https://scholar.google.com/citations?view_op=view_citation&hl=en&user=AZ3SaZgAAAAJ&cstart=40&citation_for_view=AZ3SaZgAAAAJ:ipzZ9siozwsC",
        "citation_id": "AZ3SaZgAAAAJ:ipzZ9siozwsC",
        "authors": "J Llorca, A Tulino",
        "publication": "US Patent 10,218,776, 2019",
        "year": "2019"
    },
    {
        "title": "Scalable and energy-efficient millimeter massive MIMO architectures: Reflect-array and transmit-array antennas",
        "link": "https://scholar.google.com/citations?view_op=view_citation&hl=en&user=AZ3SaZgAAAAJ&cstart=80&citation_for_view=AZ3SaZgAAAAJ:kh2fBNsKQNwC",
        "citation_id": "AZ3SaZgAAAAJ:kh2fBNsKQNwC",
        "authors": "V Jamali, AM Tulino, G Fischer, R Muller, R Schober",
        "publication": "ICC 2019-2019 IEEE International Conference On Communications (ICC), 1-7, 2019",
        "year": "2019"
    },
    {
        "title": "Averaged nonlinear equations for multimode fibers valid in all regimes of random linear coupling",
        "link": "https://scholar.google.com/citations?view_op=view_citation&hl=en&user=AZ3SaZgAAAAJ&cstart=80&citation_for_view=AZ3SaZgAAAAJ:_FM0Bhl9EiAC",
        "citation_id": "AZ3SaZgAAAAJ:_FM0Bhl9EiAC",
        "authors": "S Buch, S Mumtaz, RJ Essiambre, AM Tulino, GP Agrawal",
        "publication": "Optical Fiber Technology 48, 123-127, 2019",
        "year": "2019"
    },
    {
        "title": "Low-complexity truncated polynomial expansion DL precoders and UL receivers for massive MIMO in correlated channels",
        "link": "https://scholar.google.com/citations?view_op=view_citation&hl=en&user=AZ3SaZgAAAAJ&cstart=100&citation_for_view=AZ3SaZgAAAAJ:anf4URPfarAC",
        "citation_id": "AZ3SaZgAAAAJ:anf4URPfarAC",
        "authors": "A Benzin, G Caire, Y Shadmi, AM Tulino",
        "publication": "IEEE Transactions on Wireless Communications 18 (2), 1069-1084, 2019",
        "year": "2019"
    },
    {
        "title": "Dynamic cloud network control under reconfiguration delay and cost",
        "link": "https://scholar.google.com/citations?view_op=view_citation&hl=en&user=AZ3SaZgAAAAJ&cstart=100&citation_for_view=AZ3SaZgAAAAJ:Dip1O2bNi0gC",
        "citation_id": "AZ3SaZgAAAAJ:Dip1O2bNi0gC",
        "authors": "CH Wang, J Llorca, AM Tulino, T Javidi",
        "publication": "IEEE/ACM Transactions on Networking 27 (2), 491-504, 2019",
        "year": "2019"
    },
    {
        "title": "PAPR-limited precoding in massive MIMO systems with reflect-and transmit-array antennas",
        "link": "https://scholar.google.com/citations?view_op=view_citation&hl=en&user=AZ3SaZgAAAAJ&cstart=120&citation_for_view=AZ3SaZgAAAAJ:HeT0ZceujKMC",
        "citation_id": "AZ3SaZgAAAAJ:HeT0ZceujKMC",
        "authors": "A Bereyhi, V Jamali, RR M\u00fcller, G Fischer, R Schober, AM Tulino",
        "publication": "2019 53rd Asilomar Conference on Signals, Systems, and Computers, 1690-1694, 2019",
        "year": "2019"
    },
    {
        "title": "Approximation algorithms for the optimal distribution of real-time stream-processing services",
        "link": "https://scholar.google.com/citations?view_op=view_citation&hl=en&user=AZ3SaZgAAAAJ&cstart=120&citation_for_view=AZ3SaZgAAAAJ:ODE9OILHJdcC",
        "citation_id": "AZ3SaZgAAAAJ:ODE9OILHJdcC",
        "authors": "M Michael, J Llorca, A Tulino",
        "publication": "ICC 2019-2019 IEEE International Conference on Communications (ICC), 1-7, 2019",
        "year": "2019"
    },
    {
        "title": "Learning requirements for stealth attacks",
        "link": "https://scholar.google.com/citations?view_op=view_citation&hl=en&user=AZ3SaZgAAAAJ&cstart=120&citation_for_view=AZ3SaZgAAAAJ:cWzG1nlazyYC",
        "citation_id": "AZ3SaZgAAAAJ:cWzG1nlazyYC",
        "authors": "K Sun, I Esnaola, AM Tulino, HV Poor",
        "publication": "ICASSP 2019-2019 IEEE International Conference on Acoustics, Speech and \u2026, 2019",
        "year": "2019"
    },
    {
        "title": "Efficient algorithms for coded multicasting in heterogeneous caching networks",
        "link": "https://scholar.google.com/citations?view_op=view_citation&hl=en&user=AZ3SaZgAAAAJ&cstart=120&citation_for_view=AZ3SaZgAAAAJ:bKqednn6t2AC",
        "citation_id": "AZ3SaZgAAAAJ:bKqednn6t2AC",
        "authors": "G Vettigli, M Ji, K Shanmugam, J Llorca, AM Tulino, G Caire",
        "publication": "Entropy 21 (3), 324, 2019",
        "year": "2019"
    },
    {
        "title": "Devices and methods for content distribution in a communications network",
        "link": "https://scholar.google.com/citations?view_op=view_citation&hl=en&user=AZ3SaZgAAAAJ&cstart=140&citation_for_view=AZ3SaZgAAAAJ:HtEfBTGE9r8C",
        "citation_id": "AZ3SaZgAAAAJ:HtEfBTGE9r8C",
        "authors": "A Tulino, J Llorca",
        "publication": "US Patent 10,193,947, 2019",
        "year": "2019"
    },
    {
        "title": "Reflect-and transmit-array antennas for scalable and energy-efficient mmwave massive MIMO",
        "link": "https://scholar.google.com/citations?view_op=view_citation&hl=en&user=AZ3SaZgAAAAJ&cstart=180&citation_for_view=AZ3SaZgAAAAJ:4vMrXwiscB8C",
        "citation_id": "AZ3SaZgAAAAJ:4vMrXwiscB8C",
        "authors": "V Jamali, AM Tulino, G Fischer, R Mller, R Schober",
        "publication": "proc. ICC, 2019",
        "year": "2019"
    },
    {
        "title": "System and method for correlation-aware cache-aided coded multicast (ca-cacm)",
        "link": "https://scholar.google.com/citations?view_op=view_citation&hl=en&user=AZ3SaZgAAAAJ&cstart=180&citation_for_view=AZ3SaZgAAAAJ:OcBU2YAGkTUC",
        "citation_id": "AZ3SaZgAAAAJ:OcBU2YAGkTUC",
        "authors": "AM Tulino, J Llorca, A Divekar",
        "publication": "US Patent App. 16/329,450, 2019",
        "year": "2019"
    },
    {
        "title": "System and method for library compressed cache-aided coded multicast",
        "link": "https://scholar.google.com/citations?view_op=view_citation&hl=en&user=AZ3SaZgAAAAJ&cstart=200&citation_for_view=AZ3SaZgAAAAJ:fFSKOagxvKUC",
        "citation_id": "AZ3SaZgAAAAJ:fFSKOagxvKUC",
        "authors": "AM Tulino, J Llorca",
        "publication": "US Patent 10,237,366, 2019",
        "year": "2019"
    },
    {
        "title": "Optimal dynamic cloud network control",
        "link": "https://scholar.google.com/citations?view_op=view_citation&hl=en&user=AZ3SaZgAAAAJ&cstart=220&citation_for_view=AZ3SaZgAAAAJ:oNZyr7d5Mn4C",
        "citation_id": "AZ3SaZgAAAAJ:oNZyr7d5Mn4C",
        "authors": "J Llorca, AM Tulino",
        "publication": "US Patent 10,356,185, 2019",
        "year": "2019"
    },
    {
        "title": "Supporting services in distributed networks",
        "link": "https://scholar.google.com/citations?view_op=view_citation&hl=en&user=AZ3SaZgAAAAJ&cstart=220&citation_for_view=AZ3SaZgAAAAJ:jU7OWUQzBzMC",
        "citation_id": "AZ3SaZgAAAAJ:jU7OWUQzBzMC",
        "authors": "J Llorca, A Tulino",
        "publication": null,
        "year": "2019"
    },
    {
        "title": "Optimal dynamic cloud network control",
        "link": "https://scholar.google.com/citations?view_op=view_citation&hl=en&user=AZ3SaZgAAAAJ&cstart=40&citation_for_view=AZ3SaZgAAAAJ:vDijr-p_gm4C",
        "citation_id": "AZ3SaZgAAAAJ:vDijr-p_gm4C",
        "authors": "H Feng, J Llorca, AM Tulino, AF Molisch",
        "publication": "IEEE/ACM Transactions on Networking 26 (5), 2118-2131, 2018",
        "year": "2018"
    },
    {
        "title": "Optimal control of wireless computing networks",
        "link": "https://scholar.google.com/citations?view_op=view_citation&hl=en&user=AZ3SaZgAAAAJ&cstart=80&citation_for_view=AZ3SaZgAAAAJ:WZBGuue-350C",
        "citation_id": "AZ3SaZgAAAAJ:WZBGuue-350C",
        "authors": "H Feng, J Llorca, AM Tulino, AF Molisch",
        "publication": "IEEE Transactions on Wireless Communications 17 (12), 8283-8298, 2018",
        "year": "2018"
    },
    {
        "title": "On coding for cache-aided delivery of dynamic correlated content",
        "link": "https://scholar.google.com/citations?view_op=view_citation&hl=en&user=AZ3SaZgAAAAJ&cstart=80&citation_for_view=AZ3SaZgAAAAJ:PoWvk5oyLR8C",
        "citation_id": "AZ3SaZgAAAAJ:PoWvk5oyLR8C",
        "authors": "P Hassanzadeh, AM Tulino, J Llorca, E Erkip",
        "publication": "IEEE Journal on Selected Areas in Communications 36 (8), 1666-1681, 2018",
        "year": "2018"
    },
    {
        "title": "Feasible transmission strategies for downlink MIMO in sparse millimeter-wave channels",
        "link": "https://scholar.google.com/citations?view_op=view_citation&hl=en&user=AZ3SaZgAAAAJ&cstart=120&citation_for_view=AZ3SaZgAAAAJ:rmuvC79q63oC",
        "citation_id": "AZ3SaZgAAAAJ:rmuvC79q63oC",
        "authors": "AV Delgado, M Sanchez-Fernandez, J Llorca, A Tulino",
        "publication": "IEEE Communications Magazine 56 (7), 49-55, 2018",
        "year": "2018"
    },
    {
        "title": "SHINE: secure hybrid in network caching environment",
        "link": "https://scholar.google.com/citations?view_op=view_citation&hl=en&user=AZ3SaZgAAAAJ&cstart=120&citation_for_view=AZ3SaZgAAAAJ:4fGpz3EwCPoC",
        "citation_id": "AZ3SaZgAAAAJ:4fGpz3EwCPoC",
        "authors": "SP Romano, C Roseti, AM Tulino",
        "publication": "2018 International Symposium on Networks, Computers and Communications \u2026, 2018",
        "year": "2018"
    },
    {
        "title": "Information bottleneck for an oblivious relay with channel state information: the scalar case",
        "link": "https://scholar.google.com/citations?view_op=view_citation&hl=en&user=AZ3SaZgAAAAJ&cstart=120&citation_for_view=AZ3SaZgAAAAJ:mNrWkgRL2YcC",
        "citation_id": "AZ3SaZgAAAAJ:mNrWkgRL2YcC",
        "authors": "G Caire, S Shamai, A Tulino, S Verdu, C Yapar",
        "publication": "2018 IEEE International Conference on the Science of Electrical Engineering \u2026, 2018",
        "year": "2018"
    },
    {
        "title": "Service function placement and routing",
        "link": "https://scholar.google.com/citations?view_op=view_citation&hl=en&user=AZ3SaZgAAAAJ&cstart=140&citation_for_view=AZ3SaZgAAAAJ:bz8QjSJIRt4C",
        "citation_id": "AZ3SaZgAAAAJ:bz8QjSJIRt4C",
        "authors": "J Llorca, A Tulino",
        "publication": "US Patent App. 15/581,362, 2018",
        "year": "2018"
    },
    {
        "title": "Online control of cloud and edge resources using inaccurate predictions",
        "link": "https://scholar.google.com/citations?view_op=view_citation&hl=en&user=AZ3SaZgAAAAJ&cstart=180&citation_for_view=AZ3SaZgAAAAJ:XoXfffV-tXoC",
        "citation_id": "AZ3SaZgAAAAJ:XoXfffV-tXoC",
        "authors": "L Jiao, A Tulino, J Llorca, Y Jin, A Sala, J Li",
        "publication": "2018 IEEE/ACM 26th International Symposium on Quality of Service (IWQoS), 1-6, 2018",
        "year": "2018"
    },
    {
        "title": "Multi-version coding with side information",
        "link": "https://scholar.google.com/citations?view_op=view_citation&hl=en&user=AZ3SaZgAAAAJ&cstart=180&citation_for_view=AZ3SaZgAAAAJ:edDO8Oi4QzsC",
        "citation_id": "AZ3SaZgAAAAJ:edDO8Oi4QzsC",
        "authors": "RE Ali, VR Cadambe, J Llorca, AM Tulino",
        "publication": "2018 IEEE International Symposium on Information Theory (ISIT), 1934-1938, 2018",
        "year": "2018"
    },
    {
        "title": "Nonlinear propagation equations for arbitrary levels of random linear coupling between modes",
        "link": "https://scholar.google.com/citations?view_op=view_citation&hl=en&user=AZ3SaZgAAAAJ&cstart=180&citation_for_view=AZ3SaZgAAAAJ:xtoqd-5pKcoC",
        "citation_id": "AZ3SaZgAAAAJ:xtoqd-5pKcoC",
        "authors": "S Buch, S Mumtaz, RJ Essiambre, AM Tulino, GP Agrawal",
        "publication": "Optical Fiber Communication Conference, Th3D. 3, 2018",
        "year": "2018"
    },
    {
        "title": "Dynamic service optimization over computing networks",
        "link": "https://scholar.google.com/citations?view_op=view_citation&hl=en&user=AZ3SaZgAAAAJ&cstart=220&citation_for_view=AZ3SaZgAAAAJ:GtLg2Ama23sC",
        "citation_id": "AZ3SaZgAAAAJ:GtLg2Ama23sC",
        "authors": "J Llorca, AM Tulino",
        "publication": "US Patent App. 15/600,397, 2018",
        "year": "2018"
    },
    {
        "title": "Channel-aware caching-aided coded multicast",
        "link": "https://scholar.google.com/citations?view_op=view_citation&hl=en&user=AZ3SaZgAAAAJ&cstart=220&citation_for_view=AZ3SaZgAAAAJ:kz9GbA2Ns4gC",
        "citation_id": "AZ3SaZgAAAAJ:kz9GbA2Ns4gC",
        "authors": "AM Tulino, J Llorca",
        "publication": "US Patent 10,097,602, 2018",
        "year": "2018"
    },
    {
        "title": "Corrections to \u201cSmoothed Online Resource Allocation in Multi-Tier Distributed Cloud Networks\u201d",
        "link": "https://scholar.google.com/citations?view_op=view_citation&hl=en&user=AZ3SaZgAAAAJ&cstart=220&citation_for_view=AZ3SaZgAAAAJ:hCrLmN-GePgC",
        "citation_id": "AZ3SaZgAAAAJ:hCrLmN-GePgC",
        "authors": "L Jiao, AM Tulino, J Llorca, Y Jin, A Sala",
        "publication": "IEEE/ACM Transactions on Networking 26 (3), 1531-1531, 2018",
        "year": "2018"
    },
    {
        "title": "Smoothed Online Resource Allocation in Multi-Tier Distributed Cloud Networks (vol 25, pg 2556, 2017)",
        "link": "https://scholar.google.com/citations?view_op=view_citation&hl=en&user=AZ3SaZgAAAAJ&cstart=220&citation_for_view=AZ3SaZgAAAAJ:-mN3Mh-tlDkC",
        "citation_id": "AZ3SaZgAAAAJ:-mN3Mh-tlDkC",
        "authors": "L Jiao, AM Tulino, J Llorca, Y Jin, A Sala",
        "publication": "IEEE-ACM TRANSACTIONS ON NETWORKING 26 (3), 1531-1531, 2018",
        "year": "2018"
    },
    {
        "title": "Transforming and combining signals from antenna array",
        "link": "https://scholar.google.com/citations?view_op=view_citation&hl=en&user=AZ3SaZgAAAAJ&cstart=220&citation_for_view=AZ3SaZgAAAAJ:SpbeaW3--B0C",
        "citation_id": "AZ3SaZgAAAAJ:SpbeaW3--B0C",
        "authors": "V Venkateswaran, P Rulikowski, A Tulino",
        "publication": "US Patent App. 15/544,950, 2018",
        "year": "2018"
    },
    {
        "title": "Order-optimal rate of caching and coded multicasting with random demands",
        "link": "https://scholar.google.com/citations?view_op=view_citation&hl=en&user=AZ3SaZgAAAAJ&citation_for_view=AZ3SaZgAAAAJ:hkOj_22Ku90C",
        "citation_id": "AZ3SaZgAAAAJ:hkOj_22Ku90C",
        "authors": "M Ji, AM Tulino, J Llorca, G Caire",
        "publication": "IEEE Transactions on Information Theory 63 (6), 3923-3949, 2017",
        "year": "2017"
    },
    {
        "title": "Approximation algorithms for the NFV service distribution problem",
        "link": "https://scholar.google.com/citations?view_op=view_citation&hl=en&user=AZ3SaZgAAAAJ&citation_for_view=AZ3SaZgAAAAJ:k8Z6L05lTy4C",
        "citation_id": "AZ3SaZgAAAAJ:k8Z6L05lTy4C",
        "authors": "H Feng, J Llorca, AM Tulino, D Raz, AF Molisch",
        "publication": "IEEE INFOCOM 2017-IEEE Conference on Computer Communications, 1-9, 2017",
        "year": "2017"
    },
    {
        "title": "Coded caching with linear subpacketization is possible using Ruzsa-Szem\u00e9redi graphs",
        "link": "https://scholar.google.com/citations?view_op=view_citation&hl=en&user=AZ3SaZgAAAAJ&cstart=20&citation_for_view=AZ3SaZgAAAAJ:EYYDruWGBe4C",
        "citation_id": "AZ3SaZgAAAAJ:EYYDruWGBe4C",
        "authors": "K Shanmugam, AM Tulino, AG Dimakis",
        "publication": "2017 IEEE International Symposium on Information Theory (ISIT), 1237-1241, 2017",
        "year": "2017"
    },
    {
        "title": "Coding for caching in 5G networks",
        "link": "https://scholar.google.com/citations?view_op=view_citation&hl=en&user=AZ3SaZgAAAAJ&cstart=20&citation_for_view=AZ3SaZgAAAAJ:ILKRHgRFtOwC",
        "citation_id": "AZ3SaZgAAAAJ:ILKRHgRFtOwC",
        "authors": "Y Fadlallah, AM Tulino, D Barone, G Vettigli, J Llorca, JM Gorce",
        "publication": "IEEE Communications Magazine 55 (2), 106-113, 2017",
        "year": "2017"
    },
    {
        "title": "Smoothed online resource allocation in multi-tier distributed cloud networks",
        "link": "https://scholar.google.com/citations?view_op=view_citation&hl=en&user=AZ3SaZgAAAAJ&cstart=40&citation_for_view=AZ3SaZgAAAAJ:URolC5Kub84C",
        "citation_id": "AZ3SaZgAAAAJ:URolC5Kub84C",
        "authors": "L Jiao, AM Tulino, J Llorca, Y Jin, A Sala",
        "publication": "IEEE/ACM Transactions On Networking 25 (4), 2556-2570, 2017",
        "year": "2017"
    },
    {
        "title": "A unified Ruzsa-Szemer\u00e9di framework for finite-length coded caching",
        "link": "https://scholar.google.com/citations?view_op=view_citation&hl=en&user=AZ3SaZgAAAAJ&cstart=80&citation_for_view=AZ3SaZgAAAAJ:q3CdL3IzO_QC",
        "citation_id": "AZ3SaZgAAAAJ:q3CdL3IzO_QC",
        "authors": "K Shanmugam, AG Dimakis, J Llorca, AM Tulino",
        "publication": "2017 51st Asilomar Conference on Signals, Systems, and Computers, 631-635, 2017",
        "year": "2017"
    },
    {
        "title": "Devices and methods for content distribution in a communications network",
        "link": "https://scholar.google.com/citations?view_op=view_citation&hl=en&user=AZ3SaZgAAAAJ&cstart=80&citation_for_view=AZ3SaZgAAAAJ:uLbwQdceFCQC",
        "citation_id": "AZ3SaZgAAAAJ:uLbwQdceFCQC",
        "authors": "J Llorca, A Tulino",
        "publication": "US Patent 9,578,099, 2017",
        "year": "2017"
    },
    {
        "title": "Blended antenna wearables for an unconstrained mobile experience",
        "link": "https://scholar.google.com/citations?view_op=view_citation&hl=en&user=AZ3SaZgAAAAJ&cstart=100&citation_for_view=AZ3SaZgAAAAJ:hMsQuOkrut0C",
        "citation_id": "AZ3SaZgAAAAJ:hMsQuOkrut0C",
        "authors": "M Sanchez-Fernandez, A Tulino, E Rajo-Iglesias, J Llorca, AG Armada",
        "publication": "IEEE Communications Magazine 55 (4), 160-168, 2017",
        "year": "2017"
    },
    {
        "title": "Rate-memory trade-off for the two-user broadcast caching network with correlated sources",
        "link": "https://scholar.google.com/citations?view_op=view_citation&hl=en&user=AZ3SaZgAAAAJ&cstart=100&citation_for_view=AZ3SaZgAAAAJ:KUbvn5osdkgC",
        "citation_id": "AZ3SaZgAAAAJ:KUbvn5osdkgC",
        "authors": "P Hassanzadeh, AM Tulino, J Llorca, E Erkip",
        "publication": "2017 IEEE International Symposium on Information Theory (ISIT), 1227-1231, 2017",
        "year": "2017"
    },
    {
        "title": "On the delivery of augmented information services over wireless computing networks",
        "link": "https://scholar.google.com/citations?view_op=view_citation&hl=en&user=AZ3SaZgAAAAJ&cstart=120&citation_for_view=AZ3SaZgAAAAJ:VaXvl8Fpj5cC",
        "citation_id": "AZ3SaZgAAAAJ:VaXvl8Fpj5cC",
        "authors": "H Feng, J Llorca, AM Tulino, AF Molisch",
        "publication": "2017 IEEE International Conference on Communications (ICC), 1-7, 2017",
        "year": "2017"
    },
    {
        "title": "Achievable rates of multidimensional multisphere distributions",
        "link": "https://scholar.google.com/citations?view_op=view_citation&hl=en&user=AZ3SaZgAAAAJ&cstart=120&citation_for_view=AZ3SaZgAAAAJ:tuHXwOkdijsC",
        "citation_id": "AZ3SaZgAAAAJ:tuHXwOkdijsC",
        "authors": "J Karout, RJ Essiambre, E Agrell, A Tulino",
        "publication": "2017 Optical Fiber Communications Conference and Exhibition (OFC), 1-3, 2017",
        "year": "2017"
    },
    {
        "title": "Broadcast caching networks with two receivers and multiple correlated sources",
        "link": "https://scholar.google.com/citations?view_op=view_citation&hl=en&user=AZ3SaZgAAAAJ&cstart=140&citation_for_view=AZ3SaZgAAAAJ:S16KYo8Pm5AC",
        "citation_id": "AZ3SaZgAAAAJ:S16KYo8Pm5AC",
        "authors": "P Hassanzadeh, AM Tulino, J Llorca, E Erkip",
        "publication": "2017 51st Asilomar Conference on Signals, Systems, and Computers, 1449-1454, 2017",
        "year": "2017"
    },
    {
        "title": "Truncated polynomial expansion downlink precoders and uplink detectors for massive MIMO",
        "link": "https://scholar.google.com/citations?view_op=view_citation&hl=en&user=AZ3SaZgAAAAJ&cstart=140&citation_for_view=AZ3SaZgAAAAJ:e_rmSamDkqQC",
        "citation_id": "AZ3SaZgAAAAJ:e_rmSamDkqQC",
        "authors": "A Benzin, G Caire, Y Shadmi, A Tulino",
        "publication": "arXiv preprint arXiv:1711.04141, 2017",
        "year": "2017"
    },
    {
        "title": "Optimal content distribution and multi-resource allocation in software defined virtual CDNs",
        "link": "https://scholar.google.com/citations?view_op=view_citation&hl=en&user=AZ3SaZgAAAAJ&cstart=160&citation_for_view=AZ3SaZgAAAAJ:-FonjvnnhkoC",
        "citation_id": "AZ3SaZgAAAAJ:-FonjvnnhkoC",
        "authors": "J Llorca, AM Tulino, A Sforza, C Sterle",
        "publication": "Optimization and Decision Science: Methodologies and Applications: ODS \u2026, 2017",
        "year": "2017"
    },
    {
        "title": "Impact of channel state information on wireless computing network control",
        "link": "https://scholar.google.com/citations?view_op=view_citation&hl=en&user=AZ3SaZgAAAAJ&cstart=180&citation_for_view=AZ3SaZgAAAAJ:ruyezt5ZtCIC",
        "citation_id": "AZ3SaZgAAAAJ:ruyezt5ZtCIC",
        "authors": "H Feng, J Llorca, AM Tulino, AF Molisch",
        "publication": "2017 51st Asilomar Conference on Signals, Systems, and Computers, 519-525, 2017",
        "year": "2017"
    },
    {
        "title": "Optimization for Networks and Object Recognition.",
        "link": "https://scholar.google.com/citations?view_op=view_citation&hl=en&user=AZ3SaZgAAAAJ&cstart=220&citation_for_view=AZ3SaZgAAAAJ:HtS1dXgVpQUC",
        "citation_id": "AZ3SaZgAAAAJ:HtS1dXgVpQUC",
        "authors": "G Vettigli, AM Tulino",
        "publication": "University of Naples Federico II, Italy, 2017",
        "year": "2017"
    },
    {
        "title": "IoT-cloud service optimization in next generation smart environments",
        "link": "https://scholar.google.com/citations?view_op=view_citation&hl=en&user=AZ3SaZgAAAAJ&citation_for_view=AZ3SaZgAAAAJ:4MWp96NkSFoC",
        "citation_id": "AZ3SaZgAAAAJ:4MWp96NkSFoC",
        "authors": "M Barcelo, A Correa, J Llorca, AM Tulino, JL Vicario, A Morell",
        "publication": "IEEE Journal on Selected Areas in Communications 34 (12), 4077-4090, 2016",
        "year": "2016"
    },
    {
        "title": "Finite-length analysis of caching-aided coded multicasting",
        "link": "https://scholar.google.com/citations?view_op=view_citation&hl=en&user=AZ3SaZgAAAAJ&citation_for_view=AZ3SaZgAAAAJ:1yQoGdGgb4wC",
        "citation_id": "AZ3SaZgAAAAJ:1yQoGdGgb4wC",
        "authors": "K Shanmugam, M Ji, AM Tulino, J Llorca, AG Dimakis",
        "publication": "IEEE Transactions on Information Theory 62 (10), 5524-5537, 2016",
        "year": "2016"
    },
    {
        "title": "Speeding up future video distribution via channel-aware caching-aided coded multicast",
        "link": "https://scholar.google.com/citations?view_op=view_citation&hl=en&user=AZ3SaZgAAAAJ&cstart=60&citation_for_view=AZ3SaZgAAAAJ:epqYDVWIO7EC",
        "citation_id": "AZ3SaZgAAAAJ:epqYDVWIO7EC",
        "authors": "AS Cacciapuoti, M Caleffi, M Ji, J Llorca, AM Tulino",
        "publication": "IEEE Journal on Selected Areas in Communications 34 (8), 2207-2218, 2016",
        "year": "2016"
    },
    {
        "title": "Dynamic network service optimization in distributed cloud networks",
        "link": "https://scholar.google.com/citations?view_op=view_citation&hl=en&user=AZ3SaZgAAAAJ&cstart=60&citation_for_view=AZ3SaZgAAAAJ:Z5m8FVwuT1cC",
        "citation_id": "AZ3SaZgAAAAJ:Z5m8FVwuT1cC",
        "authors": "H Feng, J Llorca, AM Tulino, AF Molisch",
        "publication": "2016 IEEE Conference on Computer Communications Workshops (INFOCOM WKSHPS \u2026, 2016",
        "year": "2016"
    },
    {
        "title": "Cache-aided coded multicast for correlated sources",
        "link": "https://scholar.google.com/citations?view_op=view_citation&hl=en&user=AZ3SaZgAAAAJ&cstart=60&citation_for_view=AZ3SaZgAAAAJ:ML0RJ9NH7IQC",
        "citation_id": "AZ3SaZgAAAAJ:ML0RJ9NH7IQC",
        "authors": "P Hassanzadeh, A Tulino, J Llorca, E Erkip",
        "publication": "2016 9th International Symposium on Turbo Codes and Iterative Information \u2026, 2016",
        "year": "2016"
    },
    {
        "title": "Correlation-aware distributed caching and coded delivery",
        "link": "https://scholar.google.com/citations?view_op=view_citation&hl=en&user=AZ3SaZgAAAAJ&cstart=80&citation_for_view=AZ3SaZgAAAAJ:zLWjf1WUPmwC",
        "citation_id": "AZ3SaZgAAAAJ:zLWjf1WUPmwC",
        "authors": "P Hassanzadeh, A Tulino, J Llorca, E Erkip",
        "publication": "2016 IEEE Information Theory Workshop (ITW), 166-170, 2016",
        "year": "2016"
    },
    {
        "title": "MC3: A cloud caching strategy for next generation virtual content distribution networks",
        "link": "https://scholar.google.com/citations?view_op=view_citation&hl=en&user=AZ3SaZgAAAAJ&cstart=100&citation_for_view=AZ3SaZgAAAAJ:EkHepimYqZsC",
        "citation_id": "AZ3SaZgAAAAJ:EkHepimYqZsC",
        "authors": "P Marchetta, J Llorca, AM Tulino, A Pescap\u00e9",
        "publication": "2016 IFIP Networking Conference (IFIP Networking) and Workshops, 332-340, 2016",
        "year": "2016"
    },
    {
        "title": "Compressed sensing algorithms for ofdm channel estimation",
        "link": "https://scholar.google.com/citations?view_op=view_citation&hl=en&user=AZ3SaZgAAAAJ&cstart=160&citation_for_view=AZ3SaZgAAAAJ:BwyfMAYsbu0C",
        "citation_id": "AZ3SaZgAAAAJ:BwyfMAYsbu0C",
        "authors": "J Ling, D Chizhik, A Tulino, I Esnaola",
        "publication": "arXiv preprint arXiv:1612.07761, 2016",
        "year": "2016"
    },
    {
        "title": "Devices and methods for network-coded and caching-aided content distribution",
        "link": "https://scholar.google.com/citations?view_op=view_citation&hl=en&user=AZ3SaZgAAAAJ&cstart=160&citation_for_view=AZ3SaZgAAAAJ:JQOojiI6XY0C",
        "citation_id": "AZ3SaZgAAAAJ:JQOojiI6XY0C",
        "authors": "A Tulino, J Llorca, K Shanmugam",
        "publication": "US Patent 9,503,525, 2016",
        "year": "2016"
    },
    {
        "title": "Devices and methods for network-coded and caching-aided content distribution",
        "link": "https://scholar.google.com/citations?view_op=view_citation&hl=en&user=AZ3SaZgAAAAJ&cstart=180&citation_for_view=AZ3SaZgAAAAJ:W5xh706n7nkC",
        "citation_id": "AZ3SaZgAAAAJ:W5xh706n7nkC",
        "authors": "A Tulino, J Llorca",
        "publication": "US Patent 9,509,774, 2016",
        "year": "2016"
    },
    {
        "title": "Achievable rates of multidimensional rotationally invariant distributions",
        "link": "https://scholar.google.com/citations?view_op=view_citation&hl=en&user=AZ3SaZgAAAAJ&cstart=180&citation_for_view=AZ3SaZgAAAAJ:uc_IGeMz5qoC",
        "citation_id": "AZ3SaZgAAAAJ:uc_IGeMz5qoC",
        "authors": "J Karout, RJ Essiambre, E Agrell, A Tulino",
        "publication": "arXiv preprint arXiv:1604.04256, 2016",
        "year": "2016"
    },
    {
        "title": "Memory-rate trade-off for caching and delivery of correlated sources",
        "link": "https://scholar.google.com/citations?view_op=view_citation&hl=en&user=AZ3SaZgAAAAJ&cstart=240&citation_for_view=AZ3SaZgAAAAJ:g3aElNc5_aQC",
        "citation_id": "AZ3SaZgAAAAJ:g3aElNc5_aQC",
        "authors": "P Hassanzadeh, A Tulino, J Llorca, E Erkip",
        "publication": "2016 IEEE 37th Sarnoff Symposium, 1-2, 2016",
        "year": "2016"
    },
    {
        "title": "On the impact of lossy channels in wireless edge caching",
        "link": "https://scholar.google.com/citations?view_op=view_citation&hl=en&user=AZ3SaZgAAAAJ&cstart=240&citation_for_view=AZ3SaZgAAAAJ:uWiczbcajpAC",
        "citation_id": "AZ3SaZgAAAAJ:uWiczbcajpAC",
        "authors": "AS Cacciapuoti, M Caleffi, M Ji, J Llorca, AM Tulino",
        "publication": "2016 IEEE International Conference on Communications (ICC), 1-7, 2016",
        "year": "2016"
    },
    {
        "title": "Methods and systems for determining crosstalk for a joining line in a vectored system",
        "link": "https://scholar.google.com/citations?view_op=view_citation&hl=en&user=AZ3SaZgAAAAJ&cstart=240&citation_for_view=AZ3SaZgAAAAJ:9Nmd_mFXekcC",
        "citation_id": "AZ3SaZgAAAAJ:9Nmd_mFXekcC",
        "authors": "CJ Nuzman, A Tulino, E Soljanin",
        "publication": "US Patent 9,258,410, 2016",
        "year": "2016"
    },
    {
        "title": "Optimal dynamic cloud network control",
        "link": "https://scholar.google.com/citations?view_op=view_citation&hl=en&user=AZ3SaZgAAAAJ&cstart=240&citation_for_view=AZ3SaZgAAAAJ:wKETBy42zhYC",
        "citation_id": "AZ3SaZgAAAAJ:wKETBy42zhYC",
        "authors": "J Llorca, A Tulino",
        "publication": null,
        "year": "2016"
    },
    {
        "title": "Channel-aware caching-aided coded multicast",
        "link": "https://scholar.google.com/citations?view_op=view_citation&hl=en&user=AZ3SaZgAAAAJ&cstart=240&citation_for_view=AZ3SaZgAAAAJ:kVjdVfd2voEC",
        "citation_id": "AZ3SaZgAAAAJ:kVjdVfd2voEC",
        "authors": "A Tulino, J LLORCA SANZ",
        "publication": null,
        "year": "2016"
    },
    {
        "title": "On the fundamental limits of caching in combination networks",
        "link": "https://scholar.google.com/citations?view_op=view_citation&hl=en&user=AZ3SaZgAAAAJ&cstart=20&citation_for_view=AZ3SaZgAAAAJ:kzcrU_BdoSEC",
        "citation_id": "AZ3SaZgAAAAJ:kzcrU_BdoSEC",
        "authors": "M Ji, MF Wong, AM Tulino, J Llorca, G Caire, M Effros, M Langberg",
        "publication": "2015 IEEE 16th International Workshop on Signal Processing Advances in \u2026, 2015",
        "year": "2015"
    },
    {
        "title": "Caching-aided coded multicasting with multiple random requests",
        "link": "https://scholar.google.com/citations?view_op=view_citation&hl=en&user=AZ3SaZgAAAAJ&cstart=40&citation_for_view=AZ3SaZgAAAAJ:UHK10RUVsp4C",
        "citation_id": "AZ3SaZgAAAAJ:UHK10RUVsp4C",
        "authors": "M Ji, A Tulino, J Llorca, G Caire",
        "publication": "2015 IEEE Information Theory Workshop (ITW), 1-5, 2015",
        "year": "2015"
    },
    {
        "title": "An efficient multiple-groupcast coded multicasting scheme for finite fractional caching",
        "link": "https://scholar.google.com/citations?view_op=view_citation&hl=en&user=AZ3SaZgAAAAJ&cstart=40&citation_for_view=AZ3SaZgAAAAJ:NJ774b8OgUMC",
        "citation_id": "AZ3SaZgAAAAJ:NJ774b8OgUMC",
        "authors": "M Ji, K Shanmugam, G Vettigli, J Llorca, AM Tulino, G Caire",
        "publication": "2015 IEEE International Conference on Communications (ICC), 3801-3806, 2015",
        "year": "2015"
    },
    {
        "title": "The cloud service distribution problem in distributed cloud networks",
        "link": "https://scholar.google.com/citations?view_op=view_citation&hl=en&user=AZ3SaZgAAAAJ&cstart=60&citation_for_view=AZ3SaZgAAAAJ:7T2F9Uy0os0C",
        "citation_id": "AZ3SaZgAAAAJ:7T2F9Uy0os0C",
        "authors": "M Barcelo, J Llorca, AM Tulino, N Raman",
        "publication": "2015 IEEE International Conference on Communications (ICC), 344-350, 2015",
        "year": "2015"
    },
    {
        "title": "Hypergraph-based analysis of clustered co-operative beamforming with application to edge caching",
        "link": "https://scholar.google.com/citations?view_op=view_citation&hl=en&user=AZ3SaZgAAAAJ&cstart=60&citation_for_view=AZ3SaZgAAAAJ:_Re3VWB3Y0AC",
        "citation_id": "AZ3SaZgAAAAJ:_Re3VWB3Y0AC",
        "authors": "B Azari, O Simeone, U Spagnolini, AM Tulino",
        "publication": "IEEE Wireless Communications Letters 5 (1), 84-87, 2015",
        "year": "2015"
    },
    {
        "title": "Caching in combination networks",
        "link": "https://scholar.google.com/citations?view_op=view_citation&hl=en&user=AZ3SaZgAAAAJ&cstart=60&citation_for_view=AZ3SaZgAAAAJ:0KyAp5RtaNEC",
        "citation_id": "AZ3SaZgAAAAJ:0KyAp5RtaNEC",
        "authors": "M Ji, AM Tulino, J Llorca, G Caire",
        "publication": "2015 49th Asilomar Conference on Signals, Systems and Computers, 1269-1273, 2015",
        "year": "2015"
    },
    {
        "title": "Distortion-memory tradeoffs in cache-aided wireless video delivery",
        "link": "https://scholar.google.com/citations?view_op=view_citation&hl=en&user=AZ3SaZgAAAAJ&cstart=60&citation_for_view=AZ3SaZgAAAAJ:j8SEvjWlNXcC",
        "citation_id": "AZ3SaZgAAAAJ:j8SEvjWlNXcC",
        "authors": "P Hassanzadeh, E Erkip, J Llorca, A Tulino",
        "publication": "2015 53rd Annual Allerton Conference on Communication, Control, and \u2026, 2015",
        "year": "2015"
    },
    {
        "title": "An efficient coded multicasting scheme preserving the multiplicative caching gain",
        "link": "https://scholar.google.com/citations?view_op=view_citation&hl=en&user=AZ3SaZgAAAAJ&cstart=60&citation_for_view=AZ3SaZgAAAAJ:Fu2w8maKXqMC",
        "citation_id": "AZ3SaZgAAAAJ:Fu2w8maKXqMC",
        "authors": "G Vettigli, M Ji, AM Tulino, J Llorca, P Festa",
        "publication": "2015 IEEE Conference on Computer Communications Workshops (INFOCOM WKSHPS \u2026, 2015",
        "year": "2015"
    },
    {
        "title": "Secrecy capacities in space-division multiplexed fiber optic communication systems",
        "link": "https://scholar.google.com/citations?view_op=view_citation&hl=en&user=AZ3SaZgAAAAJ&cstart=60&citation_for_view=AZ3SaZgAAAAJ:dQ2og3OwTAUC",
        "citation_id": "AZ3SaZgAAAAJ:dQ2og3OwTAUC",
        "authors": "K Guan, AM Tulino, PJ Winzer, E Soljanin",
        "publication": "IEEE Transactions on Information Forensics and Security 10 (7), 1325-1335, 2015",
        "year": "2015"
    },
    {
        "title": "Energy efficient dynamic content distribution",
        "link": "https://scholar.google.com/citations?view_op=view_citation&hl=en&user=AZ3SaZgAAAAJ&cstart=80&citation_for_view=AZ3SaZgAAAAJ:tzM49s52ZIMC",
        "citation_id": "AZ3SaZgAAAAJ:tzM49s52ZIMC",
        "authors": "J Llorca, AM Tulino, M Varvello, J Esteban, D Perino",
        "publication": "IEEE Journal on Selected Areas in Communications 33 (12), 2826-2836, 2015",
        "year": "2015"
    },
    {
        "title": "Joint content-resource allocation in software defined virtual CDNs",
        "link": "https://scholar.google.com/citations?view_op=view_citation&hl=en&user=AZ3SaZgAAAAJ&cstart=80&citation_for_view=AZ3SaZgAAAAJ:tKAzc9rXhukC",
        "citation_id": "AZ3SaZgAAAAJ:tKAzc9rXhukC",
        "authors": "J Llorca, C Sterle, AM Tulino, N Choi, A Sforza, AE Amideo",
        "publication": "2015 IEEE International Conference on Communication Workshop (ICCW), 1839-1844, 2015",
        "year": "2015"
    },
    {
        "title": "Enhanced physical layer security of MIMO-SDM systems through information scrambling",
        "link": "https://scholar.google.com/citations?view_op=view_citation&hl=en&user=AZ3SaZgAAAAJ&cstart=120&citation_for_view=AZ3SaZgAAAAJ:nrtMV_XWKgEC",
        "citation_id": "AZ3SaZgAAAAJ:nrtMV_XWKgEC",
        "authors": "K Guan, J Cho, PJ Winzer, AM Tulino, E Soljanin",
        "publication": "2015 European Conference on Optical Communication (ECOC), 1-3, 2015",
        "year": "2015"
    },
    {
        "title": "System and method for managing network information",
        "link": "https://scholar.google.com/citations?view_op=view_citation&hl=en&user=AZ3SaZgAAAAJ&cstart=140&citation_for_view=AZ3SaZgAAAAJ:ZuybSZzF8UAC",
        "citation_id": "AZ3SaZgAAAAJ:ZuybSZzF8UAC",
        "authors": "J Llorca, A Tulino",
        "publication": "US Patent 9,112,807, 2015",
        "year": "2015"
    },
    {
        "title": "Physical layer security of space-division multiplexed fiber-optic communication systems in the presence of multiple eavesdroppers",
        "link": "https://scholar.google.com/citations?view_op=view_citation&hl=en&user=AZ3SaZgAAAAJ&cstart=160&citation_for_view=AZ3SaZgAAAAJ:yB1At4FlUx8C",
        "citation_id": "AZ3SaZgAAAAJ:yB1At4FlUx8C",
        "authors": "K Guan, PJ Winzer, AM Tulino, E Soljanin",
        "publication": "2015 IEEE Global Communications Conference (GLOBECOM), 1-6, 2015",
        "year": "2015"
    },
    {
        "title": "Method and system for a reduced-complexity scheduling for a network MIMO with linear zero-forcing beamforming",
        "link": "https://scholar.google.com/citations?view_op=view_citation&hl=en&user=AZ3SaZgAAAAJ&cstart=160&citation_for_view=AZ3SaZgAAAAJ:kRWSkSYxWN8C",
        "citation_id": "AZ3SaZgAAAAJ:kRWSkSYxWN8C",
        "authors": "A Tulino",
        "publication": "US Patent 9,137,818, 2015",
        "year": "2015"
    },
    {
        "title": "Asymptotic singular value distributions in information theory",
        "link": "https://scholar.google.com/citations?view_op=view_citation&hl=en&user=AZ3SaZgAAAAJ&cstart=200&citation_for_view=AZ3SaZgAAAAJ:Ri6SYOTghG4C",
        "citation_id": "AZ3SaZgAAAAJ:Ri6SYOTghG4C",
        "authors": "A Tulino, S Verdu",
        "publication": null,
        "year": "2015"
    },
    {
        "title": "Theory of intermodal four-wave mixing with random linear mode coupling in few-mode fibers",
        "link": "https://scholar.google.com/citations?view_op=view_citation&hl=en&user=AZ3SaZgAAAAJ&citation_for_view=AZ3SaZgAAAAJ:VL0QpB8kHFEC",
        "citation_id": "AZ3SaZgAAAAJ:VL0QpB8kHFEC",
        "authors": "Y Xiao, RJ Essiambre, M Desgroseilliers, AM Tulino, R Ryf, S Mumtaz, ...",
        "publication": "Optics express 22 (26), 32039-32059, 2014",
        "year": "2014"
    },
    {
        "title": "On the average performance of caching and coded multicasting with random demands",
        "link": "https://scholar.google.com/citations?view_op=view_citation&hl=en&user=AZ3SaZgAAAAJ&cstart=20&citation_for_view=AZ3SaZgAAAAJ:LjlpjdlvIbIC",
        "citation_id": "AZ3SaZgAAAAJ:LjlpjdlvIbIC",
        "authors": "M Ji, AM Tulino, J Llorca, G Caire",
        "publication": "2014 11th International Symposium on Wireless Communications Systems (ISWCS \u2026, 2014",
        "year": "2014"
    },
    {
        "title": "Caching and coded multicasting: Multiple groupcast index coding",
        "link": "https://scholar.google.com/citations?view_op=view_citation&hl=en&user=AZ3SaZgAAAAJ&cstart=20&citation_for_view=AZ3SaZgAAAAJ:PR6Y55bgFSsC",
        "citation_id": "AZ3SaZgAAAAJ:PR6Y55bgFSsC",
        "authors": "M Ji, AM Tulino, J Llorca, G Caire",
        "publication": "2014 IEEE Global Conference on Signal and Information Processing (GlobalSIP \u2026, 2014",
        "year": "2014"
    },
    {
        "title": "Interference coordination for communication network",
        "link": "https://scholar.google.com/citations?view_op=view_citation&hl=en&user=AZ3SaZgAAAAJ&cstart=40&citation_for_view=AZ3SaZgAAAAJ:vRqMK49ujn8C",
        "citation_id": "AZ3SaZgAAAAJ:vRqMK49ujn8C",
        "authors": "AM Tulino, GJ Foschini, RA Valenzuela",
        "publication": "US Patent 8,867,984, 2014",
        "year": "2014"
    },
    {
        "title": "Order optimal coded caching-aided multicast under zipf demand distributions",
        "link": "https://scholar.google.com/citations?view_op=view_citation&hl=en&user=AZ3SaZgAAAAJ&cstart=80&citation_for_view=AZ3SaZgAAAAJ:JoZmwDi-zQgC",
        "citation_id": "AZ3SaZgAAAAJ:JoZmwDi-zQgC",
        "authors": "M Ji, AM Tulino, J Llorca, G Caire",
        "publication": "The Eleventh International Symposium on Wireless Communication Systems (ISWCS), 2014",
        "year": "2014"
    },
    {
        "title": "Order optimal coded delivery and caching: Multiple groupcast index coding",
        "link": "https://scholar.google.com/citations?view_op=view_citation&hl=en&user=AZ3SaZgAAAAJ&cstart=80&citation_for_view=AZ3SaZgAAAAJ:PELIpwtuRlgC",
        "citation_id": "AZ3SaZgAAAAJ:PELIpwtuRlgC",
        "authors": "M Ji, AM Tulino, J Llorca, G Caire",
        "publication": "arXiv preprint arXiv:1402.4572, 2014",
        "year": "2014"
    },
    {
        "title": "An error probability approach for quantifying physical layer security of MIMO-SDM systems",
        "link": "https://scholar.google.com/citations?view_op=view_citation&hl=en&user=AZ3SaZgAAAAJ&cstart=140&citation_for_view=AZ3SaZgAAAAJ:ye4kPcJQO24C",
        "citation_id": "AZ3SaZgAAAAJ:ye4kPcJQO24C",
        "authors": "K Guan, PJ Winzer, AM Tulino, E Soljanin",
        "publication": "2014 The European Conference on Optical Communication (ECOC), 1-3, 2014",
        "year": "2014"
    },
    {
        "title": "Broadcast approach for the sparse-input random-sampled MIMO Gaussian channel",
        "link": "https://scholar.google.com/citations?view_op=view_citation&hl=en&user=AZ3SaZgAAAAJ&cstart=140&citation_for_view=AZ3SaZgAAAAJ:eq2jaN3J8jMC",
        "citation_id": "AZ3SaZgAAAAJ:eq2jaN3J8jMC",
        "authors": "A Tulino, G Caire, S Shamai",
        "publication": "2014 IEEE International Symposium on Information Theory, 621-625, 2014",
        "year": "2014"
    },
    {
        "title": "Method and apparatus for low complexity robust reconstruction of noisy signals",
        "link": "https://scholar.google.com/citations?view_op=view_citation&hl=en&user=AZ3SaZgAAAAJ&cstart=160&citation_for_view=AZ3SaZgAAAAJ:VOx2b1Wkg3QC",
        "citation_id": "AZ3SaZgAAAAJ:VOx2b1Wkg3QC",
        "authors": "AM Tulino, JI Esnaola",
        "publication": "US Patent 8,681,902, 2014",
        "year": "2014"
    },
    {
        "title": "Wireless communication systems, relay systems and methods of relaying data",
        "link": "https://scholar.google.com/citations?view_op=view_citation&hl=en&user=AZ3SaZgAAAAJ&cstart=180&citation_for_view=AZ3SaZgAAAAJ:V3AGJWp-ZtQC",
        "citation_id": "AZ3SaZgAAAAJ:V3AGJWp-ZtQC",
        "authors": "A Tulino, G Foschini, RA Valenzuela",
        "publication": "US Patent 8,811,246, 2014",
        "year": "2014"
    },
    {
        "title": "A proper throughput-leakage balance for downlink cellular networks",
        "link": "https://scholar.google.com/citations?view_op=view_citation&hl=en&user=AZ3SaZgAAAAJ&cstart=240&citation_for_view=AZ3SaZgAAAAJ:5awf1xo2G04C",
        "citation_id": "AZ3SaZgAAAAJ:5awf1xo2G04C",
        "authors": "A Hindy, A El-Keyi, M Nafie, AM Tulino",
        "publication": "2014 IEEE Wireless Communications and Networking Conference (WCNC), 111-115, 2014",
        "year": "2014"
    },
    {
        "title": "Secrecy Capacity for Optical Communication Systems",
        "link": "https://scholar.google.com/citations?view_op=view_citation&hl=en&user=AZ3SaZgAAAAJ&cstart=240&citation_for_view=AZ3SaZgAAAAJ:L1USKYWJimsC",
        "citation_id": "AZ3SaZgAAAAJ:L1USKYWJimsC",
        "authors": "K Guan, PJ Winzer, E Soljanin, A Tulino",
        "publication": "40th European Conference and Exhibition on Optical Communication,, 2014",
        "year": "2014"
    },
    {
        "title": "Support recovery with sparsely sampled free random matrices",
        "link": "https://scholar.google.com/citations?view_op=view_citation&hl=en&user=AZ3SaZgAAAAJ&citation_for_view=AZ3SaZgAAAAJ:WbkHhVStYXYC",
        "citation_id": "AZ3SaZgAAAAJ:WbkHhVStYXYC",
        "authors": "AM Tulino, G Caire, S Verd\u00fa, S Shamai",
        "publication": "IEEE Transactions on Information Theory 59 (7), 4243-4271, 2013",
        "year": "2013"
    },
    {
        "title": "Dynamic in-network caching for energy efficient content delivery",
        "link": "https://scholar.google.com/citations?view_op=view_citation&hl=en&user=AZ3SaZgAAAAJ&cstart=20&citation_for_view=AZ3SaZgAAAAJ:wbdj-CoPYUoC",
        "citation_id": "AZ3SaZgAAAAJ:wbdj-CoPYUoC",
        "authors": "J Llorca, AM Tulino, K Guan, J Esteban, M Varvello, N Choi, DC Kilper",
        "publication": "2013 Proceedings IEEE INFOCOM, 245-249, 2013",
        "year": "2013"
    },
    {
        "title": "Network-coded caching-aided multicast for efficient content delivery",
        "link": "https://scholar.google.com/citations?view_op=view_citation&hl=en&user=AZ3SaZgAAAAJ&cstart=20&citation_for_view=AZ3SaZgAAAAJ:eMMeJKvmdy0C",
        "citation_id": "AZ3SaZgAAAAJ:eMMeJKvmdy0C",
        "authors": "J Llorca, AM Tulino, K Guan, DC Kilper",
        "publication": "2013 IEEE international conference on communications (ICC), 3557-3562, 2013",
        "year": "2013"
    },
    {
        "title": "Linear analog coding of correlated multivariate Gaussian sources",
        "link": "https://scholar.google.com/citations?view_op=view_citation&hl=en&user=AZ3SaZgAAAAJ&cstart=100&citation_for_view=AZ3SaZgAAAAJ:bnK-pcrLprsC",
        "citation_id": "AZ3SaZgAAAAJ:bnK-pcrLprsC",
        "authors": "I Esnaola, AM Tulino, J Garcia-Frias",
        "publication": "IEEE transactions on communications 61 (8), 3438-3447, 2013",
        "year": "2013"
    },
    {
        "title": "On the secrecy capacity of the space-division multiplexed fiber optical communication systems",
        "link": "https://scholar.google.com/citations?view_op=view_citation&hl=en&user=AZ3SaZgAAAAJ&cstart=120&citation_for_view=AZ3SaZgAAAAJ:Y5dfb0dijaUC",
        "citation_id": "AZ3SaZgAAAAJ:Y5dfb0dijaUC",
        "authors": "K Guan, PJ Winzer, E Soljanin, AM Tulino",
        "publication": "2013 IEEE Conference on Communications and Network Security (CNS), 207-214, 2013",
        "year": "2013"
    },
    {
        "title": "Achievable rate region for Gaussian MIMO MAC with partial CSI",
        "link": "https://scholar.google.com/citations?view_op=view_citation&hl=en&user=AZ3SaZgAAAAJ&cstart=140&citation_for_view=AZ3SaZgAAAAJ:eflP2zaiRacC",
        "citation_id": "AZ3SaZgAAAAJ:eflP2zaiRacC",
        "authors": "A Aubry, I Esnaola, AM Tulino, S Venkatesan",
        "publication": "IEEE transactions on information theory 59 (7), 4139-4170, 2013",
        "year": "2013"
    },
    {
        "title": "Methods and apparatuses for scheduling users in wireless networks",
        "link": "https://scholar.google.com/citations?view_op=view_citation&hl=en&user=AZ3SaZgAAAAJ&cstart=160&citation_for_view=AZ3SaZgAAAAJ:5Ul4iDaHHb8C",
        "citation_id": "AZ3SaZgAAAAJ:5Ul4iDaHHb8C",
        "authors": "A Tulino, J Ling",
        "publication": "US Patent App. 13/209,656, 2013",
        "year": "2013"
    },
    {
        "title": "Minimum cost caching-aided multicast under arbitrary demand",
        "link": "https://scholar.google.com/citations?view_op=view_citation&hl=en&user=AZ3SaZgAAAAJ&cstart=180&citation_for_view=AZ3SaZgAAAAJ:9vf0nzSNQJEC",
        "citation_id": "AZ3SaZgAAAAJ:9vf0nzSNQJEC",
        "authors": "J Llorca, AM Tulino",
        "publication": "2013 Asilomar Conference on Signals, Systems and Computers, 236-237, 2013",
        "year": "2013"
    },
    {
        "title": "A statistical physics approach to the wiretap channel",
        "link": "https://scholar.google.com/citations?view_op=view_citation&hl=en&user=AZ3SaZgAAAAJ&cstart=180&citation_for_view=AZ3SaZgAAAAJ:Mojj43d5GZwC",
        "citation_id": "AZ3SaZgAAAAJ:Mojj43d5GZwC",
        "authors": "I Esnaola, AM Tulino, HV Poor",
        "publication": "2013 IEEE International Symposium on Information Theory, 1332-1336, 2013",
        "year": "2013"
    },
    {
        "title": "Maximizing the signal to leakage ratio in downlink cellular networks",
        "link": "https://scholar.google.com/citations?view_op=view_citation&hl=en&user=AZ3SaZgAAAAJ&cstart=200&citation_for_view=AZ3SaZgAAAAJ:t6usbXjVLHcC",
        "citation_id": "AZ3SaZgAAAAJ:t6usbXjVLHcC",
        "authors": "A Hindy, A El-Keyi, M Nafie, AM Tulino",
        "publication": "2013 Third International Conference on Communications and Information \u2026, 2013",
        "year": "2013"
    },
    {
        "title": "SPADEDH: a sparsity-based denoising method of digital holograms without knowing the noise statistics",
        "link": "https://scholar.google.com/citations?view_op=view_citation&hl=en&user=AZ3SaZgAAAAJ&cstart=40&citation_for_view=AZ3SaZgAAAAJ:08ZZubdj9fEC",
        "citation_id": "AZ3SaZgAAAAJ:08ZZubdj9fEC",
        "authors": "P Memmolo, I Esnaola, A Finizio, M Paturzo, P Ferraro, AM Tulino",
        "publication": "Optics Express 20 (15), 17250-17257, 2012",
        "year": "2012"
    },
    {
        "title": "Adaptive MIMO signal processing for mode-division multiplexing",
        "link": "https://scholar.google.com/citations?view_op=view_citation&hl=en&user=AZ3SaZgAAAAJ&cstart=60&citation_for_view=AZ3SaZgAAAAJ:2P1L_qKh6hAC",
        "citation_id": "AZ3SaZgAAAAJ:2P1L_qKh6hAC",
        "authors": "S Randel, A Sierra, S Mumtaz, A Tulino, R Ryf, PJ Winzer, C Schmidt, ...",
        "publication": "OFC/NFOEC, 1-3, 2012",
        "year": "2012"
    },
    {
        "title": "On fading broadcast channels with partial channel state information at the transmitter",
        "link": "https://scholar.google.com/citations?view_op=view_citation&hl=en&user=AZ3SaZgAAAAJ&cstart=60&citation_for_view=AZ3SaZgAAAAJ:sSrBHYA8nusC",
        "citation_id": "AZ3SaZgAAAAJ:sSrBHYA8nusC",
        "authors": "R Tandon, MA Maddah-Ali, A Tulino, HV Poor, S Shamai",
        "publication": "2012 International Symposium on Wireless Communication Systems (ISWCS), 1004 \u2026, 2012",
        "year": "2012"
    },
    {
        "title": "Physical layer security in space-division multiplexed fiber optic communications",
        "link": "https://scholar.google.com/citations?view_op=view_citation&hl=en&user=AZ3SaZgAAAAJ&cstart=120&citation_for_view=AZ3SaZgAAAAJ:q3oQSFYPqjQC",
        "citation_id": "AZ3SaZgAAAAJ:q3oQSFYPqjQC",
        "authors": "K Guan, EC Song, E Soljanin, PJ Winzer, AM Tulino",
        "publication": "2012 conference record of the forty sixth asilomar conference on signals \u2026, 2012",
        "year": "2012"
    },
    {
        "title": "Base station selection and per-cell codebook optimization for CoMP with joint processing",
        "link": "https://scholar.google.com/citations?view_op=view_citation&hl=en&user=AZ3SaZgAAAAJ&cstart=140&citation_for_view=AZ3SaZgAAAAJ:geHnlv5EZngC",
        "citation_id": "AZ3SaZgAAAAJ:geHnlv5EZngC",
        "authors": "P Baracca, F Boccardi, V Braun, A Tulino",
        "publication": "2012 IEEE 23rd International Symposium on Personal, Indoor and Mobile Radio \u2026, 2012",
        "year": "2012"
    },
    {
        "title": "Mismatched MMSE estimation of multivariate Gaussian sources",
        "link": "https://scholar.google.com/citations?view_op=view_citation&hl=en&user=AZ3SaZgAAAAJ&cstart=140&citation_for_view=AZ3SaZgAAAAJ:4fKUyHm3Qg0C",
        "citation_id": "AZ3SaZgAAAAJ:4fKUyHm3Qg0C",
        "authors": "I Esnaola, AM Tulino, HV Poor",
        "publication": "2012 IEEE International Symposium on Information Theory Proceedings, 716-720, 2012",
        "year": "2012"
    },
    {
        "title": "Resource allocation for throughput enhancement in cellular shared relay networks",
        "link": "https://scholar.google.com/citations?view_op=view_citation&hl=en&user=AZ3SaZgAAAAJ&cstart=200&citation_for_view=AZ3SaZgAAAAJ:tOudhMTPpwUC",
        "citation_id": "AZ3SaZgAAAAJ:tOudhMTPpwUC",
        "authors": "M Fadel, A Hindy, A El-Keyi, M Nafie, OO Koyluoglu, AM Tulino",
        "publication": "2012 35th IEEE Sarnoff Symposium, 1-6, 2012",
        "year": "2012"
    },
    {
        "title": "Channel estimation impact over MIMO-MAC achievable rates",
        "link": "https://scholar.google.com/citations?view_op=view_citation&hl=en&user=AZ3SaZgAAAAJ&cstart=240&citation_for_view=AZ3SaZgAAAAJ:l7t_Zn2s7bgC",
        "citation_id": "AZ3SaZgAAAAJ:l7t_Zn2s7bgC",
        "authors": "I Esnaola, AM Tulino, V Venkatesan, J Ling",
        "publication": "2012 IEEE International Conference on Communications (ICC), 2521-2525, 2012",
        "year": "2012"
    },
    {
        "title": "A new algorithm for digital holograms denoising based on compressed sensing",
        "link": "https://scholar.google.com/citations?view_op=view_citation&hl=en&user=AZ3SaZgAAAAJ&cstart=240&citation_for_view=AZ3SaZgAAAAJ:cFHS6HbyZ2cC",
        "citation_id": "AZ3SaZgAAAAJ:cFHS6HbyZ2cC",
        "authors": "P Memmolo, I Esnaola, A Finizio, M Paturzo, P Ferraro, AM Tulino",
        "publication": "Optical Modelling and Design II 8429, 443-449, 2012",
        "year": "2012"
    },
    {
        "title": "JOINT FEEDBACK PARTITIONING SIGNALING AND TP SELECTION",
        "link": "https://scholar.google.com/citations?view_op=view_citation&hl=en&user=AZ3SaZgAAAAJ&cstart=240&citation_for_view=AZ3SaZgAAAAJ:WHdLCjDvYFkC",
        "citation_id": "AZ3SaZgAAAAJ:WHdLCjDvYFkC",
        "authors": "P Baracca, F Boccardi, V Braun, A Tulino",
        "publication": null,
        "year": "2012"
    },
    {
        "title": "Member of the Editorial Board of the IEEE Transactions on Information Theory, from 2011 to 2013",
        "link": "https://scholar.google.com/citations?view_op=view_citation&hl=en&user=AZ3SaZgAAAAJ&cstart=240&citation_for_view=AZ3SaZgAAAAJ:1taIhTC69MYC",
        "citation_id": "AZ3SaZgAAAAJ:1taIhTC69MYC",
        "authors": "A Tulino",
        "publication": null,
        "year": "2012"
    },
    {
        "title": "System and method for managing network information",
        "link": "https://scholar.google.com/citations?view_op=view_citation&hl=en&user=AZ3SaZgAAAAJ&cstart=240&citation_for_view=AZ3SaZgAAAAJ:7Hz3ACDFbsoC",
        "citation_id": "AZ3SaZgAAAAJ:7Hz3ACDFbsoC",
        "authors": "J Llorca, A Tulino",
        "publication": null,
        "year": "2012"
    }
]