[
    {
        "title": "a Look Back 10 and 25 voLuMes ago",
        "link": "https://scholar.google.com/citations?view_op=view_citation&hl=en&user=PfKNK8gAAAAJ&cstart=160&citation_for_view=PfKNK8gAAAAJ:sszUF3NjhM4C",
        "citation_id": "PfKNK8gAAAAJ:sszUF3NjhM4C",
        "authors": "CK Alexander, F Kocsis, E Auer, N Fujii, L Bernstein, FR Bartsch, ...",
        "publication": "IEEE Communications Magazine, 12, 2022",
        "year": "2022"
    },
    {
        "title": "Systems and methods for monitoring endoluminal valve formation",
        "link": "https://scholar.google.com/citations?view_op=view_citation&hl=en&user=PfKNK8gAAAAJ&cstart=60&citation_for_view=PfKNK8gAAAAJ:BzfGm06jWhQC",
        "citation_id": "PfKNK8gAAAAJ:BzfGm06jWhQC",
        "authors": "J Stigall, D Goodman",
        "publication": "US Patent App. 14/491,383, 2015",
        "year": "2015"
    },
    {
        "title": "Probability and stochastic processes: a friendly introduction for electrical and computer engineers",
        "link": "https://scholar.google.com/citations?view_op=view_citation&hl=en&user=PfKNK8gAAAAJ&citation_for_view=PfKNK8gAAAAJ:Ak0FvsSvgGUC",
        "citation_id": "PfKNK8gAAAAJ:Ak0FvsSvgGUC",
        "authors": "RD Yates, DJ Goodman",
        "publication": "John Wiley & Sons, 2014",
        "year": "2014"
    },
    {
        "title": "Implant delivery system and implants",
        "link": "https://scholar.google.com/citations?view_op=view_citation&hl=en&user=PfKNK8gAAAAJ&cstart=40&citation_for_view=PfKNK8gAAAAJ:v1_lew4L6wgC",
        "citation_id": "PfKNK8gAAAAJ:v1_lew4L6wgC",
        "authors": "J Stigall, J Lauinger, D Goodman",
        "publication": "US Patent App. 14/134,324, 2014",
        "year": "2014"
    },
    {
        "title": "Catheter with balloon and imaging",
        "link": "https://scholar.google.com/citations?view_op=view_citation&hl=en&user=PfKNK8gAAAAJ&cstart=60&citation_for_view=PfKNK8gAAAAJ:cK4Rrx0J3m0C",
        "citation_id": "PfKNK8gAAAAJ:cK4Rrx0J3m0C",
        "authors": "B Millett, D Goodman",
        "publication": "US Patent App. 14/135,833, 2014",
        "year": "2014"
    },
    {
        "title": "Assessment of varicose vein ablation via imaging or functional measurement analysis",
        "link": "https://scholar.google.com/citations?view_op=view_citation&hl=en&user=PfKNK8gAAAAJ&cstart=80&citation_for_view=PfKNK8gAAAAJ:U4n9YNQMCAIC",
        "citation_id": "PfKNK8gAAAAJ:U4n9YNQMCAIC",
        "authors": "D Goodman, N Hattangadi, G Laroya",
        "publication": "US Patent App. 14/202,740, 2014",
        "year": "2014"
    },
    {
        "title": "Perioperative feedback in endovascular aneurysm repair using physiological measurements",
        "link": "https://scholar.google.com/citations?view_op=view_citation&hl=en&user=PfKNK8gAAAAJ&cstart=140&citation_for_view=PfKNK8gAAAAJ:43bX7VzcjpAC",
        "citation_id": "PfKNK8gAAAAJ:43bX7VzcjpAC",
        "authors": "N Hattangadi, D Goodman",
        "publication": "US Patent App. 14/205,934, 2014",
        "year": "2014"
    },
    {
        "title": "Devices and methods for imaging and delivering a fertilized egg into a woman's uterus",
        "link": "https://scholar.google.com/citations?view_op=view_citation&hl=en&user=PfKNK8gAAAAJ&cstart=160&citation_for_view=PfKNK8gAAAAJ:kVjdVfd2voEC",
        "citation_id": "PfKNK8gAAAAJ:kVjdVfd2voEC",
        "authors": "D Goodman",
        "publication": "US Patent App. 14/207,923, 2014",
        "year": "2014"
    },
    {
        "title": "Wireless communications: future directions",
        "link": "https://scholar.google.com/citations?view_op=view_citation&hl=en&user=PfKNK8gAAAAJ&cstart=60&citation_for_view=PfKNK8gAAAAJ:p2g8aNsByqUC",
        "citation_id": "PfKNK8gAAAAJ:p2g8aNsByqUC",
        "authors": "JM Holtzman, DJ Goodman",
        "publication": "Springer Science & Business Media, 2012",
        "year": "2012"
    },
    {
        "title": "Wireless and mobile communications",
        "link": "https://scholar.google.com/citations?view_op=view_citation&hl=en&user=PfKNK8gAAAAJ&cstart=100&citation_for_view=PfKNK8gAAAAJ:08ZZubdj9fEC",
        "citation_id": "PfKNK8gAAAAJ:08ZZubdj9fEC",
        "authors": "JM Holtzman, DJ Goodman",
        "publication": "Springer Science & Business Media, 2012",
        "year": "2012"
    }
]