[
    {
        "title": "Bankruptcy prediction with low-quality financial information",
        "link": "https://scholar.google.com/citations?view_op=view_citation&hl=en&user=UH3qseUAAAAJ&cstart=260&citation_for_view=UH3qseUAAAAJ:w9ZB08sdvuUC",
        "citation_id": "UH3qseUAAAAJ:w9ZB08sdvuUC",
        "authors": "E da Silva Mattos, D Shasha",
        "publication": "Expert Systems with Applications 237, 121418, 2024",
        "year": "2024"
    },
    {
        "title": "Bipartite networks represent causality better than simple networks: evidence, algorithms, and applications",
        "link": "https://scholar.google.com/citations?view_op=view_citation&hl=en&user=UH3qseUAAAAJ&cstart=320&citation_for_view=UH3qseUAAAAJ:beqBT5984LEC",
        "citation_id": "UH3qseUAAAAJ:beqBT5984LEC",
        "authors": "B Shen, G Curozzi, D Shasha",
        "publication": "Frontiers in Genetics 15, 1371607, 2024",
        "year": "2024"
    },
    {
        "title": "Click Fulfillment",
        "link": "https://scholar.google.com/citations?view_op=view_citation&hl=en&user=UH3qseUAAAAJ&cstart=360&citation_for_view=UH3qseUAAAAJ:ZpgFv6i7Z4gC",
        "citation_id": "UH3qseUAAAAJ:ZpgFv6i7Z4gC",
        "authors": "D Shasha",
        "publication": "Communications of the ACM 67 (7), 88-ff, 2024",
        "year": "2024"
    },
    {
        "title": "Corrigendum: Bipartite networks represent causality better than simple networks: Evidence, algorithms, and applications",
        "link": "https://scholar.google.com/citations?view_op=view_citation&hl=en&user=UH3qseUAAAAJ&cstart=360&citation_for_view=UH3qseUAAAAJ:gI9wzKcniAoC",
        "citation_id": "UH3qseUAAAAJ:gI9wzKcniAoC",
        "authors": "B Shen, GM Coruzzi, D Shasha",
        "publication": "Frontiers in Genetics 15, 1440665, 2024",
        "year": "2024"
    },
    {
        "title": "Machine Learning-Enhanced Pairs Trading",
        "link": "https://scholar.google.com/citations?view_op=view_citation&hl=en&user=UH3qseUAAAAJ&cstart=360&citation_for_view=UH3qseUAAAAJ:4Wrxgq2JVp0C",
        "citation_id": "UH3qseUAAAAJ:4Wrxgq2JVp0C",
        "authors": "E Hadad, S Hodarkar, B Lemeneh, D Shasha",
        "publication": "Forecasting 6 (2), 434-455, 2024",
        "year": "2024"
    },
    {
        "title": "Phylogenetically diverse wild plant species use common biochemical strategies to thrive in the Atacama Desert",
        "link": "https://scholar.google.com/citations?view_op=view_citation&hl=en&user=UH3qseUAAAAJ&cstart=360&citation_for_view=UH3qseUAAAAJ:bxPAEoiBajcC",
        "citation_id": "UH3qseUAAAAJ:bxPAEoiBajcC",
        "authors": "T Dussarrat, R Nilo-Poyanco, TC Moyano, S Prigent, TL Jeffers, FP D\u00edaz, ...",
        "publication": "Journal of Experimental Botany 75 (11), 3596-3611, 2024",
        "year": "2024"
    },
    {
        "title": "Verifying Lock-free Search Structure Templates",
        "link": "https://scholar.google.com/citations?view_op=view_citation&hl=en&user=UH3qseUAAAAJ&cstart=360&citation_for_view=UH3qseUAAAAJ:TY5xIG7f_2sC",
        "citation_id": "UH3qseUAAAAJ:TY5xIG7f_2sC",
        "authors": "N Patel, D Shasha, T Wies",
        "publication": "arXiv preprint arXiv:2405.13271, 2024",
        "year": "2024"
    },
    {
        "title": "Jump Snatch",
        "link": "https://scholar.google.com/citations?view_op=view_citation&hl=en&user=UH3qseUAAAAJ&cstart=360&citation_for_view=UH3qseUAAAAJ:djft3U1LymYC",
        "citation_id": "UH3qseUAAAAJ:djft3U1LymYC",
        "authors": "D Shasha",
        "publication": "Communications of the ACM 67 (4), 100-ff, 2024",
        "year": "2024"
    },
    {
        "title": "Motif Finding Algorithms: A Performance Comparison",
        "link": "https://scholar.google.com/citations?view_op=view_citation&hl=en&user=UH3qseUAAAAJ&cstart=360&citation_for_view=UH3qseUAAAAJ:Amrzk_ktLr0C",
        "citation_id": "UH3qseUAAAAJ:Amrzk_ktLr0C",
        "authors": "E Martorana, R Grasso, G Micale, S Alaimo, D Shasha, R Giugno, ...",
        "publication": "From Computational Logic to Computational Biology: Essays Dedicated to \u2026, 2024",
        "year": "2024"
    },
    {
        "title": "Switched analog-digital architecture for wireless antenna arrays and methods for use thereof",
        "link": "https://scholar.google.com/citations?view_op=view_citation&hl=en&user=UH3qseUAAAAJ&cstart=360&citation_for_view=UH3qseUAAAAJ:6ZzL7HXColQC",
        "citation_id": "UH3qseUAAAAJ:6ZzL7HXColQC",
        "authors": "S Rangan, TS Rappaport, D Shasha",
        "publication": "US Patent 11,889,413, 2024",
        "year": "2024"
    },
    {
        "title": "AutoTag: automated metadata tagging for film post-production",
        "link": "https://scholar.google.com/citations?view_op=view_citation&hl=en&user=UH3qseUAAAAJ&cstart=360&citation_for_view=UH3qseUAAAAJ:RdUpO4xyVKMC",
        "citation_id": "UH3qseUAAAAJ:RdUpO4xyVKMC",
        "authors": "M Sandoval-Casta\u00f1eda, S Copti, D Shasha",
        "publication": "Multimedia Tools and Applications 83 (3), 6731-6753, 2024",
        "year": "2024"
    },
    {
        "title": "BugDoc: Iterative debugging and explanation of pipeline",
        "link": "https://scholar.google.com/citations?view_op=view_citation&hl=en&user=UH3qseUAAAAJ&cstart=280&citation_for_view=UH3qseUAAAAJ:MqTxh1vmwXEC",
        "citation_id": "UH3qseUAAAAJ:MqTxh1vmwXEC",
        "authors": "R Louren\u00e7o, J Freire, E Simon, G Weber, D Shasha",
        "publication": "The VLDB Journal 32 (1), 75-101, 2023",
        "year": "2023"
    },
    {
        "title": "Data Structures for Data-Intensive Applications: Tradeoffs and Design Guidelines",
        "link": "https://scholar.google.com/citations?view_op=view_citation&hl=en&user=UH3qseUAAAAJ&cstart=300&citation_for_view=UH3qseUAAAAJ:eJD0kABLposC",
        "citation_id": "UH3qseUAAAAJ:eJD0kABLposC",
        "authors": "M Athanassoulis, S Idreos, D Shasha",
        "publication": "Foundations and Trends\u00ae in Databases 13 (1-2), 1-168, 2023",
        "year": "2023"
    },
    {
        "title": "EnsInfer: a simple ensemble approach to network inference outperforms any single method",
        "link": "https://scholar.google.com/citations?view_op=view_citation&hl=en&user=UH3qseUAAAAJ&cstart=300&citation_for_view=UH3qseUAAAAJ:w-fwKiQwpQAC",
        "citation_id": "UH3qseUAAAAJ:w-fwKiQwpQAC",
        "authors": "B Shen, G Coruzzi, D Shasha",
        "publication": "BMC bioinformatics 24 (1), 114, 2023",
        "year": "2023"
    },
    {
        "title": "Forgetful Forests: Data Structures for Machine Learning on Streaming Data under Concept Drift",
        "link": "https://scholar.google.com/citations?view_op=view_citation&hl=en&user=UH3qseUAAAAJ&cstart=320&citation_for_view=UH3qseUAAAAJ:nj26e0utjpAC",
        "citation_id": "UH3qseUAAAAJ:nj26e0utjpAC",
        "authors": "Z Yuan, Y Sun, D Shasha",
        "publication": "Algorithms 16 (6), 278, 2023",
        "year": "2023"
    },
    {
        "title": "Correction to: BugDoc Iterative debugging and explanation of pipeline executions",
        "link": "https://scholar.google.com/citations?view_op=view_citation&hl=en&user=UH3qseUAAAAJ&cstart=320&citation_for_view=UH3qseUAAAAJ:DwFgw5hZUzMC",
        "citation_id": "UH3qseUAAAAJ:DwFgw5hZUzMC",
        "authors": "R Louren\u00e7o, J Freire, E Simon, G Weber, D Shasha",
        "publication": "The VLDB Journal 32 (2), 473-473, 2023",
        "year": "2023"
    },
    {
        "title": "Planning multiple epidemic interventions with reinforcement learning",
        "link": "https://scholar.google.com/citations?view_op=view_citation&hl=en&user=UH3qseUAAAAJ&cstart=320&citation_for_view=UH3qseUAAAAJ:MnogvFdIBdwC",
        "citation_id": "UH3qseUAAAAJ:MnogvFdIBdwC",
        "authors": "A Mai, N Gupta, A Abouzied, D Shasha",
        "publication": "arXiv preprint arXiv:2301.12802, 2023",
        "year": "2023"
    },
    {
        "title": "On the calibration of compartmental epidemiological models",
        "link": "https://scholar.google.com/citations?view_op=view_citation&hl=en&user=UH3qseUAAAAJ&cstart=320&citation_for_view=UH3qseUAAAAJ:vkz5F8TaVKkC",
        "citation_id": "UH3qseUAAAAJ:vkz5F8TaVKkC",
        "authors": "N Gupta",
        "publication": "New York University Tandon School of Engineering, 2023",
        "year": "2023"
    },
    {
        "title": "Seesaw Gold",
        "link": "https://scholar.google.com/citations?view_op=view_citation&hl=en&user=UH3qseUAAAAJ&cstart=360&citation_for_view=UH3qseUAAAAJ:3pYxbvHKFu8C",
        "citation_id": "UH3qseUAAAAJ:3pYxbvHKFu8C",
        "authors": "D Shasha",
        "publication": "Communications of the ACM 67 (1), 136-ff, 2023",
        "year": "2023"
    },
    {
        "title": "High Performance, Low Energy, and Trustworthy Blockchains Using Satellites",
        "link": "https://scholar.google.com/citations?view_op=view_citation&hl=en&user=UH3qseUAAAAJ&cstart=380&citation_for_view=UH3qseUAAAAJ:0paDrhnEFY0C",
        "citation_id": "UH3qseUAAAAJ:0paDrhnEFY0C",
        "authors": "D Shasha, T Kim, J Bonneau, Y Michalevsky, G Shotan, Y Winetraub",
        "publication": "Foundations and Trends\u00ae in Networking 13 (4), 252-325, 2023",
        "year": "2023"
    },
    {
        "title": "Life Science Workflow Services (LifeSWS): Motivations and Architecture",
        "link": "https://scholar.google.com/citations?view_op=view_citation&hl=en&user=UH3qseUAAAAJ&cstart=380&citation_for_view=UH3qseUAAAAJ:gL9scSG3K_gC",
        "citation_id": "UH3qseUAAAAJ:gL9scSG3K_gC",
        "authors": "R Akbarinia, C Botella, A Joly, F Masseglia, M Mattoso, E Ogasawara, ...",
        "publication": "Transactions on Large-Scale Data-and Knowledge-Centered Systems LV, 1-24, 2023",
        "year": "2023"
    },
    {
        "title": "Tidy Towers",
        "link": "https://scholar.google.com/citations?view_op=view_citation&hl=en&user=UH3qseUAAAAJ&cstart=380&citation_for_view=UH3qseUAAAAJ:CKf5m1HYVjMC",
        "citation_id": "UH3qseUAAAAJ:CKf5m1HYVjMC",
        "authors": "D Shasha",
        "publication": "Communications of the ACM 66 (10), 116-ff, 2023",
        "year": "2023"
    },
    {
        "title": "Secure, energy-efficient public blockchain",
        "link": "https://scholar.google.com/citations?view_op=view_citation&hl=en&user=UH3qseUAAAAJ&cstart=380&citation_for_view=UH3qseUAAAAJ:nroGzMJTTpEC",
        "citation_id": "UH3qseUAAAAJ:nroGzMJTTpEC",
        "authors": "DE Shasha",
        "publication": "US Patent 11,689,372, 2023",
        "year": "2023"
    },
    {
        "title": "Sampling the Goods",
        "link": "https://scholar.google.com/citations?view_op=view_citation&hl=en&user=UH3qseUAAAAJ&cstart=380&citation_for_view=UH3qseUAAAAJ:XUAslYVNQLQC",
        "citation_id": "UH3qseUAAAAJ:XUAslYVNQLQC",
        "authors": "D Shasha",
        "publication": "Communications of the ACM 66 (7), 140-ff, 2023",
        "year": "2023"
    },
    {
        "title": "System and method for emulation of wireless channels and multi-antenna transmit and receive circuits",
        "link": "https://scholar.google.com/citations?view_op=view_citation&hl=en&user=UH3qseUAAAAJ&cstart=380&citation_for_view=UH3qseUAAAAJ:C5mqfHIFIucC",
        "citation_id": "UH3qseUAAAAJ:C5mqfHIFIucC",
        "authors": "A Dhananjay, S Rangan, D Shasha",
        "publication": "US Patent 11,641,222, 2023",
        "year": "2023"
    },
    {
        "title": "Cooperation in the Commons",
        "link": "https://scholar.google.com/citations?view_op=view_citation&hl=en&user=UH3qseUAAAAJ&cstart=380&citation_for_view=UH3qseUAAAAJ:HoDPlbN_d1QC",
        "citation_id": "UH3qseUAAAAJ:HoDPlbN_d1QC",
        "authors": "D Shasha",
        "publication": "Communications of the ACM 66 (4), 104-ff, 2023",
        "year": "2023"
    },
    {
        "title": "Acx: system, techniques, and experiments for acronym expansion",
        "link": "https://scholar.google.com/citations?view_op=view_citation&hl=en&user=UH3qseUAAAAJ&cstart=260&citation_for_view=UH3qseUAAAAJ:gnsKu8c89wgC",
        "citation_id": "UH3qseUAAAAJ:gnsKu8c89wgC",
        "authors": "JLM Pereira, J Casanova, H Galhardas, D Shasha",
        "publication": "Proceedings of the VLDB Endowment 15 (11), 2530-2544, 2022",
        "year": "2022"
    },
    {
        "title": "Epipolicy: A tool for combating epidemics",
        "link": "https://scholar.google.com/citations?view_op=view_citation&hl=en&user=UH3qseUAAAAJ&cstart=280&citation_for_view=UH3qseUAAAAJ:e9bUPLv0EjcC",
        "citation_id": "UH3qseUAAAAJ:e9bUPLv0EjcC",
        "authors": "ALX Mai, M Mannino, Z Tariq, A Abouzied, D Shasha",
        "publication": "XRDS: Crossroads, The ACM Magazine for Students 28 (2), 24-29, 2022",
        "year": "2022"
    },
    {
        "title": "Maximal cocktails",
        "link": "https://scholar.google.com/citations?view_op=view_citation&hl=en&user=UH3qseUAAAAJ&cstart=320&citation_for_view=UH3qseUAAAAJ:HAmI6pRF5skC",
        "citation_id": "UH3qseUAAAAJ:HAmI6pRF5skC",
        "authors": "D Shasha",
        "publication": "Communications of the ACM 66 (1), 112-112, 2022",
        "year": "2022"
    },
    {
        "title": "System, method and computer-accessible medium for predicting wireless signal degradation",
        "link": "https://scholar.google.com/citations?view_op=view_citation&hl=en&user=UH3qseUAAAAJ&cstart=320&citation_for_view=UH3qseUAAAAJ:lRPiJ3GhvscC",
        "citation_id": "UH3qseUAAAAJ:lRPiJ3GhvscC",
        "authors": "D Shasha, A Dhananjay, M Mezzavilla, S Rangan",
        "publication": "US Patent 11,523,399, 2022",
        "year": "2022"
    },
    {
        "title": "Forgetful Forests: high performance learning data structures for streaming data under concept drift",
        "link": "https://scholar.google.com/citations?view_op=view_citation&hl=en&user=UH3qseUAAAAJ&cstart=380&citation_for_view=UH3qseUAAAAJ:43B52WW2E64C",
        "citation_id": "UH3qseUAAAAJ:43B52WW2E64C",
        "authors": "Z Yuan, Y Sun, D Shasha",
        "publication": "arXiv preprint arXiv:2212.07876, 2022",
        "year": "2022"
    },
    {
        "title": "Card Nim",
        "link": "https://scholar.google.com/citations?view_op=view_citation&hl=en&user=UH3qseUAAAAJ&cstart=380&citation_for_view=UH3qseUAAAAJ:4uoR24qA-WYC",
        "citation_id": "UH3qseUAAAAJ:4uoR24qA-WYC",
        "authors": "D Shasha",
        "publication": "Communications of the ACM 65 (10), 96-96, 2022",
        "year": "2022"
    },
    {
        "title": "System, method and computer-accessible medium for power measurement for mmWave cellular system",
        "link": "https://scholar.google.com/citations?view_op=view_citation&hl=en&user=UH3qseUAAAAJ&cstart=380&citation_for_view=UH3qseUAAAAJ:9tXw7Op4-u0C",
        "citation_id": "UH3qseUAAAAJ:9tXw7Op4-u0C",
        "authors": "M Mezzavilla, A Dhananjay, D Shasha, S Rangan",
        "publication": "US Patent 11,452,031, 2022",
        "year": "2022"
    },
    {
        "title": "Exclusivity probes",
        "link": "https://scholar.google.com/citations?view_op=view_citation&hl=en&user=UH3qseUAAAAJ&cstart=380&citation_for_view=UH3qseUAAAAJ:anDooRL1HQEC",
        "citation_id": "UH3qseUAAAAJ:anDooRL1HQEC",
        "authors": "D Shasha",
        "publication": "Communications of the ACM 65 (7), 96-ff, 2022",
        "year": "2022"
    },
    {
        "title": "BugDoc Iterative debugging and explanation of pipeline executions (Feb, 10.1007/s00778-022-00733-5, 2022)",
        "link": "https://scholar.google.com/citations?view_op=view_citation&hl=en&user=UH3qseUAAAAJ&cstart=380&citation_for_view=UH3qseUAAAAJ:TNEldfgDb5MC",
        "citation_id": "UH3qseUAAAAJ:TNEldfgDb5MC",
        "authors": "R Lourenco, J Freire, E Simon, G Weber, D Shasha",
        "publication": "VLDB JOURNAL, 2022",
        "year": "2022"
    },
    {
        "title": "An Adaptive Stacking Ensemble Approach to Network Inference Outperforms Any Single Method",
        "link": "https://scholar.google.com/citations?view_op=view_citation&hl=en&user=UH3qseUAAAAJ&cstart=380&citation_for_view=UH3qseUAAAAJ:UKB2i6g6GNMC",
        "citation_id": "UH3qseUAAAAJ:UKB2i6g6GNMC",
        "authors": "B Shen, G Coruzzi, D Shasha",
        "publication": null,
        "year": "2022"
    },
    {
        "title": "Beating the house",
        "link": "https://scholar.google.com/citations?view_op=view_citation&hl=en&user=UH3qseUAAAAJ&cstart=380&citation_for_view=UH3qseUAAAAJ:LlXTz_FrCmAC",
        "citation_id": "UH3qseUAAAAJ:LlXTz_FrCmAC",
        "authors": "D Shasha",
        "publication": "Communications of the ACM 65 (4), 136-ff, 2022",
        "year": "2022"
    },
    {
        "title": "Cell-by-cell dissection of phloem development links a maturation gradient to cell specialization",
        "link": "https://scholar.google.com/citations?view_op=view_citation&hl=en&user=UH3qseUAAAAJ&cstart=80&citation_for_view=UH3qseUAAAAJ:10A3hb2jUxYC",
        "citation_id": "UH3qseUAAAAJ:10A3hb2jUxYC",
        "authors": "P Roszak, J Heo, B Blob, K Toyokura, Y Sugiyama, MA de Luis Balaguer, ...",
        "publication": "Science 374 (6575), eaba5531, 2021",
        "year": "2021"
    },
    {
        "title": "Bestneighbor: efficient evaluation of knn queries on large time series databases",
        "link": "https://scholar.google.com/citations?view_op=view_citation&hl=en&user=UH3qseUAAAAJ&cstart=160&citation_for_view=UH3qseUAAAAJ:qCaWouos7ogC",
        "citation_id": "UH3qseUAAAAJ:qCaWouos7ogC",
        "authors": "O Levchenko, B Kolev, DE Yagoubi, R Akbarinia, F Masseglia, ...",
        "publication": "Knowledge and Information Systems 63, 349-378, 2021",
        "year": "2021"
    },
    {
        "title": "Analysis of phloem trajectory links tissue maturation to cell specialization",
        "link": "https://scholar.google.com/citations?view_op=view_citation&hl=en&user=UH3qseUAAAAJ&cstart=180&citation_for_view=UH3qseUAAAAJ:_AkkBXT-jcoC",
        "citation_id": "UH3qseUAAAAJ:_AkkBXT-jcoC",
        "authors": "P Roszak, J Heo, B Blob, K Toyokura, MA de Luis Balaguer, WWY Lau, ...",
        "publication": "BioRxiv, 2021.01. 18.427084, 2021",
        "year": "2021"
    },
    {
        "title": "Pheniqs 2.0: accurate, high-performance Bayesian decoding and confidence estimation for combinatorial barcode indexing",
        "link": "https://scholar.google.com/citations?view_op=view_citation&hl=en&user=UH3qseUAAAAJ&cstart=220&citation_for_view=UH3qseUAAAAJ:ZqLB7dQ1iF4C",
        "citation_id": "UH3qseUAAAAJ:ZqLB7dQ1iF4C",
        "authors": "L Galanti, D Shasha, KC Gunsalus",
        "publication": "BMC bioinformatics 22, 1-16, 2021",
        "year": "2021"
    },
    {
        "title": "Verifying concurrent multicopy search structures",
        "link": "https://scholar.google.com/citations?view_op=view_citation&hl=en&user=UH3qseUAAAAJ&cstart=240&citation_for_view=UH3qseUAAAAJ:k8to_Y4Q4_EC",
        "citation_id": "UH3qseUAAAAJ:k8to_Y4Q4_EC",
        "authors": "N Patel, S Krishna, D Shasha, T Wies",
        "publication": "Proceedings of the ACM on Programming Languages 5 (OOPSLA), 1-32, 2021",
        "year": "2021"
    },
    {
        "title": "Planning epidemic interventions with EpiPolicy",
        "link": "https://scholar.google.com/citations?view_op=view_citation&hl=en&user=UH3qseUAAAAJ&cstart=240&citation_for_view=UH3qseUAAAAJ:e0LTWoPxLYMC",
        "citation_id": "UH3qseUAAAAJ:e0LTWoPxLYMC",
        "authors": "Z Tariq, M Mannino, M Le Xuan Anh, W Bagge, A Abouzied, D Shasha",
        "publication": "The 34th Annual ACM Symposium on User Interface Software and Technology, 894-909, 2021",
        "year": "2021"
    },
    {
        "title": "Classification under ambiguity: when is average-k better than top-k?",
        "link": "https://scholar.google.com/citations?view_op=view_citation&hl=en&user=UH3qseUAAAAJ&cstart=240&citation_for_view=UH3qseUAAAAJ:qbqt7gslDFUC",
        "citation_id": "UH3qseUAAAAJ:qbqt7gslDFUC",
        "authors": "T Lorieul, A Joly, D Shasha",
        "publication": "arXiv preprint arXiv:2112.08851, 2021",
        "year": "2021"
    },
    {
        "title": "Acronym Expander at SDU@ AAAI-21: an Acronym Disambiguation Module.",
        "link": "https://scholar.google.com/citations?view_op=view_citation&hl=en&user=UH3qseUAAAAJ&cstart=240&citation_for_view=UH3qseUAAAAJ:RVqaWcrwK10C",
        "citation_id": "UH3qseUAAAAJ:RVqaWcrwK10C",
        "authors": "JLM Pereira, H Galhardas, DE Shasha",
        "publication": "SDU@ AAAI, 2021",
        "year": "2021"
    },
    {
        "title": "Pi-Radio v1: Calibration techniques to enable fully-digital beamforming at 60 GHz",
        "link": "https://scholar.google.com/citations?view_op=view_citation&hl=en&user=UH3qseUAAAAJ&cstart=260&citation_for_view=UH3qseUAAAAJ:ZYsTHYU9jrMC",
        "citation_id": "UH3qseUAAAAJ:ZYsTHYU9jrMC",
        "authors": "A Dhananjay, K Zheng, M Mezzavilla, L Iotti, D Shasha, S Rangan",
        "publication": "Computer Networks 196, 108220, 2021",
        "year": "2021"
    },
    {
        "title": "Automated Verification of Concurrent Search Structures",
        "link": "https://scholar.google.com/citations?view_op=view_citation&hl=en&user=UH3qseUAAAAJ&cstart=260&citation_for_view=UH3qseUAAAAJ:gkldIfsazJcC",
        "citation_id": "UH3qseUAAAAJ:gkldIfsazJcC",
        "authors": "S Krishna, N Patel, DE Shasha, T Wies",
        "publication": "Morgan & Claypool Publishers, 2021",
        "year": "2021"
    },
    {
        "title": "Statistics is easy: case studies on real scientific datasets",
        "link": "https://scholar.google.com/citations?view_op=view_citation&hl=en&user=UH3qseUAAAAJ&cstart=300&citation_for_view=UH3qseUAAAAJ:6pF0wJmtdfAC",
        "citation_id": "UH3qseUAAAAJ:6pF0wJmtdfAC",
        "authors": "MS Katari, S Tyagi, D Shasha",
        "publication": "Morgan & Claypool Publishers, 2021",
        "year": "2021"
    },
    {
        "title": "Breast Cancer Classification",
        "link": "https://scholar.google.com/citations?view_op=view_citation&hl=en&user=UH3qseUAAAAJ&cstart=300&citation_for_view=UH3qseUAAAAJ:svGagg1hbZMC",
        "citation_id": "UH3qseUAAAAJ:svGagg1hbZMC",
        "authors": "MS Katari, D Shasha, S Tyagi",
        "publication": "Statistics is Easy: Case Studies on Real Scientific Datasets, 23-41, 2021",
        "year": "2021"
    },
    {
        "title": "Orbit design",
        "link": "https://scholar.google.com/citations?view_op=view_citation&hl=en&user=UH3qseUAAAAJ&cstart=380&citation_for_view=UH3qseUAAAAJ:6IBXqrN-DEwC",
        "citation_id": "UH3qseUAAAAJ:6IBXqrN-DEwC",
        "authors": "D Shasha",
        "publication": "Communications of the ACM 65 (1), 120-ff, 2021",
        "year": "2021"
    },
    {
        "title": "Randomower",
        "link": "https://scholar.google.com/citations?view_op=view_citation&hl=en&user=UH3qseUAAAAJ&cstart=380&citation_for_view=UH3qseUAAAAJ:bbjcffOLshcC",
        "citation_id": "UH3qseUAAAAJ:bbjcffOLshcC",
        "authors": "D Shasha",
        "publication": "Communications of the ACM 64 (10), 96-ff, 2021",
        "year": "2021"
    },
    {
        "title": "Roulette Angel",
        "link": "https://scholar.google.com/citations?view_op=view_citation&hl=en&user=UH3qseUAAAAJ&cstart=380&citation_for_view=UH3qseUAAAAJ:dMpQl7XwOw4C",
        "citation_id": "UH3qseUAAAAJ:dMpQl7XwOw4C",
        "authors": "D Shasha",
        "publication": "Communications of the ACM 64 (4), 176-ff, 2021",
        "year": "2021"
    },
    {
        "title": "The Edgeset Framework for Multicopy Structures",
        "link": "https://scholar.google.com/citations?view_op=view_citation&hl=en&user=UH3qseUAAAAJ&cstart=380&citation_for_view=UH3qseUAAAAJ:V63Ir2N1OTwC",
        "citation_id": "UH3qseUAAAAJ:V63Ir2N1OTwC",
        "authors": "S Krishna, N Patel, D Shasha, T Wies",
        "publication": "Automated Verification of Concurrent Search Structures, 103-106, 2021",
        "year": "2021"
    },
    {
        "title": "RNA-seq Data Set",
        "link": "https://scholar.google.com/citations?view_op=view_citation&hl=en&user=UH3qseUAAAAJ&cstart=380&citation_for_view=UH3qseUAAAAJ:aNch6Af-aFkC",
        "citation_id": "UH3qseUAAAAJ:aNch6Af-aFkC",
        "authors": "MS Katari, D Shasha, S Tyagi",
        "publication": "Statistics is Easy: Case Studies on Real Scientific Datasets, 43-56, 2021",
        "year": "2021"
    },
    {
        "title": "Verifying Multicopy Structures",
        "link": "https://scholar.google.com/citations?view_op=view_citation&hl=en&user=UH3qseUAAAAJ&cstart=380&citation_for_view=UH3qseUAAAAJ:JTtNqH-x4gYC",
        "citation_id": "UH3qseUAAAAJ:JTtNqH-x4gYC",
        "authors": "S Krishna, N Patel, D Shasha, T Wies",
        "publication": "Automated Verification of Concurrent Search Structures, 97-102, 2021",
        "year": "2021"
    },
    {
        "title": "Related Work, Future Work, and Conclusion",
        "link": "https://scholar.google.com/citations?view_op=view_citation&hl=en&user=UH3qseUAAAAJ&cstart=400&citation_for_view=UH3qseUAAAAJ:R6EwkKsDylYC",
        "citation_id": "UH3qseUAAAAJ:R6EwkKsDylYC",
        "authors": "S Krishna, N Patel, D Shasha, T Wies",
        "publication": "Automated Verification of Concurrent Search Structures, 149-156, 2021",
        "year": "2021"
    },
    {
        "title": "Summary and Perspectives",
        "link": "https://scholar.google.com/citations?view_op=view_citation&hl=en&user=UH3qseUAAAAJ&cstart=400&citation_for_view=UH3qseUAAAAJ:rJyh6hJnyfgC",
        "citation_id": "UH3qseUAAAAJ:rJyh6hJnyfgC",
        "authors": "MS Katari, D Shasha, S Tyagi",
        "publication": "Statistics is Easy: Case Studies on Real Scientific Datasets, 57-57, 2021",
        "year": "2021"
    },
    {
        "title": "Verifying Single-Copy Concurrent Search Structures",
        "link": "https://scholar.google.com/citations?view_op=view_citation&hl=en&user=UH3qseUAAAAJ&cstart=400&citation_for_view=UH3qseUAAAAJ:v6PuF9mNY3oC",
        "citation_id": "UH3qseUAAAAJ:v6PuF9mNY3oC",
        "authors": "S Krishna, N Patel, D Shasha, T Wies",
        "publication": "Automated Verification of Concurrent Search Structures, 77-95, 2021",
        "year": "2021"
    },
    {
        "title": "Ghost State",
        "link": "https://scholar.google.com/citations?view_op=view_citation&hl=en&user=UH3qseUAAAAJ&cstart=400&citation_for_view=UH3qseUAAAAJ:RJujIP1NYNUC",
        "citation_id": "UH3qseUAAAAJ:RJujIP1NYNUC",
        "authors": "S Krishna, N Patel, D Shasha, T Wies",
        "publication": "Automated Verification of Concurrent Search Structures, 37-49, 2021",
        "year": "2021"
    },
    {
        "title": "The Keyset Resource Algebra",
        "link": "https://scholar.google.com/citations?view_op=view_citation&hl=en&user=UH3qseUAAAAJ&cstart=400&citation_for_view=UH3qseUAAAAJ:eIKNFFVQvJAC",
        "citation_id": "UH3qseUAAAAJ:eIKNFFVQvJAC",
        "authors": "S Krishna, N Patel, D Shasha, T Wies",
        "publication": "Automated Verification of Concurrent Search Structures, 51-57, 2021",
        "year": "2021"
    },
    {
        "title": "Reasoning about Non-Static and Non-Local Linearization Points",
        "link": "https://scholar.google.com/citations?view_op=view_citation&hl=en&user=UH3qseUAAAAJ&cstart=400&citation_for_view=UH3qseUAAAAJ:09LM3QYkMKUC",
        "citation_id": "UH3qseUAAAAJ:09LM3QYkMKUC",
        "authors": "S Krishna, N Patel, D Shasha, T Wies",
        "publication": "Automated Verification of Concurrent Search Structures, 107-116, 2021",
        "year": "2021"
    },
    {
        "title": "Verifying the LSM DAG Template",
        "link": "https://scholar.google.com/citations?view_op=view_citation&hl=en&user=UH3qseUAAAAJ&cstart=400&citation_for_view=UH3qseUAAAAJ:sfsSB7lKuh0C",
        "citation_id": "UH3qseUAAAAJ:sfsSB7lKuh0C",
        "authors": "S Krishna, N Patel, D Shasha, T Wies",
        "publication": "Automated Verification of Concurrent Search Structures, 117-143, 2021",
        "year": "2021"
    },
    {
        "title": "Proof Mechanization and Automation",
        "link": "https://scholar.google.com/citations?view_op=view_citation&hl=en&user=UH3qseUAAAAJ&cstart=400&citation_for_view=UH3qseUAAAAJ:CMPXdcK5v8EC",
        "citation_id": "UH3qseUAAAAJ:CMPXdcK5v8EC",
        "authors": "S Krishna, N Patel, D Shasha, T Wies",
        "publication": "Automated Verification of Concurrent Search Structures, 145-148, 2021",
        "year": "2021"
    },
    {
        "title": "The Edgeset Framework for Single-Copy Structures",
        "link": "https://scholar.google.com/citations?view_op=view_citation&hl=en&user=UH3qseUAAAAJ&cstart=400&citation_for_view=UH3qseUAAAAJ:tSVUDDkujAIC",
        "citation_id": "UH3qseUAAAAJ:tSVUDDkujAIC",
        "authors": "S Krishna, N Patel, D Shasha, T Wies",
        "publication": "Automated Verification of Concurrent Search Structures, 59-66, 2021",
        "year": "2021"
    },
    {
        "title": "Chick Weight and Diet",
        "link": "https://scholar.google.com/citations?view_op=view_citation&hl=en&user=UH3qseUAAAAJ&cstart=400&citation_for_view=UH3qseUAAAAJ:h9G0ZmjYpDoC",
        "citation_id": "UH3qseUAAAAJ:h9G0ZmjYpDoC",
        "authors": "MS Katari, D Shasha, S Tyagi",
        "publication": "Statistics is Easy: Case Studies on Real Scientific Datasets, 11-21, 2021",
        "year": "2021"
    },
    {
        "title": "Separation Logic",
        "link": "https://scholar.google.com/citations?view_op=view_citation&hl=en&user=UH3qseUAAAAJ&cstart=400&citation_for_view=UH3qseUAAAAJ:Pqt4MY__2vwC",
        "citation_id": "UH3qseUAAAAJ:Pqt4MY__2vwC",
        "authors": "S Krishna, N Patel, D Shasha, T Wies",
        "publication": "Automated Verification of Concurrent Search Structures, 17-35, 2021",
        "year": "2021"
    },
    {
        "title": "The Flow Framework",
        "link": "https://scholar.google.com/citations?view_op=view_citation&hl=en&user=UH3qseUAAAAJ&cstart=400&citation_for_view=UH3qseUAAAAJ:aU4yMueWZ3QC",
        "citation_id": "UH3qseUAAAAJ:aU4yMueWZ3QC",
        "authors": "S Krishna, N Patel, D Shasha, T Wies",
        "publication": "Automated Verification of Concurrent Search Structures, 67-75, 2021",
        "year": "2021"
    },
    {
        "title": "Inexpensive, non-invasive biomarkers predict Alzheimer transition using machine learning analysis of the Alzheimer\u2019s Disease Neuroimaging (ADNI) database",
        "link": "https://scholar.google.com/citations?view_op=view_citation&hl=en&user=UH3qseUAAAAJ&cstart=140&citation_for_view=UH3qseUAAAAJ:6Zm5LS9gQ5UC",
        "citation_id": "UH3qseUAAAAJ:6Zm5LS9gQ5UC",
        "authors": "JF Beltran, BM Wahba, N Hose, D Shasha, RP Kline, ...",
        "publication": "PloS one 15 (7), e0235663, 2020",
        "year": "2020"
    },
    {
        "title": "Verifying concurrent search structure templates",
        "link": "https://scholar.google.com/citations?view_op=view_citation&hl=en&user=UH3qseUAAAAJ&cstart=140&citation_for_view=UH3qseUAAAAJ:jKT558fuBk8C",
        "citation_id": "UH3qseUAAAAJ:jKT558fuBk8C",
        "authors": "S Krishna, N Patel, D Shasha, T Wies",
        "publication": "Proceedings of the 41st ACM SIGPLAN Conference on Programming Language \u2026, 2020",
        "year": "2020"
    },
    {
        "title": "System, device, and method for high-frequency millimeter-wave wireless communication using interface points",
        "link": "https://scholar.google.com/citations?view_op=view_citation&hl=en&user=UH3qseUAAAAJ&cstart=160&citation_for_view=UH3qseUAAAAJ:7H_jS4BsgvYC",
        "citation_id": "UH3qseUAAAAJ:7H_jS4BsgvYC",
        "authors": "TS Rappaport, D Shasha",
        "publication": "US Patent 10,547,372, 2020",
        "year": "2020"
    },
    {
        "title": "Bugdoc: Algorithms to debug computational processes",
        "link": "https://scholar.google.com/citations?view_op=view_citation&hl=en&user=UH3qseUAAAAJ&cstart=160&citation_for_view=UH3qseUAAAAJ:KsTgnNRry18C",
        "citation_id": "UH3qseUAAAAJ:KsTgnNRry18C",
        "authors": "R Louren\u00e7o, J Freire, D Shasha",
        "publication": "Proceedings of the 2020 ACM SIGMOD International Conference on Management of \u2026, 2020",
        "year": "2020"
    },
    {
        "title": "OutPredict: multiple datasets can improve prediction of expression and inference of causality",
        "link": "https://scholar.google.com/citations?view_op=view_citation&hl=en&user=UH3qseUAAAAJ&cstart=180&citation_for_view=UH3qseUAAAAJ:FQ36aI_S1AEC",
        "citation_id": "UH3qseUAAAAJ:FQ36aI_S1AEC",
        "authors": "J Cirrone, MD Brooks, R Bonneau, GM Coruzzi, DE Shasha",
        "publication": "Scientific reports 10 (1), 6804, 2020",
        "year": "2020"
    },
    {
        "title": "Bugdoc: A system for debugging computational pipelines",
        "link": "https://scholar.google.com/citations?view_op=view_citation&hl=en&user=UH3qseUAAAAJ&cstart=180&citation_for_view=UH3qseUAAAAJ:3x-KLxxGyuUC",
        "citation_id": "UH3qseUAAAAJ:3x-KLxxGyuUC",
        "authors": "R Louren\u00e7o, J Freire, D Shasha",
        "publication": "Proceedings of the 2020 ACM SIGMOD International Conference on Management of \u2026, 2020",
        "year": "2020"
    },
    {
        "title": "Multiri: Fast subgraph matching in labeled multigraphs",
        "link": "https://scholar.google.com/citations?view_op=view_citation&hl=en&user=UH3qseUAAAAJ&cstart=220&citation_for_view=UH3qseUAAAAJ:kvJssbFybhEC",
        "citation_id": "UH3qseUAAAAJ:kvJssbFybhEC",
        "authors": "G Micale, V Bonnici, A Ferro, D Shasha, R Giugno, A Pulvirenti",
        "publication": "arXiv preprint arXiv:2003.11546, 2020",
        "year": "2020"
    },
    {
        "title": "Calibrating a 4-channel fully-digital 60 GHz SDR",
        "link": "https://scholar.google.com/citations?view_op=view_citation&hl=en&user=UH3qseUAAAAJ&cstart=240&citation_for_view=UH3qseUAAAAJ:QeguYG95ZbAC",
        "citation_id": "UH3qseUAAAAJ:QeguYG95ZbAC",
        "authors": "A Dhananjay, K Zheng, J Haarla, L Iotti, M Mezzavilla, D Shasha, ...",
        "publication": "Proceedings of the 14th International Workshop on Wireless Network Testbeds \u2026, 2020",
        "year": "2020"
    },
    {
        "title": "Distributed algorithms to find similar time series",
        "link": "https://scholar.google.com/citations?view_op=view_citation&hl=en&user=UH3qseUAAAAJ&cstart=240&citation_for_view=UH3qseUAAAAJ:I-2NeQpV75MC",
        "citation_id": "UH3qseUAAAAJ:I-2NeQpV75MC",
        "authors": "O Levchenko, B Kolev, DE Yagoubi, D Shasha, T Palpanas, P Valduriez, ...",
        "publication": "Machine Learning and Knowledge Discovery in Databases: European Conference \u2026, 2020",
        "year": "2020"
    },
    {
        "title": "System, method and computer-accessible medium for simulation and emulation of wireless cluster and/or tapped delay line models",
        "link": "https://scholar.google.com/citations?view_op=view_citation&hl=en&user=UH3qseUAAAAJ&cstart=300&citation_for_view=UH3qseUAAAAJ:ynsZFq2pu0MC",
        "citation_id": "UH3qseUAAAAJ:ynsZFq2pu0MC",
        "authors": "A Dhananjay, S Rangan, D Shasha",
        "publication": "US Patent 10,841,026, 2020",
        "year": "2020"
    },
    {
        "title": "Fully-digital beamforming demonstration with Pi-Radio mmWave SDR platform",
        "link": "https://scholar.google.com/citations?view_op=view_citation&hl=en&user=UH3qseUAAAAJ&cstart=300&citation_for_view=UH3qseUAAAAJ:SPgmg5JLkoEC",
        "citation_id": "UH3qseUAAAAJ:SPgmg5JLkoEC",
        "authors": "A Dhananjay, K Zheng, M Mezzavilla, D Shasha, S Rangan",
        "publication": "Proceedings of the Twenty-First International Symposium on Theory \u2026, 2020",
        "year": "2020"
    },
    {
        "title": "Stopping tyranny",
        "link": "https://scholar.google.com/citations?view_op=view_citation&hl=en&user=UH3qseUAAAAJ&cstart=300&citation_for_view=UH3qseUAAAAJ:PZE8UkGerEcC",
        "citation_id": "UH3qseUAAAAJ:PZE8UkGerEcC",
        "authors": "D Shasha",
        "publication": "Communications of the ACM 63 (3), 104-ff, 2020",
        "year": "2020"
    },
    {
        "title": "Privacy-preserving polling",
        "link": "https://scholar.google.com/citations?view_op=view_citation&hl=en&user=UH3qseUAAAAJ&cstart=320&citation_for_view=UH3qseUAAAAJ:5bfplxN71z4C",
        "citation_id": "UH3qseUAAAAJ:5bfplxN71z4C",
        "authors": "D Shasha",
        "publication": "Communications of the ACM 63 (10), 108-ff, 2020",
        "year": "2020"
    },
    {
        "title": "Stay in balance",
        "link": "https://scholar.google.com/citations?view_op=view_citation&hl=en&user=UH3qseUAAAAJ&cstart=400&citation_for_view=UH3qseUAAAAJ:ovGv7akYl-cC",
        "citation_id": "UH3qseUAAAAJ:ovGv7akYl-cC",
        "authors": "D Shasha",
        "publication": "Communications of the ACM 64 (1), 128-128, 2020",
        "year": "2020"
    },
    {
        "title": "Strategic paddling",
        "link": "https://scholar.google.com/citations?view_op=view_citation&hl=en&user=UH3qseUAAAAJ&cstart=400&citation_for_view=UH3qseUAAAAJ:I2jIoRS3jIgC",
        "citation_id": "UH3qseUAAAAJ:I2jIoRS3jIgC",
        "authors": "D Shasha",
        "publication": "Communications of the ACM 63 (7), 112-ff, 2020",
        "year": "2020"
    },
    {
        "title": "Optimal chimes",
        "link": "https://scholar.google.com/citations?view_op=view_citation&hl=en&user=UH3qseUAAAAJ&cstart=400&citation_for_view=UH3qseUAAAAJ:oFn-K-OQSCAC",
        "citation_id": "UH3qseUAAAAJ:oFn-K-OQSCAC",
        "authors": "D Shasha",
        "publication": "Communications of the ACM 63 (5), 112-112, 2020",
        "year": "2020"
    },
    {
        "title": "Last Byte-Upstart Puzzles Optimal Chimes",
        "link": "https://scholar.google.com/citations?view_op=view_citation&hl=en&user=UH3qseUAAAAJ&cstart=400&citation_for_view=UH3qseUAAAAJ:-ZoC36zw86wC",
        "citation_id": "UH3qseUAAAAJ:-ZoC36zw86wC",
        "authors": "D Shasha",
        "publication": "Communications of the ACM, 2020",
        "year": "2020"
    },
    {
        "title": "Author Correction: OutPredict: multiple datasets can improve prediction of expression and inference of causality",
        "link": "https://scholar.google.com/citations?view_op=view_citation&hl=en&user=UH3qseUAAAAJ&cstart=400&citation_for_view=UH3qseUAAAAJ:onKP9CxGSkIC",
        "citation_id": "UH3qseUAAAAJ:onKP9CxGSkIC",
        "authors": "J Cirrone, MD Brooks, R Bonneau, GM Coruzzi, DE Shasha",
        "publication": "Scientific reports 10, 2020",
        "year": "2020"
    },
    {
        "title": "Network Walking charts transcriptional dynamics of nitrogen signaling by integrating validated and predicted genome-wide interactions",
        "link": "https://scholar.google.com/citations?view_op=view_citation&hl=en&user=UH3qseUAAAAJ&cstart=40&citation_for_view=UH3qseUAAAAJ:RJNGbXJAtMsC",
        "citation_id": "UH3qseUAAAAJ:RJNGbXJAtMsC",
        "authors": "MD Brooks, J Cirrone, AV Pasquino, JM Alvarez, J Swift, S Mittal, ...",
        "publication": "Nature communications 10 (1), 1569, 2019",
        "year": "2019"
    },
    {
        "title": "Debugging machine learning pipelines",
        "link": "https://scholar.google.com/citations?view_op=view_citation&hl=en&user=UH3qseUAAAAJ&cstart=140&citation_for_view=UH3qseUAAAAJ:gFrPXmx1TSsC",
        "citation_id": "UH3qseUAAAAJ:gFrPXmx1TSsC",
        "authors": "R Louren\u00e7o, J Freire, D Shasha",
        "publication": "Proceedings of the 3rd International workshop on data management for end-to \u2026, 2019",
        "year": "2019"
    },
    {
        "title": "Safepredict: A meta-algorithm for machine learning that uses refusals to guarantee correctness",
        "link": "https://scholar.google.com/citations?view_op=view_citation&hl=en&user=UH3qseUAAAAJ&cstart=160&citation_for_view=UH3qseUAAAAJ:lK9BDNCuzFgC",
        "citation_id": "UH3qseUAAAAJ:lK9BDNCuzFgC",
        "authors": "MA Kocak, D Ramirez, E Erkip, DE Shasha",
        "publication": "IEEE Transactions on Pattern Analysis and Machine Intelligence 43 (2), 663-678, 2019",
        "year": "2019"
    },
    {
        "title": "Deferred runtime pipelining for contentious multicore software transactions",
        "link": "https://scholar.google.com/citations?view_op=view_citation&hl=en&user=UH3qseUAAAAJ&cstart=180&citation_for_view=UH3qseUAAAAJ:NnTm98qLMbgC",
        "citation_id": "UH3qseUAAAAJ:NnTm98qLMbgC",
        "authors": "S Mu, S Angel, D Shasha",
        "publication": "Proceedings of the Fourteenth EuroSys Conference 2019, 1-16, 2019",
        "year": "2019"
    },
    {
        "title": "Fast methods for finding significant motifs on labelled multi-relational networks",
        "link": "https://scholar.google.com/citations?view_op=view_citation&hl=en&user=UH3qseUAAAAJ&cstart=220&citation_for_view=UH3qseUAAAAJ:yCjxvIMm6_oC",
        "citation_id": "UH3qseUAAAAJ:yCjxvIMm6_oC",
        "authors": "G Micale, A Pulvirenti, A Ferro, R Giugno, D Shasha",
        "publication": "Journal of Complex Networks 7 (6), 817-837, 2019",
        "year": "2019"
    },
    {
        "title": "Fast subgraph matching strategies based on pattern-only heuristics",
        "link": "https://scholar.google.com/citations?view_op=view_citation&hl=en&user=UH3qseUAAAAJ&cstart=260&citation_for_view=UH3qseUAAAAJ:o9ULDYDKYbIC",
        "citation_id": "UH3qseUAAAAJ:o9ULDYDKYbIC",
        "authors": "A Aparo, V Bonnici, G Micale, A Ferro, D Shasha, A Pulvirenti, R Giugno",
        "publication": "Interdisciplinary Sciences: Computational Life Sciences 11, 21-32, 2019",
        "year": "2019"
    },
    {
        "title": "TACITuS: Transcriptomic data collector, integrator, and selector on big data platform",
        "link": "https://scholar.google.com/citations?view_op=view_citation&hl=en&user=UH3qseUAAAAJ&cstart=280&citation_for_view=UH3qseUAAAAJ:uEM9VtRl8xsC",
        "citation_id": "UH3qseUAAAAJ:uEM9VtRl8xsC",
        "authors": "S Alaimo, A Di Maria, D Shasha, A Ferro, A Pulvirenti",
        "publication": "BMC bioinformatics 20, 1-11, 2019",
        "year": "2019"
    },
    {
        "title": "Simple pattern-only heuristics lead to fast subgraph matching strategies on very large networks",
        "link": "https://scholar.google.com/citations?view_op=view_citation&hl=en&user=UH3qseUAAAAJ&cstart=280&citation_for_view=UH3qseUAAAAJ:wBLCggQE-ToC",
        "citation_id": "UH3qseUAAAAJ:wBLCggQE-ToC",
        "authors": "A Aparo, V Bonnici, G Micale, A Ferro, D Shasha, A Pulvirenti, R Giugno",
        "publication": "Practical Applications of Computational Biology and Bioinformatics, 12th \u2026, 2019",
        "year": "2019"
    },
    {
        "title": "VersionClimber: version upgrades without tears",
        "link": "https://scholar.google.com/citations?view_op=view_citation&hl=en&user=UH3qseUAAAAJ&cstart=320&citation_for_view=UH3qseUAAAAJ:YGhAHpnIhDoC",
        "citation_id": "UH3qseUAAAAJ:YGhAHpnIhDoC",
        "authors": "C Pradal, S Cohen-Boulakia, P Valduriez, D Shasha",
        "publication": "Computing in Science & Engineering 21 (5), 87-93, 2019",
        "year": "2019"
    },
    {
        "title": "Deferred runtime pipelining for contentious multicore software transactions (extended version)",
        "link": "https://scholar.google.com/citations?view_op=view_citation&hl=en&user=UH3qseUAAAAJ&cstart=320&citation_for_view=UH3qseUAAAAJ:vofGIMt6cyEC",
        "citation_id": "UH3qseUAAAAJ:vofGIMt6cyEC",
        "authors": "S Mu, S Angel, D Shasha",
        "publication": "Technical Report MS-CIS-19-02, University of Pennsylvania, 2019",
        "year": "2019"
    },
    {
        "title": "Feedback for foxes",
        "link": "https://scholar.google.com/citations?view_op=view_citation&hl=en&user=UH3qseUAAAAJ&cstart=400&citation_for_view=UH3qseUAAAAJ:hB2aVRuWZNwC",
        "citation_id": "UH3qseUAAAAJ:hB2aVRuWZNwC",
        "authors": "D Shasha",
        "publication": "Communications of the ACM 63 (1), 104-ff, 2019",
        "year": "2019"
    },
    {
        "title": "Dust wars",
        "link": "https://scholar.google.com/citations?view_op=view_citation&hl=en&user=UH3qseUAAAAJ&cstart=400&citation_for_view=UH3qseUAAAAJ:oH8HCDhqVGsC",
        "citation_id": "UH3qseUAAAAJ:oH8HCDhqVGsC",
        "authors": "D Shasha",
        "publication": "Communications of the ACM 62 (10), 104-ff, 2019",
        "year": "2019"
    },
    {
        "title": "Opioid games",
        "link": "https://scholar.google.com/citations?view_op=view_citation&hl=en&user=UH3qseUAAAAJ&cstart=400&citation_for_view=UH3qseUAAAAJ:Q3-QASNKTMEC",
        "citation_id": "UH3qseUAAAAJ:Q3-QASNKTMEC",
        "authors": "D Shasha",
        "publication": "Communications of the ACM 62 (7), 96-ff, 2019",
        "year": "2019"
    },
    {
        "title": "SafePredict: A Machine Learning Meta-Algorithm That Uses Refusals to Guarantee Correctness",
        "link": "https://scholar.google.com/citations?view_op=view_citation&hl=en&user=UH3qseUAAAAJ&cstart=420&citation_for_view=UH3qseUAAAAJ:cww_0JKUTDwC",
        "citation_id": "UH3qseUAAAAJ:cww_0JKUTDwC",
        "authors": "D Ramirez, MA Kocak, E Erkip, D Shasha",
        "publication": "LatinX in AI Research at ICML 2019, 2019",
        "year": "2019"
    },
    {
        "title": "The 4th Dimension of Transcriptional Networks: TIME",
        "link": "https://scholar.google.com/citations?view_op=view_citation&hl=en&user=UH3qseUAAAAJ&cstart=420&citation_for_view=UH3qseUAAAAJ:TiIbgCYny7sC",
        "citation_id": "UH3qseUAAAAJ:TiIbgCYny7sC",
        "authors": "G Coruzzi, K Varala, A Marshall\u2010Colon, M Brooks, S Ruffel, J Alvarez, ...",
        "publication": "The FASEB Journal 33 (S1), 343.1-343.1, 2019",
        "year": "2019"
    },
    {
        "title": "Fighting for lava",
        "link": "https://scholar.google.com/citations?view_op=view_citation&hl=en&user=UH3qseUAAAAJ&cstart=420&citation_for_view=UH3qseUAAAAJ:bCjgOgSFrM0C",
        "citation_id": "UH3qseUAAAAJ:bCjgOgSFrM0C",
        "authors": "D Shasha",
        "publication": "Communications of the ACM 62 (4), 144-144, 2019",
        "year": "2019"
    },
    {
        "title": "Temporal transcriptional logic of dynamic regulatory networks underlying nitrogen signaling and use in plants",
        "link": "https://scholar.google.com/citations?view_op=view_citation&hl=en&user=UH3qseUAAAAJ&cstart=40&citation_for_view=UH3qseUAAAAJ:d4tt_xEv1X8C",
        "citation_id": "UH3qseUAAAAJ:d4tt_xEv1X8C",
        "authors": "K Varala, A Marshall-Col\u00f3n, J Cirrone, MD Brooks, AV Pasquino, S L\u00e9ran, ...",
        "publication": "Proceedings of the National Academy of Sciences 115 (25), 6494-6499, 2018",
        "year": "2018"
    },
    {
        "title": "Fast analytical methods for finding significant labeled graph motifs",
        "link": "https://scholar.google.com/citations?view_op=view_citation&hl=en&user=UH3qseUAAAAJ&cstart=140&citation_for_view=UH3qseUAAAAJ:DQNrXyjhriIC",
        "citation_id": "UH3qseUAAAAJ:DQNrXyjhriIC",
        "authors": "G Micale, R Giugno, A Ferro, M Mongiov\u00ec, D Shasha, A Pulvirenti",
        "publication": "Data Mining and Knowledge Discovery 32, 504-531, 2018",
        "year": "2018"
    },
    {
        "title": "ParCorr: efficient parallel methods to identify similar time series pairs across sliding windows",
        "link": "https://scholar.google.com/citations?view_op=view_citation&hl=en&user=UH3qseUAAAAJ&cstart=180&citation_for_view=UH3qseUAAAAJ:K4-iKlO5MD4C",
        "citation_id": "UH3qseUAAAAJ:K4-iKlO5MD4C",
        "authors": "DE Yagoubi, R Akbarinia, B Kolev, O Levchenko, F Masseglia, ...",
        "publication": "Data Mining and Knowledge Discovery 32, 1481-1507, 2018",
        "year": "2018"
    },
    {
        "title": "SuperNoder: a tool to discover over-represented modular structures in networks",
        "link": "https://scholar.google.com/citations?view_op=view_citation&hl=en&user=UH3qseUAAAAJ&cstart=200&citation_for_view=UH3qseUAAAAJ:DIubQTN3OvUC",
        "citation_id": "UH3qseUAAAAJ:DIubQTN3OvUC",
        "authors": "D Dess\u00ec, J Cirrone, DR Recupero, D Shasha",
        "publication": "BMC bioinformatics 19, 1-12, 2018",
        "year": "2018"
    },
    {
        "title": "Scientific Data Analysis Using Data-Intensive Scalable Computing: The SciDISC Project.",
        "link": "https://scholar.google.com/citations?view_op=view_citation&hl=en&user=UH3qseUAAAAJ&cstart=220&citation_for_view=UH3qseUAAAAJ:ShjGdcaqzI0C",
        "citation_id": "UH3qseUAAAAJ:ShjGdcaqzI0C",
        "authors": "P Valduriez, M Mattoso, R Akbarinia, H Borges, JJ Camata, ...",
        "publication": "LADaS@ VLDB, 1-8, 2018",
        "year": "2018"
    },
    {
        "title": "System and method for mitigating frequency offsets in wireless systems",
        "link": "https://scholar.google.com/citations?view_op=view_citation&hl=en&user=UH3qseUAAAAJ&cstart=220&citation_for_view=UH3qseUAAAAJ:JH5k92_tO-AC",
        "citation_id": "UH3qseUAAAAJ:JH5k92_tO-AC",
        "authors": "A Dhananjay, S Rangan, D Shasha",
        "publication": "US Patent 9,912,510, 2018",
        "year": "2018"
    },
    {
        "title": "glabtrie: A data structure for motif discovery with constraints",
        "link": "https://scholar.google.com/citations?view_op=view_citation&hl=en&user=UH3qseUAAAAJ&cstart=220&citation_for_view=UH3qseUAAAAJ:4QKQTXcH0q8C",
        "citation_id": "UH3qseUAAAAJ:4QKQTXcH0q8C",
        "authors": "M Mongiov\u00ed, G Micale, A Ferro, R Giugno, A Pulvirenti, D Shasha",
        "publication": "Graph Data Management: Fundamental Issues and Recent Developments, 71-95, 2018",
        "year": "2018"
    },
    {
        "title": "Spark-parsketch: a massively distributed indexing of time series datasets",
        "link": "https://scholar.google.com/citations?view_op=view_citation&hl=en&user=UH3qseUAAAAJ&cstart=240&citation_for_view=UH3qseUAAAAJ:1EqfMoDn7-AC",
        "citation_id": "UH3qseUAAAAJ:1EqfMoDn7-AC",
        "authors": "O Levchenko, DE Yagoubi, R Akbarinia, F Masseglia, B Kolev, D Shasha",
        "publication": "Proceedings of the 27th ACM International Conference on Information and \u2026, 2018",
        "year": "2018"
    },
    {
        "title": "Improving tourism prediction models using climate and social media data: a fine-grained approach",
        "link": "https://scholar.google.com/citations?view_op=view_citation&hl=en&user=UH3qseUAAAAJ&cstart=240&citation_for_view=UH3qseUAAAAJ:C-Rn0OCouf8C",
        "citation_id": "UH3qseUAAAAJ:C-Rn0OCouf8C",
        "authors": "A Khatibi, F Belem, A Silva, D Shasha, J Almeida, M Goncalves",
        "publication": "Proceedings of the International AAAI Conference on Web and Social Media 12 (1), 2018",
        "year": "2018"
    },
    {
        "title": "Point pattern search in big data",
        "link": "https://scholar.google.com/citations?view_op=view_citation&hl=en&user=UH3qseUAAAAJ&cstart=280&citation_for_view=UH3qseUAAAAJ:3vbIHxFL9FgC",
        "citation_id": "UH3qseUAAAAJ:3vbIHxFL9FgC",
        "authors": "F Porto, JN Rittmeyer, E Ogasawara, A Krone-Martins, P Valduriez, ...",
        "publication": "Proceedings of the 30th International Conference on Scientific and \u2026, 2018",
        "year": "2018"
    },
    {
        "title": "Reducing Errors by Refusing to Guess (Occasionally).",
        "link": "https://scholar.google.com/citations?view_op=view_citation&hl=en&user=UH3qseUAAAAJ&cstart=300&citation_for_view=UH3qseUAAAAJ:GUYAmugLYisC",
        "citation_id": "UH3qseUAAAAJ:GUYAmugLYisC",
        "authors": "DE Shasha",
        "publication": "SBBD, 314, 2018",
        "year": "2018"
    },
    {
        "title": "An adaptive geometric search algorithm for macromolecular scaffold selection",
        "link": "https://scholar.google.com/citations?view_op=view_citation&hl=en&user=UH3qseUAAAAJ&cstart=340&citation_for_view=UH3qseUAAAAJ:qCpRzq7zkD8C",
        "citation_id": "UH3qseUAAAAJ:qCpRzq7zkD8C",
        "authors": "T Jiang, PD Renfrew, K Drew, N Youngs, GL Butterfoss, R Bonneau, ...",
        "publication": "Protein Engineering, Design and Selection 31 (9), 345-354, 2018",
        "year": "2018"
    },
    {
        "title": "Randomized anti-counterfeiting",
        "link": "https://scholar.google.com/citations?view_op=view_citation&hl=en&user=UH3qseUAAAAJ&cstart=420&citation_for_view=UH3qseUAAAAJ:GiYFt9mpioMC",
        "citation_id": "UH3qseUAAAAJ:GiYFt9mpioMC",
        "authors": "D Shasha",
        "publication": "Communications of the ACM 62 (1), 120-ff, 2018",
        "year": "2018"
    },
    {
        "title": "Bounce blockchain",
        "link": "https://scholar.google.com/citations?view_op=view_citation&hl=en&user=UH3qseUAAAAJ&cstart=420&citation_for_view=UH3qseUAAAAJ:inmFHauC9wsC",
        "citation_id": "UH3qseUAAAAJ:inmFHauC9wsC",
        "authors": "D Shasha",
        "publication": "Communications of the ACM 61 (9), 104-ff, 2018",
        "year": "2018"
    },
    {
        "title": "String wars",
        "link": "https://scholar.google.com/citations?view_op=view_citation&hl=en&user=UH3qseUAAAAJ&cstart=420&citation_for_view=UH3qseUAAAAJ:B2rIPIGFPLEC",
        "citation_id": "UH3qseUAAAAJ:B2rIPIGFPLEC",
        "authors": "D Shasha",
        "publication": "Communications of the ACM 61 (7), 104-104, 2018",
        "year": "2018"
    },
    {
        "title": "Platform Migrator",
        "link": "https://scholar.google.com/citations?view_op=view_citation&hl=en&user=UH3qseUAAAAJ&cstart=420&citation_for_view=UH3qseUAAAAJ:adHtZc2wMuEC",
        "citation_id": "UH3qseUAAAAJ:adHtZc2wMuEC",
        "authors": "M Contractor, C Pradal, D Shasha",
        "publication": "New York University, 2018",
        "year": "2018"
    },
    {
        "title": "Finding October",
        "link": "https://scholar.google.com/citations?view_op=view_citation&hl=en&user=UH3qseUAAAAJ&cstart=420&citation_for_view=UH3qseUAAAAJ:cRMvf6lLvU8C",
        "citation_id": "UH3qseUAAAAJ:cRMvf6lLvU8C",
        "authors": "D Shasha",
        "publication": "Communications of the ACM 61 (4), 96-ff, 2018",
        "year": "2018"
    },
    {
        "title": "The 4th Dimension of Gene Regulatory Networks: TIME",
        "link": "https://scholar.google.com/citations?view_op=view_citation&hl=en&user=UH3qseUAAAAJ&cstart=420&citation_for_view=UH3qseUAAAAJ:9VeumLvkZSQC",
        "citation_id": "UH3qseUAAAAJ:9VeumLvkZSQC",
        "authors": "G Coruzzi, K Varala, A Marshall-Colon, J Cirrone, M Brooks, AV Pasquino, ...",
        "publication": "Plant and Animal Genome XXVI Conference (January 13-17, 2018), 2018",
        "year": "2018"
    },
    {
        "title": "Platform Migrator. Technical Report TR2018-990",
        "link": "https://scholar.google.com/citations?view_op=view_citation&hl=en&user=UH3qseUAAAAJ&cstart=420&citation_for_view=UH3qseUAAAAJ:jRIwE-1ttnoC",
        "citation_id": "UH3qseUAAAAJ:jRIwE-1ttnoC",
        "authors": "M Contractor, C Pradal, D Shasha",
        "publication": "University of New-York, 2018",
        "year": "2018"
    },
    {
        "title": "Imitates",
        "link": "https://scholar.google.com/citations?view_op=view_citation&hl=en&user=UH3qseUAAAAJ&cstart=420&citation_for_view=UH3qseUAAAAJ:1paMEeroeoQC",
        "citation_id": "UH3qseUAAAAJ:1paMEeroeoQC",
        "authors": "O Levchenko, DEE Yagoubi, R Akbarinia, F Masseglia, B Kolev, ...",
        "publication": null,
        "year": "2018"
    },
    {
        "title": "Upstart puzzles polychromatic choreography",
        "link": "https://scholar.google.com/citations?view_op=view_citation&hl=en&user=UH3qseUAAAAJ&cstart=420&citation_for_view=UH3qseUAAAAJ:SWgZeABleR0C",
        "citation_id": "UH3qseUAAAAJ:SWgZeABleR0C",
        "authors": "D Shasha",
        "publication": "Communications of the ACM 61 (1), 2018",
        "year": "2018"
    },
    {
        "title": "Go with the flow: compositional abstractions for concurrent data structures",
        "link": "https://scholar.google.com/citations?view_op=view_citation&hl=en&user=UH3qseUAAAAJ&cstart=140&citation_for_view=UH3qseUAAAAJ:PVqtIyvKoSUC",
        "citation_id": "UH3qseUAAAAJ:PVqtIyvKoSUC",
        "authors": "S Krishna, D Shasha, T Wies",
        "publication": "Proceedings of the ACM on Programming Languages 2 (POPL), 1-31, 2017",
        "year": "2017"
    },
    {
        "title": "A collaborative approach to computational reproducibility",
        "link": "https://scholar.google.com/citations?view_op=view_citation&hl=en&user=UH3qseUAAAAJ&cstart=180&citation_for_view=UH3qseUAAAAJ:hvmnpdAuIbkC",
        "citation_id": "UH3qseUAAAAJ:hvmnpdAuIbkC",
        "authors": "F Chirigati, R Capone, D Shasha, R Rampin, J Freire",
        "publication": "arXiv preprint arXiv:1709.01154, 2017",
        "year": "2017"
    },
    {
        "title": "Crowdsourcing thousands of specialized labels: A Bayesian active training approach",
        "link": "https://scholar.google.com/citations?view_op=view_citation&hl=en&user=UH3qseUAAAAJ&cstart=180&citation_for_view=UH3qseUAAAAJ:QaSi33NTfwYC",
        "citation_id": "UH3qseUAAAAJ:QaSi33NTfwYC",
        "authors": "M Servajean, A Joly, D Shasha, J Champ, E Pacitti",
        "publication": "IEEE Transactions on Multimedia 19 (6), 1376-1391, 2017",
        "year": "2017"
    },
    {
        "title": "Constellation queries over big data",
        "link": "https://scholar.google.com/citations?view_op=view_citation&hl=en&user=UH3qseUAAAAJ&cstart=220&citation_for_view=UH3qseUAAAAJ:E7VqQtBCVmcC",
        "citation_id": "UH3qseUAAAAJ:E7VqQtBCVmcC",
        "authors": "F Porto, A Khatibi, JR Nobre, E Ogasawara, P Valduriez, D Shasha",
        "publication": "arXiv preprint arXiv:1703.02638, 2017",
        "year": "2017"
    },
    {
        "title": "Radiussketch: massively distributed indexing of time series",
        "link": "https://scholar.google.com/citations?view_op=view_citation&hl=en&user=UH3qseUAAAAJ&cstart=220&citation_for_view=UH3qseUAAAAJ:SrKkpNFED5gC",
        "citation_id": "UH3qseUAAAAJ:SrKkpNFED5gC",
        "authors": "DE Yagoubi, R Akbarinia, F Masseglia, D Shasha",
        "publication": "2017 IEEE International Conference on Data Science and Advanced Analytics \u2026, 2017",
        "year": "2017"
    },
    {
        "title": "Pheniqs: Fast and flexible quality-aware sequence demultiplexing",
        "link": "https://scholar.google.com/citations?view_op=view_citation&hl=en&user=UH3qseUAAAAJ&cstart=240&citation_for_view=UH3qseUAAAAJ:h168fVGZblEC",
        "citation_id": "UH3qseUAAAAJ:h168fVGZblEC",
        "authors": "L Galanti, D Shasha, K C. Gunsalus",
        "publication": "BioRxiv, 128512, 2017",
        "year": "2017"
    },
    {
        "title": "Pre-processing and indexing techniques for constellation queries in big data",
        "link": "https://scholar.google.com/citations?view_op=view_citation&hl=en&user=UH3qseUAAAAJ&cstart=280&citation_for_view=UH3qseUAAAAJ:0ngZmJvimKcC",
        "citation_id": "UH3qseUAAAAJ:0ngZmJvimKcC",
        "authors": "A Khatibi, F Porto, JG Rittmeyer, E Ogasawara, P Valduriez, D Shasha",
        "publication": "Big Data Analytics and Knowledge Discovery: 19th International Conference \u2026, 2017",
        "year": "2017"
    },
    {
        "title": "Polychromatic choreography",
        "link": "https://scholar.google.com/citations?view_op=view_citation&hl=en&user=UH3qseUAAAAJ&cstart=420&citation_for_view=UH3qseUAAAAJ:tBlTYpvFGQIC",
        "citation_id": "UH3qseUAAAAJ:tBlTYpvFGQIC",
        "authors": "D Shasha",
        "publication": "Communications of the ACM 61 (1), 120-120, 2017",
        "year": "2017"
    },
    {
        "title": "Go with the Flow: Compositional Abstractions for Concurrent Data Structures (Extended Version)",
        "link": "https://scholar.google.com/citations?view_op=view_citation&hl=en&user=UH3qseUAAAAJ&cstart=420&citation_for_view=UH3qseUAAAAJ:sgsej9ZJWHMC",
        "citation_id": "UH3qseUAAAAJ:sgsej9ZJWHMC",
        "authors": "S Krishna, D Shasha, T Wies",
        "publication": "arXiv preprint arXiv:1711.03272, 2017",
        "year": "2017"
    },
    {
        "title": "Partitioned peace",
        "link": "https://scholar.google.com/citations?view_op=view_citation&hl=en&user=UH3qseUAAAAJ&cstart=420&citation_for_view=UH3qseUAAAAJ:bXQfdp6S9ecC",
        "citation_id": "UH3qseUAAAAJ:bXQfdp6S9ecC",
        "authors": "D Shasha",
        "publication": "Communications of the ACM 60 (10), 112-ff, 2017",
        "year": "2017"
    },
    {
        "title": "Ruby risks",
        "link": "https://scholar.google.com/citations?view_op=view_citation&hl=en&user=UH3qseUAAAAJ&cstart=420&citation_for_view=UH3qseUAAAAJ:e84hm74t-eoC",
        "citation_id": "UH3qseUAAAAJ:e84hm74t-eoC",
        "authors": "D Shasha",
        "publication": "Communications of the ACM 60 (7), 104-104, 2017",
        "year": "2017"
    },
    {
        "title": "Secure transactions using alphacodes",
        "link": "https://scholar.google.com/citations?view_op=view_citation&hl=en&user=UH3qseUAAAAJ&cstart=420&citation_for_view=UH3qseUAAAAJ:z6xuaG2dYH0C",
        "citation_id": "UH3qseUAAAAJ:z6xuaG2dYH0C",
        "authors": "A Sharma, L Subramanian, D Shasha",
        "publication": "US Patent 9,680,806, 2017",
        "year": "2017"
    },
    {
        "title": "Stacking the deck",
        "link": "https://scholar.google.com/citations?view_op=view_citation&hl=en&user=UH3qseUAAAAJ&cstart=420&citation_for_view=UH3qseUAAAAJ:Ej9njvOgR2oC",
        "citation_id": "UH3qseUAAAAJ:Ej9njvOgR2oC",
        "authors": "D Shasha",
        "publication": "Communications of the ACM 60 (4), 96-96, 2017",
        "year": "2017"
    },
    {
        "title": "An expanded evaluation of protein function prediction methods shows an improvement in accuracy",
        "link": "https://scholar.google.com/citations?view_op=view_citation&hl=en&user=UH3qseUAAAAJ&citation_for_view=UH3qseUAAAAJ:8dzOF9BpDQoC",
        "citation_id": "UH3qseUAAAAJ:8dzOF9BpDQoC",
        "authors": "Y Jiang, TR Oron, WT Clark, AR Bankapur, D D\u2019Andrea, R Lepore, ...",
        "publication": "Genome biology 17, 1-19, 2016",
        "year": "2016"
    },
    {
        "title": "Reprozip: Computational reproducibility with ease",
        "link": "https://scholar.google.com/citations?view_op=view_citation&hl=en&user=UH3qseUAAAAJ&cstart=20&citation_for_view=UH3qseUAAAAJ:VL0QpB8kHFEC",
        "citation_id": "UH3qseUAAAAJ:VL0QpB8kHFEC",
        "authors": "F Chirigati, R Rampin, D Shasha, J Freire",
        "publication": "Proceedings of the 2016 international conference on management of data, 2085 \u2026, 2016",
        "year": "2016"
    },
    {
        "title": "ReproZip: the reproducibility packer",
        "link": "https://scholar.google.com/citations?view_op=view_citation&hl=en&user=UH3qseUAAAAJ&cstart=180&citation_for_view=UH3qseUAAAAJ:EBV337fEn3EC",
        "citation_id": "UH3qseUAAAAJ:EBV337fEn3EC",
        "authors": "R Rampin, F Chirigati, D Shasha, J Freire, V Steeves",
        "publication": "Journal of Open Source Software 1 (8), 107, 2016",
        "year": "2016"
    },
    {
        "title": "A course on programming and problem solving",
        "link": "https://scholar.google.com/citations?view_op=view_citation&hl=en&user=UH3qseUAAAAJ&cstart=200&citation_for_view=UH3qseUAAAAJ:AzKEL7Gb_04C",
        "citation_id": "UH3qseUAAAAJ:AzKEL7Gb_04C",
        "authors": "S Sheth, C Murphy, KA Ross, D Shasha",
        "publication": "Proceedings of the 47th ACM Technical Symposium on Computing Science \u2026, 2016",
        "year": "2016"
    },
    {
        "title": "Theplantgame: Actively training human annotators for domain-specific crowdsourcing",
        "link": "https://scholar.google.com/citations?view_op=view_citation&hl=en&user=UH3qseUAAAAJ&cstart=220&citation_for_view=UH3qseUAAAAJ:lbI08cpqPnQC",
        "citation_id": "UH3qseUAAAAJ:lbI08cpqPnQC",
        "authors": "M Servajean, A Joly, D Shasha, J Champ, E Pacitti",
        "publication": "Proceedings of the 24th ACM international conference on Multimedia, 720-721, 2016",
        "year": "2016"
    },
    {
        "title": "Conjugate Conformal Prediction for Online Binary Classification.",
        "link": "https://scholar.google.com/citations?view_op=view_citation&hl=en&user=UH3qseUAAAAJ&cstart=240&citation_for_view=UH3qseUAAAAJ:9shLKfS_uJEC",
        "citation_id": "UH3qseUAAAAJ:9shLKfS_uJEC",
        "authors": "MA Ko\u00e7ak, DE Shasha, E Erkip",
        "publication": "UAI, 2016",
        "year": "2016"
    },
    {
        "title": "Fast methods for statistical arbitrage",
        "link": "https://scholar.google.com/citations?view_op=view_citation&hl=en&user=UH3qseUAAAAJ&cstart=340&citation_for_view=UH3qseUAAAAJ:aEW5N-EHWIMC",
        "citation_id": "UH3qseUAAAAJ:aEW5N-EHWIMC",
        "authors": "E Soulas, D Shasha",
        "publication": "Data Stream Management: Processing High-Speed Data Streams, 473-497, 2016",
        "year": "2016"
    },
    {
        "title": "Open field tic-tac-toe",
        "link": "https://scholar.google.com/citations?view_op=view_citation&hl=en&user=UH3qseUAAAAJ&cstart=420&citation_for_view=UH3qseUAAAAJ:TGkaJS32XoUC",
        "citation_id": "UH3qseUAAAAJ:TGkaJS32XoUC",
        "authors": "D Shasha",
        "publication": "Communications of the ACM 60 (1), 112-112, 2016",
        "year": "2016"
    },
    {
        "title": "Corrupting data structures for privacy protection",
        "link": "https://scholar.google.com/citations?view_op=view_citation&hl=en&user=UH3qseUAAAAJ&cstart=420&citation_for_view=UH3qseUAAAAJ:-6RzNnnwWf8C",
        "citation_id": "UH3qseUAAAAJ:-6RzNnnwWf8C",
        "authors": "D Shasha",
        "publication": "US Patent 9,507,734, 2016",
        "year": "2016"
    },
    {
        "title": "Alphacodes: Usable, secure transactions with untrusted providers using human computable puzzles",
        "link": "https://scholar.google.com/citations?view_op=view_citation&hl=en&user=UH3qseUAAAAJ&cstart=440&citation_for_view=UH3qseUAAAAJ:eH23hyXCXa4C",
        "citation_id": "UH3qseUAAAAJ:eH23hyXCXa4C",
        "authors": "A Sharma, V Chandrasekaran, F Amjad, D Shasha, L Subramanian",
        "publication": "Proceedings of the 7th Annual Symposium on Computing for Development, 1-10, 2016",
        "year": "2016"
    },
    {
        "title": "Find me quickly",
        "link": "https://scholar.google.com/citations?view_op=view_citation&hl=en&user=UH3qseUAAAAJ&cstart=440&citation_for_view=UH3qseUAAAAJ:U0iAMwwPxtsC",
        "citation_id": "UH3qseUAAAAJ:U0iAMwwPxtsC",
        "authors": "D Shasha",
        "publication": "Communications of the ACM 59 (10), 96-96, 2016",
        "year": "2016"
    },
    {
        "title": "Regulation of root nitrate uptake by carbon and nitrogen using NRT2. 1 as a target",
        "link": "https://scholar.google.com/citations?view_op=view_citation&hl=en&user=UH3qseUAAAAJ&cstart=440&citation_for_view=UH3qseUAAAAJ:It0W0vAlS5QC",
        "citation_id": "UH3qseUAAAAJ:It0W0vAlS5QC",
        "authors": "S Ruffel, A Jacquot, C Fizames, D Shasha, P Tillard, V Santoni, ...",
        "publication": "International Congress\" Nitrogen 2016\" EMBO Conference: The Nitrogen \u2026, 2016",
        "year": "2016"
    },
    {
        "title": "Upstart Puzzles: Chair Games",
        "link": "https://scholar.google.com/citations?view_op=view_citation&hl=en&user=UH3qseUAAAAJ&cstart=440&citation_for_view=UH3qseUAAAAJ:rLGzs9wiiwIC",
        "citation_id": "UH3qseUAAAAJ:rLGzs9wiiwIC",
        "authors": "D Shasha",
        "publication": "Communications of the ACM 59 (7), 128-128, 2016",
        "year": "2016"
    },
    {
        "title": "NetMatchStar: an enhanced Cytoscape network querying app",
        "link": "https://scholar.google.com/citations?view_op=view_citation&hl=en&user=UH3qseUAAAAJ&cstart=160&citation_for_view=UH3qseUAAAAJ:0aBXIfxlw9sC",
        "citation_id": "UH3qseUAAAAJ:0aBXIfxlw9sC",
        "authors": "F Rinnone, G Micale, V Bonnici, GD Bader, D Shasha, A Ferro, ...",
        "publication": "F1000Research 4, 2015",
        "year": "2015"
    },
    {
        "title": "Positive-unlabeled learning in the face of labeling bias",
        "link": "https://scholar.google.com/citations?view_op=view_citation&hl=en&user=UH3qseUAAAAJ&cstart=180&citation_for_view=UH3qseUAAAAJ:4aZ_i-5WJEQC",
        "citation_id": "UH3qseUAAAAJ:4aZ_i-5WJEQC",
        "authors": "N Youngs, D Shasha, R Bonneau",
        "publication": "2015 IEEE International Conference on Data Mining Workshop (ICDMW), 639-645, 2015",
        "year": "2015"
    },
    {
        "title": "Computer system, client device and method",
        "link": "https://scholar.google.com/citations?view_op=view_citation&hl=en&user=UH3qseUAAAAJ&cstart=280&citation_for_view=UH3qseUAAAAJ:SAZ1SQo2q1kC",
        "citation_id": "UH3qseUAAAAJ:SAZ1SQo2q1kC",
        "authors": "D Shasha, A Meacham",
        "publication": "US Patent 9,171,271, 2015",
        "year": "2015"
    },
    {
        "title": "Anti-counterfeiting technique via attributes",
        "link": "https://scholar.google.com/citations?view_op=view_citation&hl=en&user=UH3qseUAAAAJ&cstart=280&citation_for_view=UH3qseUAAAAJ:T_ojBgVMvoEC",
        "citation_id": "UH3qseUAAAAJ:T_ojBgVMvoEC",
        "authors": "D Shasha, MD Ward",
        "publication": "US Patent App. 14/417,731, 2015",
        "year": "2015"
    },
    {
        "title": "Quiet: Faster belief propagation for images and related applications",
        "link": "https://scholar.google.com/citations?view_op=view_citation&hl=en&user=UH3qseUAAAAJ&cstart=300&citation_for_view=UH3qseUAAAAJ:zdjWy_NXXwUC",
        "citation_id": "UH3qseUAAAAJ:zdjWy_NXXwUC",
        "authors": "Y Fujiwara, D Shasha",
        "publication": "Twenty-Fourth International Joint Conference on Artificial Intelligence, 2015",
        "year": "2015"
    },
    {
        "title": "Upstart puzzles: Ice trap",
        "link": "https://scholar.google.com/citations?view_op=view_citation&hl=en&user=UH3qseUAAAAJ&cstart=440&citation_for_view=UH3qseUAAAAJ:zwpXiJ37cpgC",
        "citation_id": "UH3qseUAAAAJ:zwpXiJ37cpgC",
        "authors": "D Shasha",
        "publication": "Communications of the ACM 59 (1), 136-136, 2015",
        "year": "2015"
    },
    {
        "title": "Upstart puzzles: Auction triplets",
        "link": "https://scholar.google.com/citations?view_op=view_citation&hl=en&user=UH3qseUAAAAJ&cstart=440&citation_for_view=UH3qseUAAAAJ:AYInfyleIOsC",
        "citation_id": "UH3qseUAAAAJ:AYInfyleIOsC",
        "authors": "D Shasha",
        "publication": "Communications of the ACM 58 (11), 136-136, 2015",
        "year": "2015"
    },
    {
        "title": "NetMatchstar: an enhanced Cytoscape network querying app [version 1; referees: 2 approved]",
        "link": "https://scholar.google.com/citations?view_op=view_citation&hl=en&user=UH3qseUAAAAJ&cstart=440&citation_for_view=UH3qseUAAAAJ:xm1hsP5ya-EC",
        "citation_id": "UH3qseUAAAAJ:xm1hsP5ya-EC",
        "authors": "F Rinnone, G Micale, V Bonnici, GD Bader, D Shasha, A Ferro, ...",
        "publication": null,
        "year": "2015"
    },
    {
        "title": "querying app [version 2; peer review: 2 approved]",
        "link": "https://scholar.google.com/citations?view_op=view_citation&hl=en&user=UH3qseUAAAAJ&cstart=440&citation_for_view=UH3qseUAAAAJ:qSd0DAb9jMoC",
        "citation_id": "UH3qseUAAAAJ:qSd0DAb9jMoC",
        "authors": "F Rinnone, G Micale, V Bonnici, GD Bader, D Shasha, A Ferro, ...",
        "publication": null,
        "year": "2015"
    },
    {
        "title": "Brighten up",
        "link": "https://scholar.google.com/citations?view_op=view_citation&hl=en&user=UH3qseUAAAAJ&cstart=440&citation_for_view=UH3qseUAAAAJ:RXiHnyRawswC",
        "citation_id": "UH3qseUAAAAJ:RXiHnyRawswC",
        "authors": "D Shasha",
        "publication": "Communications of the ACM 58 (8), 2015",
        "year": "2015"
    },
    {
        "title": "Upstart puzzles: Strategic friendship",
        "link": "https://scholar.google.com/citations?view_op=view_citation&hl=en&user=UH3qseUAAAAJ&cstart=440&citation_for_view=UH3qseUAAAAJ:VBDT71xRUdcC",
        "citation_id": "UH3qseUAAAAJ:VBDT71xRUdcC",
        "authors": "D Shasha",
        "publication": "Communications of the ACM 58 (5), 88-88, 2015",
        "year": "2015"
    },
    {
        "title": "Upstart Puzzles: Take Your Seats",
        "link": "https://scholar.google.com/citations?view_op=view_citation&hl=en&user=UH3qseUAAAAJ&cstart=440&citation_for_view=UH3qseUAAAAJ:silx2ntsSuwC",
        "citation_id": "UH3qseUAAAAJ:silx2ntsSuwC",
        "authors": "D Shasha",
        "publication": "Communications of the ACM 58 (2), 104-104, 2015",
        "year": "2015"
    },
    {
        "title": "Synthetic RNAs for gene regulation: design principles and computational tools",
        "link": "https://scholar.google.com/citations?view_op=view_citation&hl=en&user=UH3qseUAAAAJ&cstart=120&citation_for_view=UH3qseUAAAAJ:wvYxNZNCP7wC",
        "citation_id": "UH3qseUAAAAJ:wvYxNZNCP7wC",
        "authors": "A Lagan\u00e0, D Shasha, CM Croce",
        "publication": "Frontiers in bioengineering and biotechnology 2, 65, 2014",
        "year": "2014"
    },
    {
        "title": "Negative example selection for protein function prediction: the NoGO database",
        "link": "https://scholar.google.com/citations?view_op=view_citation&hl=en&user=UH3qseUAAAAJ&cstart=120&citation_for_view=UH3qseUAAAAJ:P7Ujq4OLJYoC",
        "citation_id": "UH3qseUAAAAJ:P7Ujq4OLJYoC",
        "authors": "N Youngs, D Penfold-Brown, R Bonneau, D Shasha",
        "publication": "PLoS computational biology 10 (6), e1003644, 2014",
        "year": "2014"
    },
    {
        "title": "miR-Synth: a computational resource for the design of multi-site multi-target synthetic miRNAs",
        "link": "https://scholar.google.com/citations?view_op=view_citation&hl=en&user=UH3qseUAAAAJ&cstart=120&citation_for_view=UH3qseUAAAAJ:gsN89kCJA0AC",
        "citation_id": "UH3qseUAAAAJ:gsN89kCJA0AC",
        "authors": "A Lagan\u00e0, M Acunzo, G Romano, A Pulvirenti, D Veneziano, L Cascione, ...",
        "publication": "Nucleic acids research 42 (9), 5416-5425, 2014",
        "year": "2014"
    },
    {
        "title": "A model project for reproducible papers: critical temperature for the Ising model on a square lattice",
        "link": "https://scholar.google.com/citations?view_op=view_citation&hl=en&user=UH3qseUAAAAJ&cstart=200&citation_for_view=UH3qseUAAAAJ:F1b5ZUV5XREC",
        "citation_id": "UH3qseUAAAAJ:F1b5ZUV5XREC",
        "authors": "M Dolfi, J Gukelberger, A Hehn, J Imri\u0161ka, K Pakrouski, TF R\u00f8nnow, ...",
        "publication": "arXiv preprint arXiv:1401.2000, 2014",
        "year": "2014"
    },
    {
        "title": "Upstart puzzles: Proving without teaching/teaching without proving",
        "link": "https://scholar.google.com/citations?view_op=view_citation&hl=en&user=UH3qseUAAAAJ&cstart=340&citation_for_view=UH3qseUAAAAJ:69ZgNCALVd0C",
        "citation_id": "UH3qseUAAAAJ:69ZgNCALVd0C",
        "authors": "D Shasha",
        "publication": "Communications of the ACM 57 (11), 120-120, 2014",
        "year": "2014"
    },
    {
        "title": "Verifiable auction: An auction system for a suspicious world",
        "link": "https://scholar.google.com/citations?view_op=view_citation&hl=en&user=UH3qseUAAAAJ&cstart=440&citation_for_view=UH3qseUAAAAJ:BJtnxTr0fRcC",
        "citation_id": "UH3qseUAAAAJ:BJtnxTr0fRcC",
        "authors": "M Rosenberg, D Shasha",
        "publication": "New York University, 2014",
        "year": "2014"
    },
    {
        "title": "Tuning Database Design for High Performance.",
        "link": "https://scholar.google.com/citations?view_op=view_citation&hl=en&user=UH3qseUAAAAJ&cstart=440&citation_for_view=UH3qseUAAAAJ:w0F2JDEymm0C",
        "citation_id": "UH3qseUAAAAJ:w0F2JDEymm0C",
        "authors": "P Bonnet, DE Shasha",
        "publication": "Computing Handbook, 3rd ed.(2), 9:1-15, 2014",
        "year": "2014"
    },
    {
        "title": "Dearly beloved: The five rules to help your parents die a peaceful death",
        "link": "https://scholar.google.com/citations?view_op=view_citation&hl=en&user=UH3qseUAAAAJ&cstart=440&citation_for_view=UH3qseUAAAAJ:RtRctb2lSbAC",
        "citation_id": "UH3qseUAAAAJ:RtRctb2lSbAC",
        "authors": "D Shasha",
        "publication": null,
        "year": "2014"
    },
    {
        "title": "A subgraph isomorphism algorithm and its application to biochemical data",
        "link": "https://scholar.google.com/citations?view_op=view_citation&hl=en&user=UH3qseUAAAAJ&cstart=20&citation_for_view=UH3qseUAAAAJ:8AbLer7MMksC",
        "citation_id": "UH3qseUAAAAJ:8AbLer7MMksC",
        "authors": "V Bonnici, R Giugno, A Pulvirenti, D Shasha, A Ferro",
        "publication": "BMC bioinformatics 14, 1-13, 2013",
        "year": "2013"
    },
    {
        "title": "Gene regulatory networks in plants: learning causality from time and perturbation",
        "link": "https://scholar.google.com/citations?view_op=view_citation&hl=en&user=UH3qseUAAAAJ&cstart=60&citation_for_view=UH3qseUAAAAJ:JoZmwDi-zQgC",
        "citation_id": "UH3qseUAAAAJ:JoZmwDi-zQgC",
        "authors": "G Krouk, J Lingeman, AM Colon, G Coruzzi, D Shasha",
        "publication": "Genome biology 14, 1-7, 2013",
        "year": "2013"
    },
    {
        "title": "Database outsourcing with access privacy",
        "link": "https://scholar.google.com/citations?view_op=view_citation&hl=en&user=UH3qseUAAAAJ&cstart=80&citation_for_view=UH3qseUAAAAJ:Aul-kAQHnToC",
        "citation_id": "UH3qseUAAAAJ:Aul-kAQHnToC",
        "authors": "D Shasha, P Williams, R Sion",
        "publication": "US Patent 8,458,451, 2013",
        "year": "2013"
    },
    {
        "title": "Grapes: A software for parallel searching on biological graphs targeting multi-core architectures",
        "link": "https://scholar.google.com/citations?view_op=view_citation&hl=en&user=UH3qseUAAAAJ&cstart=80&citation_for_view=UH3qseUAAAAJ:uc_IGeMz5qoC",
        "citation_id": "UH3qseUAAAAJ:uc_IGeMz5qoC",
        "authors": "R Giugno, V Bonnici, N Bombieri, A Pulvirenti, A Ferro, D Shasha",
        "publication": "PloS one 8 (10), e76911, 2013",
        "year": "2013"
    },
    {
        "title": "Parametric Bayesian priors and better choice of negative examples improve protein function prediction",
        "link": "https://scholar.google.com/citations?view_op=view_citation&hl=en&user=UH3qseUAAAAJ&cstart=120&citation_for_view=UH3qseUAAAAJ:5awf1xo2G04C",
        "citation_id": "UH3qseUAAAAJ:5awf1xo2G04C",
        "authors": "N Youngs, D Penfold-Brown, K Drew, D Shasha, R Bonneau",
        "publication": "Bioinformatics 29 (9), 1190-1198, 2013",
        "year": "2013"
    },
    {
        "title": "Packing experiments for sharing and publication",
        "link": "https://scholar.google.com/citations?view_op=view_citation&hl=en&user=UH3qseUAAAAJ&cstart=180&citation_for_view=UH3qseUAAAAJ:_Re3VWB3Y0AC",
        "citation_id": "UH3qseUAAAAJ:_Re3VWB3Y0AC",
        "authors": "F Chirigati, D Shasha, J Freire",
        "publication": "Proceedings of the 2013 ACM SIGMOD International Conference on Management of \u2026, 2013",
        "year": "2013"
    },
    {
        "title": "A Computational Reproducibility Benchmark.",
        "link": "https://scholar.google.com/citations?view_op=view_citation&hl=en&user=UH3qseUAAAAJ&cstart=200&citation_for_view=UH3qseUAAAAJ:kuK5TVdYjLIC",
        "citation_id": "UH3qseUAAAAJ:kuK5TVdYjLIC",
        "authors": "FS Chirigati, M Troyer, DE Shasha, J Freire",
        "publication": "IEEE Data Eng. Bull. 36 (4), 54-59, 2013",
        "year": "2013"
    },
    {
        "title": "Hand gesture recognition in mobile devices: Enhancing the musical experience",
        "link": "https://scholar.google.com/citations?view_op=view_citation&hl=en&user=UH3qseUAAAAJ&cstart=200&citation_for_view=UH3qseUAAAAJ:t7zJ5fGR-2UC",
        "citation_id": "UH3qseUAAAAJ:t7zJ5fGR-2UC",
        "authors": "O Nieto, D Shasha",
        "publication": "Proceedings of the 10th International Symposium on Computer Music \u2026, 2013",
        "year": "2013"
    },
    {
        "title": "Online machine learning algorithms for currency exchange prediction",
        "link": "https://scholar.google.com/citations?view_op=view_citation&hl=en&user=UH3qseUAAAAJ&cstart=200&citation_for_view=UH3qseUAAAAJ:k8Z6L05lTy4C",
        "citation_id": "UH3qseUAAAAJ:k8Z6L05lTy4C",
        "authors": "E Soulas, D Shasha",
        "publication": "Computer Science Department in New York University, Tech. Rep 31, 2013",
        "year": "2013"
    },
    {
        "title": "AppSleuth: a tool for database tuning at the application level",
        "link": "https://scholar.google.com/citations?view_op=view_citation&hl=en&user=UH3qseUAAAAJ&cstart=200&citation_for_view=UH3qseUAAAAJ:SpbeaW3--B0C",
        "citation_id": "UH3qseUAAAAJ:SpbeaW3--B0C",
        "authors": "W Cao, D Shasha",
        "publication": "Proceedings of the 16th International Conference on Extending Database \u2026, 2013",
        "year": "2013"
    },
    {
        "title": "\u00e9s J. Freire,\u201eReproZip: Using Provenance to Support Computational Reproducibility.\u201d",
        "link": "https://scholar.google.com/citations?view_op=view_citation&hl=en&user=UH3qseUAAAAJ&cstart=200&citation_for_view=UH3qseUAAAAJ:t9Ks5LMjN0QC",
        "citation_id": "UH3qseUAAAAJ:t9Ks5LMjN0QC",
        "authors": "FS Chirigati, D Shasha",
        "publication": "TaPP, 2013",
        "year": "2013"
    },
    {
        "title": "Locality optimization for data parallel programs",
        "link": "https://scholar.google.com/citations?view_op=view_citation&hl=en&user=UH3qseUAAAAJ&cstart=260&citation_for_view=UH3qseUAAAAJ:oNZyr7d5Mn4C",
        "citation_id": "UH3qseUAAAAJ:oNZyr7d5Mn4C",
        "authors": "E Hielscher",
        "publication": "New York University, 2013",
        "year": "2013"
    },
    {
        "title": "Tuning in action",
        "link": "https://scholar.google.com/citations?view_op=view_citation&hl=en&user=UH3qseUAAAAJ&cstart=280&citation_for_view=UH3qseUAAAAJ:BwyfMAYsbu0C",
        "citation_id": "UH3qseUAAAAJ:BwyfMAYsbu0C",
        "authors": "W Cao, D Shasha",
        "publication": "Proceedings of the 16th International Conference on Extending Database \u2026, 2013",
        "year": "2013"
    },
    {
        "title": "Database Programming Languages (DBPL-4): Proceedings of the Fourth International Workshop on Database Programming Languages\u2014Object Models and Languages, Manhattan, New York \u2026",
        "link": "https://scholar.google.com/citations?view_op=view_citation&hl=en&user=UH3qseUAAAAJ&cstart=440&citation_for_view=UH3qseUAAAAJ:5icHVeHT4IsC",
        "citation_id": "UH3qseUAAAAJ:5icHVeHT4IsC",
        "authors": "C Beeri, A Ohori, D Shasha",
        "publication": "Springer Science & Business Media, 2013",
        "year": "2013"
    },
    {
        "title": "AppSleuth",
        "link": "https://scholar.google.com/citations?view_op=view_citation&hl=en&user=UH3qseUAAAAJ&cstart=440&citation_for_view=UH3qseUAAAAJ:-BKJ5vZJwzMC",
        "citation_id": "UH3qseUAAAAJ:-BKJ5vZJwzMC",
        "authors": "W Cao, D Shasha",
        "publication": "Proceedings of the 16th International Conference on Extending Database \u2026, 2013",
        "year": "2013"
    },
    {
        "title": "User's Guide",
        "link": "https://scholar.google.com/citations?view_op=view_citation&hl=en&user=UH3qseUAAAAJ&cstart=440&citation_for_view=UH3qseUAAAAJ:G7txJ4jiatkC",
        "citation_id": "UH3qseUAAAAJ:G7txJ4jiatkC",
        "authors": "R Giugno, V Bonnici, N Bombieri, A Pulvirenti, A Ferro, D Shasha",
        "publication": null,
        "year": "2013"
    },
    {
        "title": "Computational reproducibility: state-of-the-art, challenges, and database research opportunities",
        "link": "https://scholar.google.com/citations?view_op=view_citation&hl=en&user=UH3qseUAAAAJ&cstart=60&citation_for_view=UH3qseUAAAAJ:B3FOqHPlNUQC",
        "citation_id": "UH3qseUAAAAJ:B3FOqHPlNUQC",
        "authors": "J Freire, P Bonnet, D Shasha",
        "publication": "Proceedings of the 2012 ACM SIGMOD international conference on management of \u2026, 2012",
        "year": "2012"
    },
    {
        "title": "Parakeet: A {Just-In-Time} parallel accelerator for python",
        "link": "https://scholar.google.com/citations?view_op=view_citation&hl=en&user=UH3qseUAAAAJ&cstart=100&citation_for_view=UH3qseUAAAAJ:qE4H1tSSYIIC",
        "citation_id": "UH3qseUAAAAJ:qE4H1tSSYIIC",
        "authors": "A Rubinsteyn, E Hielscher, N Weinman, D Shasha",
        "publication": "4th USENIX Workshop on Hot Topics in Parallelism (HotPar 12), 2012",
        "year": "2012"
    },
    {
        "title": "miR-EdiTar: a database of predicted A-to-I edited miRNA target sites",
        "link": "https://scholar.google.com/citations?view_op=view_citation&hl=en&user=UH3qseUAAAAJ&cstart=140&citation_for_view=UH3qseUAAAAJ:AXPGKjj_ei8C",
        "citation_id": "UH3qseUAAAAJ:AXPGKjj_ei8C",
        "authors": "A Lagan\u00e0, A Paone, D Veneziano, L Cascione, P Gasparini, S Carasi, ...",
        "publication": "Bioinformatics 28 (23), 3166-3168, 2012",
        "year": "2012"
    },
    {
        "title": "Network inference in molecular biology: a hands-on framework",
        "link": "https://scholar.google.com/citations?view_op=view_citation&hl=en&user=UH3qseUAAAAJ&cstart=160&citation_for_view=UH3qseUAAAAJ:0KyAp5RtaNEC",
        "citation_id": "UH3qseUAAAAJ:0KyAp5RtaNEC",
        "authors": "JM Lingeman, D Shasha",
        "publication": "Springer Science & Business Media, 2012",
        "year": "2012"
    },
    {
        "title": "JustMyFriends: full SQL, full transactional amenities, and access privacy",
        "link": "https://scholar.google.com/citations?view_op=view_citation&hl=en&user=UH3qseUAAAAJ&cstart=240&citation_for_view=UH3qseUAAAAJ:TIZ-Mc8IlK0C",
        "citation_id": "UH3qseUAAAAJ:TIZ-Mc8IlK0C",
        "authors": "A Meacham, D Shasha",
        "publication": "Proceedings of the 2012 ACM SIGMOD International Conference on Management of \u2026, 2012",
        "year": "2012"
    },
    {
        "title": "Future of computing: inspiration from nature",
        "link": "https://scholar.google.com/citations?view_op=view_citation&hl=en&user=UH3qseUAAAAJ&cstart=280&citation_for_view=UH3qseUAAAAJ:9Nmd_mFXekcC",
        "citation_id": "UH3qseUAAAAJ:9Nmd_mFXekcC",
        "authors": "D Shasha",
        "publication": "XRDS: Crossroads, The ACM Magazine for Students 18 (3), 38-39, 2012",
        "year": "2012"
    },
    {
        "title": "Efficient techniques for graph searching and biological network mining",
        "link": "https://scholar.google.com/citations?view_op=view_citation&hl=en&user=UH3qseUAAAAJ&cstart=280&citation_for_view=UH3qseUAAAAJ:XD-gHx7UXLsC",
        "citation_id": "UH3qseUAAAAJ:XD-gHx7UXLsC",
        "authors": "A Ferro, R Giugno, A Pulvirenti, D Shasha",
        "publication": "Graph Data Management: Techniques and Applications, 89-111, 2012",
        "year": "2012"
    },
    {
        "title": "Clustering Data",
        "link": "https://scholar.google.com/citations?view_op=view_citation&hl=en&user=UH3qseUAAAAJ&cstart=340&citation_for_view=UH3qseUAAAAJ:ZzlSgRqYykMC",
        "citation_id": "UH3qseUAAAAJ:ZzlSgRqYykMC",
        "authors": "JM Lingeman, D Shasha, JM Lingeman, D Shasha",
        "publication": "Network Inference in Molecular Biology: A Hands-on Framework, 11-22, 2012",
        "year": "2012"
    },
    {
        "title": "Core algorithms to search in biological structured data",
        "link": "https://scholar.google.com/citations?view_op=view_citation&hl=en&user=UH3qseUAAAAJ&cstart=440&citation_for_view=UH3qseUAAAAJ:5qfkUJPXOUwC",
        "citation_id": "UH3qseUAAAAJ:5qfkUJPXOUwC",
        "authors": "V Bonnici, R Giugno, A Pulvirenti, D Shasha, A Ferro",
        "publication": "EMBnet. journal 18 (A), 65-66, 2012",
        "year": "2012"
    },
    {
        "title": "Network Inference in Molecular Biology: A Hands-on Framework",
        "link": "https://scholar.google.com/citations?view_op=view_citation&hl=en&user=UH3qseUAAAAJ&cstart=440&citation_for_view=UH3qseUAAAAJ:jtOrAYjvdewC",
        "citation_id": "UH3qseUAAAAJ:jtOrAYjvdewC",
        "authors": "D Shasha, JM Lingeman",
        "publication": "Springer, 2012",
        "year": "2012"
    },
    {
        "title": "Overview of Network Inference",
        "link": "https://scholar.google.com/citations?view_op=view_citation&hl=en&user=UH3qseUAAAAJ&cstart=440&citation_for_view=UH3qseUAAAAJ:VN7nJs4JPk0C",
        "citation_id": "UH3qseUAAAAJ:VN7nJs4JPk0C",
        "authors": "JM Lingeman, D Shasha, JM Lingeman, D Shasha",
        "publication": "Network Inference in Molecular Biology: A Hands-on Framework, 1-9, 2012",
        "year": "2012"
    },
    {
        "title": "Pipelines",
        "link": "https://scholar.google.com/citations?view_op=view_citation&hl=en&user=UH3qseUAAAAJ&cstart=460&citation_for_view=UH3qseUAAAAJ:wKETBy42zhYC",
        "citation_id": "UH3qseUAAAAJ:wKETBy42zhYC",
        "authors": "JM Lingeman, D Shasha, JM Lingeman, D Shasha",
        "publication": "Network Inference in Molecular Biology: A Hands-on Framework, 77-95, 2012",
        "year": "2012"
    },
    {
        "title": "Step 2: Use Steady State Data for Network Inference",
        "link": "https://scholar.google.com/citations?view_op=view_citation&hl=en&user=UH3qseUAAAAJ&cstart=460&citation_for_view=UH3qseUAAAAJ:Ug5p-4gJ2f0C",
        "citation_id": "UH3qseUAAAAJ:Ug5p-4gJ2f0C",
        "authors": "JM Lingeman, D Shasha, JM Lingeman, D Shasha",
        "publication": "Network Inference in Molecular Biology: A Hands-on Framework, 23-50, 2012",
        "year": "2012"
    },
    {
        "title": "Step 3: Using Time-Series Data",
        "link": "https://scholar.google.com/citations?view_op=view_citation&hl=en&user=UH3qseUAAAAJ&cstart=460&citation_for_view=UH3qseUAAAAJ:e_rmSamDkqQC",
        "citation_id": "UH3qseUAAAAJ:e_rmSamDkqQC",
        "authors": "JM Lingeman, D Shasha, JM Lingeman, D Shasha",
        "publication": "Network Inference in Molecular Biology: A Hands-on Framework, 51-76, 2012",
        "year": "2012"
    }
]