[
    {
        "title": "Neural distributed compressor discovers binning",
        "link": "https://scholar.google.com/citations?view_op=view_citation&hl=en&user=FXzV5yQAAAAJ&cstart=200&citation_for_view=FXzV5yQAAAAJ:zwpXiJ37cpgC",
        "citation_id": "FXzV5yQAAAAJ:zwpXiJ37cpgC",
        "authors": "E Ozyilkan, J Ball\u00e9, E Erkip",
        "publication": "IEEE Journal on Selected Areas in Information Theory, 2024",
        "year": "2024"
    },
    {
        "title": "Distributed compression in the era of machine learning: A review of recent advances",
        "link": "https://scholar.google.com/citations?view_op=view_citation&hl=en&user=FXzV5yQAAAAJ&cstart=240&citation_for_view=FXzV5yQAAAAJ:NMlhSUseqAsC",
        "citation_id": "FXzV5yQAAAAJ:NMlhSUseqAsC",
        "authors": "E \u00d6zy\u0131lkan, E Erkip",
        "publication": "2024 58th Annual Conference on Information Sciences and Systems (CISS), 1-6, 2024",
        "year": "2024"
    },
    {
        "title": "Database matching under noisy synchronization errors",
        "link": "https://scholar.google.com/citations?view_op=view_citation&hl=en&user=FXzV5yQAAAAJ&cstart=260&citation_for_view=FXzV5yQAAAAJ:Wq2b2clWBLsC",
        "citation_id": "FXzV5yQAAAAJ:Wq2b2clWBLsC",
        "authors": "S Bakirtas, E Erkip",
        "publication": "IEEE Transactions on Information Theory, 2024",
        "year": "2024"
    },
    {
        "title": "Split Computing With Scalable Feature Compression for Visual Analytics on the Edge",
        "link": "https://scholar.google.com/citations?view_op=view_citation&hl=en&user=FXzV5yQAAAAJ&cstart=300&citation_for_view=FXzV5yQAAAAJ:mel-f30kHHgC",
        "citation_id": "FXzV5yQAAAAJ:mel-f30kHHgC",
        "authors": "Z Yuan, S Rawlekar, S Garg, E Erkip, Y Wang",
        "publication": "IEEE Transactions on Multimedia, 2024",
        "year": "2024"
    },
    {
        "title": "Learning-Based Compress-and-Forward Schemes for the Relay Channel",
        "link": "https://scholar.google.com/citations?view_op=view_citation&hl=en&user=FXzV5yQAAAAJ&cstart=300&citation_for_view=FXzV5yQAAAAJ:G1UMdFYMoxkC",
        "citation_id": "FXzV5yQAAAAJ:G1UMdFYMoxkC",
        "authors": "E Ozyilkan, F Carpi, S Garg, E Erkip",
        "publication": "arXiv preprint arXiv:2405.09534, 2024",
        "year": "2024"
    },
    {
        "title": "One-Shot Wyner-Ziv Compression of a Uniform Source",
        "link": "https://scholar.google.com/citations?view_op=view_citation&hl=en&user=FXzV5yQAAAAJ&cstart=300&citation_for_view=FXzV5yQAAAAJ:RuPIJ_LgqDgC",
        "citation_id": "FXzV5yQAAAAJ:RuPIJ_LgqDgC",
        "authors": "OK \u00dclger, E Erkip",
        "publication": "arXiv preprint arXiv:2405.01774, 2024",
        "year": "2024"
    },
    {
        "title": "One-Shot Wyner-Ziv Compression of a Uniform Source",
        "link": "https://scholar.google.com/citations?view_op=view_citation&hl=en&user=FXzV5yQAAAAJ&cstart=300&citation_for_view=FXzV5yQAAAAJ:hvmnpdAuIbkC",
        "citation_id": "FXzV5yQAAAAJ:hvmnpdAuIbkC",
        "authors": "O Kubilay \u00dclger, E Erkip",
        "publication": "arXiv e-prints, arXiv: 2405.01774, 2024",
        "year": "2024"
    },
    {
        "title": "Learned Pulse Shaping Design for PAPR Reduction in DFT-s-OFDM",
        "link": "https://scholar.google.com/citations?view_op=view_citation&hl=en&user=FXzV5yQAAAAJ&cstart=300&citation_for_view=FXzV5yQAAAAJ:8dzOF9BpDQoC",
        "citation_id": "FXzV5yQAAAAJ:8dzOF9BpDQoC",
        "authors": "F Carpi, S Rostami, J Cho, S Garg, E Erkip, CJ Zhang",
        "publication": "arXiv preprint arXiv:2404.16137, 2024",
        "year": "2024"
    },
    {
        "title": "Neural Compress-and-Forward for the Relay Channel",
        "link": "https://scholar.google.com/citations?view_op=view_citation&hl=en&user=FXzV5yQAAAAJ&cstart=300&citation_for_view=FXzV5yQAAAAJ:Zh0EY9V9P6UC",
        "citation_id": "FXzV5yQAAAAJ:Zh0EY9V9P6UC",
        "authors": "E Ozyilkan, F Carpi, S Garg, E Erkip",
        "publication": "arXiv preprint arXiv:2404.14594, 2024",
        "year": "2024"
    },
    {
        "title": "Pilot-Attacks Can Enable Positive-Rate Covert Communications of Wireless Hardware Trojans",
        "link": "https://scholar.google.com/citations?view_op=view_citation&hl=en&user=FXzV5yQAAAAJ&cstart=300&citation_for_view=FXzV5yQAAAAJ:KWzIFqRkAKkC",
        "citation_id": "FXzV5yQAAAAJ:KWzIFqRkAKkC",
        "authors": "S Bakirtas, MR Bloch, E Erkip",
        "publication": "arXiv preprint arXiv:2404.09922, 2024",
        "year": "2024"
    },
    {
        "title": "Towards Efficient Device Identification in Massive Random Access: A Multi-stage Approach",
        "link": "https://scholar.google.com/citations?view_op=view_citation&hl=en&user=FXzV5yQAAAAJ&cstart=300&citation_for_view=FXzV5yQAAAAJ:4aZ_i-5WJEQC",
        "citation_id": "FXzV5yQAAAAJ:4aZ_i-5WJEQC",
        "authors": "J Robin, E Erkip",
        "publication": "arXiv preprint arXiv:2404.09062, 2024",
        "year": "2024"
    },
    {
        "title": "Distribution-Agnostic Database De-Anonymization Under Obfuscation And Synchronization Errors",
        "link": "https://scholar.google.com/citations?view_op=view_citation&hl=en&user=FXzV5yQAAAAJ&cstart=300&citation_for_view=FXzV5yQAAAAJ:-uzm3Y7AvW0C",
        "citation_id": "FXzV5yQAAAAJ:-uzm3Y7AvW0C",
        "authors": "S Bakirtas, E Erkip",
        "publication": "arXiv preprint arXiv:2404.01366, 2024",
        "year": "2024"
    },
    {
        "title": "Robust Distributed Compression with Learned Heegard-Berger Scheme",
        "link": "https://scholar.google.com/citations?view_op=view_citation&hl=en&user=FXzV5yQAAAAJ&cstart=300&citation_for_view=FXzV5yQAAAAJ:JP7YXuLIOvAC",
        "citation_id": "FXzV5yQAAAAJ:JP7YXuLIOvAC",
        "authors": "E Tasci, E Ozyilkan, OK Ulger, E Erkip",
        "publication": "arXiv preprint arXiv:2403.08411, 2024",
        "year": "2024"
    },
    {
        "title": "3D Beamforming Through Joint Phase-Time Arrays",
        "link": "https://scholar.google.com/citations?view_op=view_citation&hl=en&user=FXzV5yQAAAAJ&cstart=300&citation_for_view=FXzV5yQAAAAJ:AzKEL7Gb_04C",
        "citation_id": "FXzV5yQAAAAJ:AzKEL7Gb_04C",
        "authors": "O Yildiz, A AlAmmouri, J Mo, Y Nam, E Erkip",
        "publication": "arXiv preprint arXiv:2401.00819, 2024",
        "year": "2024"
    },
    {
        "title": "A primer on rate-splitting multiple access: Tutorial, myths, and frequently asked questions",
        "link": "https://scholar.google.com/citations?view_op=view_citation&hl=en&user=FXzV5yQAAAAJ&citation_for_view=FXzV5yQAAAAJ:eAlLMO4JVmQC",
        "citation_id": "FXzV5yQAAAAJ:eAlLMO4JVmQC",
        "authors": "B Clerckx, Y Mao, EA Jorswieck, J Yuan, DJ Love, E Erkip, D Niyato",
        "publication": "IEEE Journal on Selected Areas in Communications 41 (5), 1265-1308, 2023",
        "year": "2023"
    },
    {
        "title": "Learned Wyner\u2013Ziv compressors recover binning",
        "link": "https://scholar.google.com/citations?view_op=view_citation&hl=en&user=FXzV5yQAAAAJ&cstart=180&citation_for_view=FXzV5yQAAAAJ:MIg0yeAD4ggC",
        "citation_id": "FXzV5yQAAAAJ:MIg0yeAD4ggC",
        "authors": "E \u00d6zy\u0131lkan, J Ball\u00e9, E Erkip",
        "publication": "2023 IEEE International Symposium on Information Theory (ISIT), 701-706, 2023",
        "year": "2023"
    },
    {
        "title": "Neural distributed compressor does binning",
        "link": "https://scholar.google.com/citations?view_op=view_citation&hl=en&user=FXzV5yQAAAAJ&cstart=240&citation_for_view=FXzV5yQAAAAJ:unp9ATQDT5gC",
        "citation_id": "FXzV5yQAAAAJ:unp9ATQDT5gC",
        "authors": "E Ozyilkan, J Ball\u00e9, E Erkip",
        "publication": "ICML 2023 Workshop Neural Compression: From Information Theory to Applications, 2023",
        "year": "2023"
    },
    {
        "title": "Database matching under adversarial column deletions",
        "link": "https://scholar.google.com/citations?view_op=view_citation&hl=en&user=FXzV5yQAAAAJ&cstart=240&citation_for_view=FXzV5yQAAAAJ:C33y2ycGS3YC",
        "citation_id": "FXzV5yQAAAAJ:C33y2ycGS3YC",
        "authors": "S Bakirtas, E Erkip",
        "publication": "2023 IEEE Information Theory Workshop (ITW), 181-185, 2023",
        "year": "2023"
    },
    {
        "title": "Path planning under uncertainty to localize mmWave sources",
        "link": "https://scholar.google.com/citations?view_op=view_citation&hl=en&user=FXzV5yQAAAAJ&cstart=260&citation_for_view=FXzV5yQAAAAJ:SAZ1SQo2q1kC",
        "citation_id": "FXzV5yQAAAAJ:SAZ1SQo2q1kC",
        "authors": "K Pfeiffer, Y Jia, M Yin, AK Veldanda, Y Hu, A Trivedi, J Zhang, S Garg, ...",
        "publication": "2023 IEEE International Conference on Robotics and Automation (ICRA), 3461-3467, 2023",
        "year": "2023"
    },
    {
        "title": "Precoding-oriented massive MIMO CSI feedback design",
        "link": "https://scholar.google.com/citations?view_op=view_citation&hl=en&user=FXzV5yQAAAAJ&cstart=260&citation_for_view=FXzV5yQAAAAJ:tHtfpZlB6tUC",
        "citation_id": "FXzV5yQAAAAJ:tHtfpZlB6tUC",
        "authors": "F Carpi, S Venkatesan, J Du, H Viswanathan, S Garg, E Erkip",
        "publication": "ICC 2023-IEEE International Conference on Communications, 4973-4978, 2023",
        "year": "2023"
    },
    {
        "title": "Scalable Feature Compression for Edge-Assisted Object Detection Over Time-Varying Networks",
        "link": "https://scholar.google.com/citations?view_op=view_citation&hl=en&user=FXzV5yQAAAAJ&cstart=260&citation_for_view=FXzV5yQAAAAJ:A8cqit5AE6sC",
        "citation_id": "FXzV5yQAAAAJ:A8cqit5AE6sC",
        "authors": "Z Yuan",
        "publication": "In MLSys Workshop on Resource-Constrained Learning in Wireless Networks, 2023",
        "year": "2023"
    },
    {
        "title": "Distribution-agnostic database de-anonymization under synchronization errors",
        "link": "https://scholar.google.com/citations?view_op=view_citation&hl=en&user=FXzV5yQAAAAJ&cstart=280&citation_for_view=FXzV5yQAAAAJ:EsEWqaRxkBgC",
        "citation_id": "FXzV5yQAAAAJ:EsEWqaRxkBgC",
        "authors": "S Bakirtas, E Erkip",
        "publication": "2023 IEEE International Workshop on Information Forensics and Security (WIFS \u2026, 2023",
        "year": "2023"
    },
    {
        "title": "Distributed deep joint source-channel coding with decoder-only side information",
        "link": "https://scholar.google.com/citations?view_op=view_citation&hl=en&user=FXzV5yQAAAAJ&cstart=280&citation_for_view=FXzV5yQAAAAJ:NxmKEeNBbOMC",
        "citation_id": "FXzV5yQAAAAJ:NxmKEeNBbOMC",
        "authors": "SF Yilmaz, E Ozyilkan, D Gunduz, E Erkip",
        "publication": "arXiv preprint arXiv:2310.04311, 2023",
        "year": "2023"
    },
    {
        "title": "Non-Coherent Active Device Identification for Massive Random Access",
        "link": "https://scholar.google.com/citations?view_op=view_citation&hl=en&user=FXzV5yQAAAAJ&cstart=280&citation_for_view=FXzV5yQAAAAJ:T_ojBgVMvoEC",
        "citation_id": "FXzV5yQAAAAJ:T_ojBgVMvoEC",
        "authors": "J Robin, E Erkip",
        "publication": "IEEE Transactions on Communications, 2023",
        "year": "2023"
    },
    {
        "title": "Capacity Bounds and Spectral Constraints for Transceivers with Finite Resolution Quantizers",
        "link": "https://scholar.google.com/citations?view_op=view_citation&hl=en&user=FXzV5yQAAAAJ&cstart=280&citation_for_view=FXzV5yQAAAAJ:c1e4I3QdEKYC",
        "citation_id": "FXzV5yQAAAAJ:c1e4I3QdEKYC",
        "authors": "S Dutta, A Khalili, E Erkip, S Rangan",
        "publication": "IEEE Transactions on Communications, 2023",
        "year": "2023"
    },
    {
        "title": "Guest Editorial Rate Splitting for Future Wireless Networks",
        "link": "https://scholar.google.com/citations?view_op=view_citation&hl=en&user=FXzV5yQAAAAJ&cstart=280&citation_for_view=FXzV5yQAAAAJ:z6xuaG2dYH0C",
        "citation_id": "FXzV5yQAAAAJ:z6xuaG2dYH0C",
        "authors": "B Clerckx, Y Mao, EA Jorswieck, J Yuan, DJ Love, E Erkip, D Niyato",
        "publication": "IEEE Journal on Selected Areas in Communications 41 (5), 1259-1264, 2023",
        "year": "2023"
    },
    {
        "title": "Single-Shot Lossy Compression for Joint Inference and Reconstruction",
        "link": "https://scholar.google.com/citations?view_op=view_citation&hl=en&user=FXzV5yQAAAAJ&cstart=320&citation_for_view=FXzV5yQAAAAJ:-yGd096yOn8C",
        "citation_id": "FXzV5yQAAAAJ:-yGd096yOn8C",
        "authors": "OK \u00dclger, E Erkip",
        "publication": "2023 59th Annual Allerton Conference on Communication, Control, and \u2026, 2023",
        "year": "2023"
    },
    {
        "title": "Single-Shot Lossy Compression for Joint Inference and Reconstruction",
        "link": "https://scholar.google.com/citations?view_op=view_citation&hl=en&user=FXzV5yQAAAAJ&cstart=320&citation_for_view=FXzV5yQAAAAJ:CNPyR2KL9-0C",
        "citation_id": "FXzV5yQAAAAJ:CNPyR2KL9-0C",
        "authors": "O Kubilay \u00dclger, E Erkip",
        "publication": "arXiv e-prints, arXiv: 2309.16304, 2023",
        "year": "2023"
    },
    {
        "title": "Active User Identification in Fast Fading Massive Random Access Channels",
        "link": "https://scholar.google.com/citations?view_op=view_citation&hl=en&user=FXzV5yQAAAAJ&cstart=320&citation_for_view=FXzV5yQAAAAJ:-6RzNnnwWf8C",
        "citation_id": "FXzV5yQAAAAJ:-6RzNnnwWf8C",
        "authors": "J Robin, E Erkip",
        "publication": "2023 IEEE Information Theory Workshop (ITW), 232-237, 2023",
        "year": "2023"
    },
    {
        "title": "Guest Editorial Special Issue on Sensing: Fundamental Limits and Modern Applications",
        "link": "https://scholar.google.com/citations?view_op=view_citation&hl=en&user=FXzV5yQAAAAJ&cstart=320&citation_for_view=FXzV5yQAAAAJ:H_jBuBxbQIAC",
        "citation_id": "FXzV5yQAAAAJ:H_jBuBxbQIAC",
        "authors": "G Caire, N Devroye, E Erkip, Y Lu, P Pal, M Shirvanimoghadam, ...",
        "publication": "IEEE Journal on Selected Areas in Information Theory 4, xiv-xvi, 2023",
        "year": "2023"
    },
    {
        "title": "Millimeter wave wireless assisted robot navigation with link state classification",
        "link": "https://scholar.google.com/citations?view_op=view_citation&hl=en&user=FXzV5yQAAAAJ&cstart=120&citation_for_view=FXzV5yQAAAAJ:TlpoogIpr_IC",
        "citation_id": "FXzV5yQAAAAJ:TlpoogIpr_IC",
        "authors": "M Yin, AK Veldanda, A Trivedi, J Zhang, K Pfeiffer, Y Hu, S Garg, E Erkip, ...",
        "publication": "IEEE Open Journal of the Communications Society 3, 493-507, 2022",
        "year": "2022"
    },
    {
        "title": "Feature compression for rate constrained object detection on the edge",
        "link": "https://scholar.google.com/citations?view_op=view_citation&hl=en&user=FXzV5yQAAAAJ&cstart=160&citation_for_view=FXzV5yQAAAAJ:8Xgff_V0N9gC",
        "citation_id": "FXzV5yQAAAAJ:8Xgff_V0N9gC",
        "authors": "Z Yuan, S Rawlekar, S Garg, E Erkip, Y Wang",
        "publication": "2022 IEEE 5th International Conference on Multimedia Information Processing \u2026, 2022",
        "year": "2022"
    },
    {
        "title": "Opportunistic temporal fair mode selection and user scheduling in full-duplex systems",
        "link": "https://scholar.google.com/citations?view_op=view_citation&hl=en&user=FXzV5yQAAAAJ&cstart=160&citation_for_view=FXzV5yQAAAAJ:MAUkC_7iAq8C",
        "citation_id": "FXzV5yQAAAAJ:MAUkC_7iAq8C",
        "authors": "S Shahsavari, F Shirani, MA Khojastepour, E Erkip",
        "publication": "IEEE Journal on Selected Areas in Communications 40 (5), 1632-1651, 2022",
        "year": "2022"
    },
    {
        "title": "Seeded database matching under noisy column repetitions",
        "link": "https://scholar.google.com/citations?view_op=view_citation&hl=en&user=FXzV5yQAAAAJ&cstart=180&citation_for_view=FXzV5yQAAAAJ:65Yg0jNCQDAC",
        "citation_id": "FXzV5yQAAAAJ:65Yg0jNCQDAC",
        "authors": "S Bakirtas, E Erkip",
        "publication": "2022 IEEE Information Theory Workshop (ITW), 386-391, 2022",
        "year": "2022"
    },
    {
        "title": "Database matching under column repetitions",
        "link": "https://scholar.google.com/citations?view_op=view_citation&hl=en&user=FXzV5yQAAAAJ&cstart=180&citation_for_view=FXzV5yQAAAAJ:zGdJYJv2LkUC",
        "citation_id": "FXzV5yQAAAAJ:zGdJYJv2LkUC",
        "authors": "S Bakirtas, E Erkip",
        "publication": "ArXiv, vol. abs/2202.01730, 2022",
        "year": "2022"
    },
    {
        "title": "Matching of markov databases under random column repetitions",
        "link": "https://scholar.google.com/citations?view_op=view_citation&hl=en&user=FXzV5yQAAAAJ&cstart=200&citation_for_view=FXzV5yQAAAAJ:qwy9JoKyICEC",
        "citation_id": "FXzV5yQAAAAJ:qwy9JoKyICEC",
        "authors": "S Bakirtas, E Erkip",
        "publication": "2022 56th Asilomar Conference on Signals, Systems, and Computers, 1248-1254, 2022",
        "year": "2022"
    },
    {
        "title": "Quantized MIMO: Channel capacity and spectrospatial power distribution",
        "link": "https://scholar.google.com/citations?view_op=view_citation&hl=en&user=FXzV5yQAAAAJ&cstart=220&citation_for_view=FXzV5yQAAAAJ:UuEBAcK4md4C",
        "citation_id": "FXzV5yQAAAAJ:UuEBAcK4md4C",
        "authors": "A Khalili, E Erkip, S Rangan",
        "publication": "2022 IEEE International Symposium on Information Theory (ISIT), 2303-2308, 2022",
        "year": "2022"
    },
    {
        "title": "Fundamental privacy limits in bipartite networks under active attacks",
        "link": "https://scholar.google.com/citations?view_op=view_citation&hl=en&user=FXzV5yQAAAAJ&cstart=240&citation_for_view=FXzV5yQAAAAJ:mWEH9CqjF64C",
        "citation_id": "FXzV5yQAAAAJ:mWEH9CqjF64C",
        "authors": "M Shariatnasab, F Shirani, E Erkip",
        "publication": "IEEE Journal on Selected Areas in Communications 40 (3), 940-954, 2022",
        "year": "2022"
    },
    {
        "title": "Hybrid Beam Alignment for Multi-Path Channels: A Group Testing Viewpoint",
        "link": "https://scholar.google.com/citations?view_op=view_citation&hl=en&user=FXzV5yQAAAAJ&cstart=260&citation_for_view=FXzV5yQAAAAJ:HJSXoJQnj-YC",
        "citation_id": "FXzV5yQAAAAJ:HJSXoJQnj-YC",
        "authors": "O Yildiz, A Khalili, E Erkip",
        "publication": "2022 56th Asilomar Conference on Signals, Systems, and Computers, 6-10, 2022",
        "year": "2022"
    },
    {
        "title": "Optimal single-user interactive beam alignment with feedback delay",
        "link": "https://scholar.google.com/citations?view_op=view_citation&hl=en&user=FXzV5yQAAAAJ&cstart=260&citation_for_view=FXzV5yQAAAAJ:IsPWOBWtZBwC",
        "citation_id": "FXzV5yQAAAAJ:IsPWOBWtZBwC",
        "authors": "A Khalili, S Shahsavari, MAA Khojastepour, E Erkip",
        "publication": "arXiv preprint arXiv:2201.05751, 2022",
        "year": "2022"
    },
    {
        "title": "Deep Learning Based Modulation for Quantized SIMO Communications",
        "link": "https://scholar.google.com/citations?view_op=view_citation&hl=en&user=FXzV5yQAAAAJ&cstart=320&citation_for_view=FXzV5yQAAAAJ:D_tqNUsBuKoC",
        "citation_id": "FXzV5yQAAAAJ:D_tqNUsBuKoC",
        "authors": "A Khalili, E Erkip",
        "publication": "2022 56th Asilomar Conference on Signals, Systems, and Computers, 709-714, 2022",
        "year": "2022"
    },
    {
        "title": "Editorial Issue on \u201cInformation Theoretic Foundations of Future Communication Systems\u201d",
        "link": "https://scholar.google.com/citations?view_op=view_citation&hl=en&user=FXzV5yQAAAAJ&cstart=320&citation_for_view=FXzV5yQAAAAJ:Xz60mAmATU4C",
        "citation_id": "FXzV5yQAAAAJ:Xz60mAmATU4C",
        "authors": "E Erkip, G Durisi, RW Heath, TL Marzetta, P Popovski, M Tao, S Ulukus",
        "publication": "IEEE Journal on Selected Areas in Information Theory 3 (1), 2-4, 2022",
        "year": "2022"
    },
    {
        "title": "Scalable delivery of correlated video content over cache-aided broadcast networks",
        "link": "https://scholar.google.com/citations?view_op=view_citation&hl=en&user=FXzV5yQAAAAJ&cstart=320&citation_for_view=FXzV5yQAAAAJ:rbm3iO8VlycC",
        "citation_id": "FXzV5yQAAAAJ:rbm3iO8VlycC",
        "authors": "P Hassanzadeh, AM Tulino, J Llorca, E Erkip",
        "publication": "Edge Caching for Mobile Networks, 119-154, 2022",
        "year": "2022"
    },
    {
        "title": "MIMO networks with one-bit ADCs: Receiver design and communication strategies",
        "link": "https://scholar.google.com/citations?view_op=view_citation&hl=en&user=FXzV5yQAAAAJ&cstart=100&citation_for_view=FXzV5yQAAAAJ:wvYxNZNCP7wC",
        "citation_id": "FXzV5yQAAAAJ:wvYxNZNCP7wC",
        "authors": "A Khalili, F Shirani, E Erkip, YC Eldar",
        "publication": "IEEE transactions on communications 70 (3), 1580-1594, 2021",
        "year": "2021"
    },
    {
        "title": "Database matching under column deletions",
        "link": "https://scholar.google.com/citations?view_op=view_citation&hl=en&user=FXzV5yQAAAAJ&cstart=120&citation_for_view=FXzV5yQAAAAJ:rTD5ala9j4wC",
        "citation_id": "FXzV5yQAAAAJ:rTD5ala9j4wC",
        "authors": "S Bak\u0131rta\u015f, E Erkip",
        "publication": "2021 IEEE International Symposium on Information Theory (ISIT), 2720-2725, 2021",
        "year": "2021"
    },
    {
        "title": "On single-user interactive beam alignment in next generation systems: A deep learning viewpoint",
        "link": "https://scholar.google.com/citations?view_op=view_citation&hl=en&user=FXzV5yQAAAAJ&cstart=160&citation_for_view=FXzV5yQAAAAJ:An6A6Jpfc1oC",
        "citation_id": "FXzV5yQAAAAJ:An6A6Jpfc1oC",
        "authors": "A Khalili, S Rangan, E Erkip",
        "publication": "2021 IEEE International Conference on Communications Workshops (ICC \u2026, 2021",
        "year": "2021"
    },
    {
        "title": "Capacity bounds and user identification costs in Rayleigh-fading many-access channel",
        "link": "https://scholar.google.com/citations?view_op=view_citation&hl=en&user=FXzV5yQAAAAJ&cstart=180&citation_for_view=FXzV5yQAAAAJ:pS0ncopqnHgC",
        "citation_id": "FXzV5yQAAAAJ:pS0ncopqnHgC",
        "authors": "J Robin, E Erkip",
        "publication": "2021 IEEE International Symposium on Information Theory (ISIT), 2477-2482, 2021",
        "year": "2021"
    },
    {
        "title": "Sparse activity discovery in energy constrained multi-cluster IoT networks using group testing",
        "link": "https://scholar.google.com/citations?view_op=view_citation&hl=en&user=FXzV5yQAAAAJ&cstart=180&citation_for_view=FXzV5yQAAAAJ:eO3_k5sD8BwC",
        "citation_id": "FXzV5yQAAAAJ:eO3_k5sD8BwC",
        "authors": "J Robin, E Erkip",
        "publication": "ICC 2021-IEEE International Conference on Communications, 1-6, 2021",
        "year": "2021"
    },
    {
        "title": "A concentration of measure approach to correlated graph matching",
        "link": "https://scholar.google.com/citations?view_op=view_citation&hl=en&user=FXzV5yQAAAAJ&cstart=180&citation_for_view=FXzV5yQAAAAJ:-nhnvRiOwuoC",
        "citation_id": "FXzV5yQAAAAJ:-nhnvRiOwuoC",
        "authors": "F Shirani, S Garg, E Erkip",
        "publication": "IEEE Journal on Selected Areas in Information Theory 2 (1), 338-351, 2021",
        "year": "2021"
    },
    {
        "title": "Understanding energy efficiency and interference tolerance in millimeter wave receivers",
        "link": "https://scholar.google.com/citations?view_op=view_citation&hl=en&user=FXzV5yQAAAAJ&cstart=260&citation_for_view=FXzV5yQAAAAJ:PkcyUWeTMh0C",
        "citation_id": "FXzV5yQAAAAJ:PkcyUWeTMh0C",
        "authors": "P Skrimponis, S Kang, A Khalili, W Lee, N Hosseinzadeh, M Mezzavilla, ...",
        "publication": "2021 55th Asilomar Conference on Signals, Systems, and Computers, 645-651, 2021",
        "year": "2021"
    },
    {
        "title": "Access delay constrained activity detection in massive random access",
        "link": "https://scholar.google.com/citations?view_op=view_citation&hl=en&user=FXzV5yQAAAAJ&cstart=260&citation_for_view=FXzV5yQAAAAJ:DrR-2ekChdkC",
        "citation_id": "FXzV5yQAAAAJ:DrR-2ekChdkC",
        "authors": "J Robin, E Erkip",
        "publication": "2021 IEEE 22nd International Workshop on Signal Processing Advances in \u2026, 2021",
        "year": "2021"
    },
    {
        "title": "Single-shot compression for hypothesis testing",
        "link": "https://scholar.google.com/citations?view_op=view_citation&hl=en&user=FXzV5yQAAAAJ&cstart=260&citation_for_view=FXzV5yQAAAAJ:69ZgNCALVd0C",
        "citation_id": "FXzV5yQAAAAJ:69ZgNCALVd0C",
        "authors": "F Carpi, S Garg, E Erkip",
        "publication": "2021 IEEE 22nd International Workshop on Signal Processing Advances in \u2026, 2021",
        "year": "2021"
    },
    {
        "title": "Multi-point coordination in massive MIMO systems with sectorized antennas",
        "link": "https://scholar.google.com/citations?view_op=view_citation&hl=en&user=FXzV5yQAAAAJ&cstart=260&citation_for_view=FXzV5yQAAAAJ:DkZNVXde3BIC",
        "citation_id": "FXzV5yQAAAAJ:DkZNVXde3BIC",
        "authors": "S Shahsavari, M Nosrati, P Hassanzadeh, A Ashikhmin, TL Marzetta, ...",
        "publication": "IEEE Transactions on Communications 69 (11), 7559-7575, 2021",
        "year": "2021"
    },
    {
        "title": "On single-user interactive beam alignment in millimeter wave systems: Impact of feedback delay",
        "link": "https://scholar.google.com/citations?view_op=view_citation&hl=en&user=FXzV5yQAAAAJ&cstart=260&citation_for_view=FXzV5yQAAAAJ:BrOSOlqYqPUC",
        "citation_id": "FXzV5yQAAAAJ:BrOSOlqYqPUC",
        "authors": "A Khalili, S Shahsavari, MAA Khojastepour, E Erkip",
        "publication": "2021 IEEE International Symposium on Information Theory (ISIT), 2966-2971, 2021",
        "year": "2021"
    },
    {
        "title": "Interference reduction in virtual cell optimization",
        "link": "https://scholar.google.com/citations?view_op=view_citation&hl=en&user=FXzV5yQAAAAJ&cstart=260&citation_for_view=FXzV5yQAAAAJ:WAzi4Gm8nLoC",
        "citation_id": "FXzV5yQAAAAJ:WAzi4Gm8nLoC",
        "authors": "M Yemini, E Erkip, AJ Goldsmith",
        "publication": "2021 55th Asilomar Conference on Signals, Systems, and Computers, 18-25, 2021",
        "year": "2021"
    },
    {
        "title": "On graph matching using generalized seed side-information",
        "link": "https://scholar.google.com/citations?view_op=view_citation&hl=en&user=FXzV5yQAAAAJ&cstart=280&citation_for_view=FXzV5yQAAAAJ:EPG8bYD4jVwC",
        "citation_id": "FXzV5yQAAAAJ:EPG8bYD4jVwC",
        "authors": "M Shariatnasab, F Shirani, S Garg, E Erkip",
        "publication": "2021 IEEE International Symposium on Information Theory (ISIT), 2726-2731, 2021",
        "year": "2021"
    },
    {
        "title": "JSAIT Editorial for the Special Issue on \u201cBeyond Errors and Erasures: Coding for Data Management and Delivery in Networks\u201d",
        "link": "https://scholar.google.com/citations?view_op=view_citation&hl=en&user=FXzV5yQAAAAJ&cstart=320&citation_for_view=FXzV5yQAAAAJ:JTqpx9DYBaYC",
        "citation_id": "FXzV5yQAAAAJ:JTqpx9DYBaYC",
        "authors": "E Erkip, D G\u00fcnd\u00fcz, S Ioannidis, J Kliewer, D Malak, M M\u00e9dard, R Srikant",
        "publication": "IEEE Journal on Selected Areas in Information Theory 2 (4), 1075-1077, 2021",
        "year": "2021"
    },
    {
        "title": "Towards energy efficient mobile wireless receivers above 100 GHz",
        "link": "https://scholar.google.com/citations?view_op=view_citation&hl=en&user=FXzV5yQAAAAJ&cstart=80&citation_for_view=FXzV5yQAAAAJ:kzcSZmkxUKAC",
        "citation_id": "FXzV5yQAAAAJ:kzcSZmkxUKAC",
        "authors": "P Skrimponis, N Hosseinzadeh, A Khalili, E Erkip, MJW Rodwell, ...",
        "publication": "IEEE Access 9, 20704-20716, 2020",
        "year": "2020"
    },
    {
        "title": "Rate-memory trade-off for caching and delivery of correlated sources",
        "link": "https://scholar.google.com/citations?view_op=view_citation&hl=en&user=FXzV5yQAAAAJ&cstart=100&citation_for_view=FXzV5yQAAAAJ:IaI1MmNe2tcC",
        "citation_id": "FXzV5yQAAAAJ:IaI1MmNe2tcC",
        "authors": "P Hassanzadeh, AM Tulino, J Llorca, E Erkip",
        "publication": "IEEE Transactions on Information Theory 66 (4), 2219-2251, 2020",
        "year": "2020"
    },
    {
        "title": "Age of information with finite horizon and partial updates",
        "link": "https://scholar.google.com/citations?view_op=view_citation&hl=en&user=FXzV5yQAAAAJ&cstart=120&citation_for_view=FXzV5yQAAAAJ:sszUF3NjhM4C",
        "citation_id": "FXzV5yQAAAAJ:sszUF3NjhM4C",
        "authors": "D Ramirez, E Erkip, HV Poor",
        "publication": "ICASSP 2020-2020 IEEE International Conference on Acoustics, Speech and \u2026, 2020",
        "year": "2020"
    },
    {
        "title": "On optimal multi-user beam alignment in millimeter wave wireless systems",
        "link": "https://scholar.google.com/citations?view_op=view_citation&hl=en&user=FXzV5yQAAAAJ&cstart=140&citation_for_view=FXzV5yQAAAAJ:3bvyWxjaHKcC",
        "citation_id": "FXzV5yQAAAAJ:3bvyWxjaHKcC",
        "authors": "A Khalili, S Shahsavari, MAA Khojastepour, E Erkip",
        "publication": "2020 IEEE International Symposium on Information Theory (ISIT), 2953-2958, 2020",
        "year": "2020"
    },
    {
        "title": "Capacity bounds for communication systems with quantization and spectral constraints",
        "link": "https://scholar.google.com/citations?view_op=view_citation&hl=en&user=FXzV5yQAAAAJ&cstart=160&citation_for_view=FXzV5yQAAAAJ:kWvqk_afx_IC",
        "citation_id": "FXzV5yQAAAAJ:kWvqk_afx_IC",
        "authors": "S Dutta, A Khalili, E Erkip, S Rangan",
        "publication": "2020 IEEE International Symposium on Information Theory (ISIT), 2038-2043, 2020",
        "year": "2020"
    },
    {
        "title": "On throughput of millimeter wave MIMO systems with low resolution ADCs",
        "link": "https://scholar.google.com/citations?view_op=view_citation&hl=en&user=FXzV5yQAAAAJ&cstart=160&citation_for_view=FXzV5yQAAAAJ:oi2SiIJ9l4AC",
        "citation_id": "FXzV5yQAAAAJ:oi2SiIJ9l4AC",
        "authors": "A Khalili, S Shahsavari, F Shirani, E Erkip, YC Eldar",
        "publication": "ICASSP 2020-2020 IEEE International Conference on Acoustics, Speech and \u2026, 2020",
        "year": "2020"
    },
    {
        "title": "Multi-user beam alignment for millimeter wave systems in multi-path environments",
        "link": "https://scholar.google.com/citations?view_op=view_citation&hl=en&user=FXzV5yQAAAAJ&cstart=240&citation_for_view=FXzV5yQAAAAJ:QUX0mv85b1cC",
        "citation_id": "FXzV5yQAAAAJ:QUX0mv85b1cC",
        "authors": "MAA Khojastepour, S Shahsavari, A Khalili, E Erkip",
        "publication": "2020 54th Asilomar Conference on Signals, Systems, and Computers, 549-553, 2020",
        "year": "2020"
    },
    {
        "title": "Rate-distortion-memory trade-offs in heterogeneous caching networks",
        "link": "https://scholar.google.com/citations?view_op=view_citation&hl=en&user=FXzV5yQAAAAJ&cstart=260&citation_for_view=FXzV5yQAAAAJ:Dem6FJhTUoYC",
        "citation_id": "FXzV5yQAAAAJ:Dem6FJhTUoYC",
        "authors": "P Hassanzadeh, AM Tulino, J Llorca, E Erkip",
        "publication": "IEEE Transactions on Wireless Communications 19 (5), 3019-3033, 2020",
        "year": "2020"
    },
    {
        "title": "On the joint typicality of permutations of sequences of random variables",
        "link": "https://scholar.google.com/citations?view_op=view_citation&hl=en&user=FXzV5yQAAAAJ&cstart=280&citation_for_view=FXzV5yQAAAAJ:F2UWTTQJPOcC",
        "citation_id": "FXzV5yQAAAAJ:F2UWTTQJPOcC",
        "authors": "F Shirani, S Garg, E Erkip",
        "publication": "arXiv preprint arXiv:2001.06962, 2020",
        "year": "2020"
    },
    {
        "title": "A Model for Joint Engineering-Economic Analysis of Cellular Systems",
        "link": "https://scholar.google.com/citations?view_op=view_citation&hl=en&user=FXzV5yQAAAAJ&cstart=320&citation_for_view=FXzV5yQAAAAJ:raTqNPD5sRQC",
        "citation_id": "FXzV5yQAAAAJ:raTqNPD5sRQC",
        "authors": "F Fund, S Shahsavari, SS Panwar, E Erkip",
        "publication": "IEEE Wireless Communications Letters 10 (2), 344-348, 2020",
        "year": "2020"
    },
    {
        "title": "R\u00e9nyi Entropy Bounds on the Active Learning Cost-Performance Tradeoff",
        "link": "https://scholar.google.com/citations?view_op=view_citation&hl=en&user=FXzV5yQAAAAJ&cstart=320&citation_for_view=FXzV5yQAAAAJ:w1MjKQ0l0TYC",
        "citation_id": "FXzV5yQAAAAJ:w1MjKQ0l0TYC",
        "authors": "V Jamali, A Tulino, J Llorca, E Erkip",
        "publication": "2020 IEEE International Symposium on Information Theory (ISIT), 2807-2812, 2020",
        "year": "2020"
    },
    {
        "title": "A concentration of measure approach to database de-anonymization",
        "link": "https://scholar.google.com/citations?view_op=view_citation&hl=en&user=FXzV5yQAAAAJ&cstart=100&citation_for_view=FXzV5yQAAAAJ:-mN3Mh-tlDkC",
        "citation_id": "FXzV5yQAAAAJ:-mN3Mh-tlDkC",
        "authors": "F Shirani, S Garg, E Erkip",
        "publication": "2019 IEEE International Symposium on Information Theory (ISIT), 2748-2752, 2019",
        "year": "2019"
    },
    {
        "title": "Robust beam tracking and data communication in millimeter wave mobile networks",
        "link": "https://scholar.google.com/citations?view_op=view_citation&hl=en&user=FXzV5yQAAAAJ&cstart=100&citation_for_view=FXzV5yQAAAAJ:mKu_rENv82IC",
        "citation_id": "FXzV5yQAAAAJ:mKu_rENv82IC",
        "authors": "S Shahsavari, MAA Khojastepour, E Erkip",
        "publication": "2019 International Symposium on Modeling and Optimization in Mobile, Ad Hoc \u2026, 2019",
        "year": "2019"
    },
    {
        "title": "Safepredict: A meta-algorithm for machine learning that uses refusals to guarantee correctness",
        "link": "https://scholar.google.com/citations?view_op=view_citation&hl=en&user=FXzV5yQAAAAJ&cstart=120&citation_for_view=FXzV5yQAAAAJ:4xDN1ZYqzskC",
        "citation_id": "FXzV5yQAAAAJ:4xDN1ZYqzskC",
        "authors": "MA Kocak, D Ramirez, E Erkip, DE Shasha",
        "publication": "IEEE Transactions on Pattern Analysis and Machine Intelligence 43 (2), 663-678, 2019",
        "year": "2019"
    },
    {
        "title": "A general framework for temporal fair user scheduling in NOMA systems",
        "link": "https://scholar.google.com/citations?view_op=view_citation&hl=en&user=FXzV5yQAAAAJ&cstart=120&citation_for_view=FXzV5yQAAAAJ:CB2v5VPnA5kC",
        "citation_id": "FXzV5yQAAAAJ:CB2v5VPnA5kC",
        "authors": "S Shahsavari, F Shirani, E Erkip",
        "publication": "IEEE Journal of Selected Topics in Signal Processing 13 (3), 408-422, 2019",
        "year": "2019"
    },
    {
        "title": "Beam training optimization in millimeter-wave systems under beamwidth, modulation and coding constraints",
        "link": "https://scholar.google.com/citations?view_op=view_citation&hl=en&user=FXzV5yQAAAAJ&cstart=160&citation_for_view=FXzV5yQAAAAJ:ce2CqMG-AY4C",
        "citation_id": "FXzV5yQAAAAJ:ce2CqMG-AY4C",
        "authors": "S Shahsavari, MAA Khojastepour, E Erkip",
        "publication": "2019 IEEE 30th Annual International Symposium on Personal, Indoor and Mobile \u2026, 2019",
        "year": "2019"
    },
    {
        "title": "Capacity scaling in a non-coherent wideband massive SIMO block fading channel",
        "link": "https://scholar.google.com/citations?view_op=view_citation&hl=en&user=FXzV5yQAAAAJ&cstart=180&citation_for_view=FXzV5yQAAAAJ:U_HPUtbDl20C",
        "citation_id": "FXzV5yQAAAAJ:U_HPUtbDl20C",
        "authors": "F Gomez-Cuba, M Chowdhury, A Manolakos, E Erkip, AJ Goldsmith",
        "publication": "IEEE Transactions on Wireless Communications 18 (12), 5691-5704, 2019",
        "year": "2019"
    },
    {
        "title": "On multiterminal communication over MIMO channels with one-bit ADCs at the receivers",
        "link": "https://scholar.google.com/citations?view_op=view_citation&hl=en&user=FXzV5yQAAAAJ&cstart=180&citation_for_view=FXzV5yQAAAAJ:Br1UauaknNIC",
        "citation_id": "FXzV5yQAAAAJ:Br1UauaknNIC",
        "authors": "A Khalili, F Shirani, E Erkip, YC Eldar",
        "publication": "2019 IEEE International Symposium on Information Theory (ISIT), 602-606, 2019",
        "year": "2019"
    },
    {
        "title": "Tradeoff between delay and high SNR capacity in quantized MIMO systems",
        "link": "https://scholar.google.com/citations?view_op=view_citation&hl=en&user=FXzV5yQAAAAJ&cstart=200&citation_for_view=FXzV5yQAAAAJ:yxmsSjX2EkcC",
        "citation_id": "FXzV5yQAAAAJ:yxmsSjX2EkcC",
        "authors": "A Khalili, F Shirani, E Erkip, YC Eldar",
        "publication": "2019 IEEE International Symposium on Information Theory (ISIT), 597-601, 2019",
        "year": "2019"
    },
    {
        "title": "On the fundamental limits of multi-user scheduling under short-term fairness constraints",
        "link": "https://scholar.google.com/citations?view_op=view_citation&hl=en&user=FXzV5yQAAAAJ&cstart=220&citation_for_view=FXzV5yQAAAAJ:prdVHNxh-e8C",
        "citation_id": "FXzV5yQAAAAJ:prdVHNxh-e8C",
        "authors": "S Shahsavari, F Shirani, E Erkip",
        "publication": "2019 IEEE international symposium on information theory (ISIT), 2534-2538, 2019",
        "year": "2019"
    },
    {
        "title": "On the optimal two-antenna static beamforming with per-antenna power constraints",
        "link": "https://scholar.google.com/citations?view_op=view_citation&hl=en&user=FXzV5yQAAAAJ&cstart=240&citation_for_view=FXzV5yQAAAAJ:PyEswDtIyv0C",
        "citation_id": "FXzV5yQAAAAJ:PyEswDtIyv0C",
        "authors": "S Shahsavari, SA Hosseini, C Ng, E Erkip",
        "publication": "IEEE Signal Processing Letters 26 (9), 1388-1392, 2019",
        "year": "2019"
    },
    {
        "title": "SafePredict: A Machine Learning Meta-Algorithm That Uses Refusals to Guarantee Correctness",
        "link": "https://scholar.google.com/citations?view_op=view_citation&hl=en&user=FXzV5yQAAAAJ&cstart=320&citation_for_view=FXzV5yQAAAAJ:NDuN12AVoxsC",
        "citation_id": "FXzV5yQAAAAJ:NDuN12AVoxsC",
        "authors": "D Ramirez, MA Kocak, E Erkip, D Shasha",
        "publication": "LatinX in AI Research at ICML 2019, 2019",
        "year": "2019"
    },
    {
        "title": "On the Rates of Convergence in Learning of Optimal Temporally Fair Schedulers",
        "link": "https://scholar.google.com/citations?view_op=view_citation&hl=en&user=FXzV5yQAAAAJ&cstart=320&citation_for_view=FXzV5yQAAAAJ:HGTzPopzzJcC",
        "citation_id": "FXzV5yQAAAAJ:HGTzPopzzJcC",
        "authors": "F Shirani, S Shahsavari, E Erkip",
        "publication": "arXiv preprint arXiv:1905.09843, 2019",
        "year": "2019"
    },
    {
        "title": "On MIMO channel capacity with output quantization constraints",
        "link": "https://scholar.google.com/citations?view_op=view_citation&hl=en&user=FXzV5yQAAAAJ&cstart=80&citation_for_view=FXzV5yQAAAAJ:j7_hQOaDUrUC",
        "citation_id": "FXzV5yQAAAAJ:j7_hQOaDUrUC",
        "authors": "A Khalili, S Rini, L Barletta, E Erkip, YC Eldar",
        "publication": "2018 IEEE International Symposium on Information Theory (ISIT), 1355-1359, 2018",
        "year": "2018"
    },
    {
        "title": "Optimizing pilots and analog processing for channel estimation in cell-free massive MIMO with one-bit ADCs",
        "link": "https://scholar.google.com/citations?view_op=view_citation&hl=en&user=FXzV5yQAAAAJ&cstart=80&citation_for_view=FXzV5yQAAAAJ:owLR8QvbtFgC",
        "citation_id": "FXzV5yQAAAAJ:owLR8QvbtFgC",
        "authors": "SH Park, O Simeone, YC Eldar, E Erkip",
        "publication": "2018 IEEE 19th international workshop on signal processing advances in \u2026, 2018",
        "year": "2018"
    },
    {
        "title": "On coding for cache-aided delivery of dynamic correlated content",
        "link": "https://scholar.google.com/citations?view_op=view_citation&hl=en&user=FXzV5yQAAAAJ&cstart=100&citation_for_view=FXzV5yQAAAAJ:zCSUwVk65WsC",
        "citation_id": "FXzV5yQAAAAJ:zCSUwVk65WsC",
        "authors": "P Hassanzadeh, AM Tulino, J Llorca, E Erkip",
        "publication": "IEEE Journal on Selected Areas in Communications 36 (8), 1666-1681, 2018",
        "year": "2018"
    },
    {
        "title": "Centralized caching and delivery of correlated contents over a Gaussian broadcast channel",
        "link": "https://scholar.google.com/citations?view_op=view_citation&hl=en&user=FXzV5yQAAAAJ&cstart=100&citation_for_view=FXzV5yQAAAAJ:-7ulzOJl1JYC",
        "citation_id": "FXzV5yQAAAAJ:-7ulzOJl1JYC",
        "authors": "Q Yang, P Hassanzadeh, D G\u00fcnd\u00fcz, E Erkip",
        "publication": "2018 16th International Symposium on Modeling and Optimization in Mobile, Ad \u2026, 2018",
        "year": "2018"
    },
    {
        "title": "Typicality matching for pairs of correlated graphs",
        "link": "https://scholar.google.com/citations?view_op=view_citation&hl=en&user=FXzV5yQAAAAJ&cstart=140&citation_for_view=FXzV5yQAAAAJ:ubry08Y2EpUC",
        "citation_id": "FXzV5yQAAAAJ:ubry08Y2EpUC",
        "authors": "F Shirani, S Garg, E Erkip",
        "publication": "2018 IEEE International Symposium on Information Theory (ISIT), 221-225, 2018",
        "year": "2018"
    },
    {
        "title": "Adaptive hybrid beamforming with massive phased arrays in macro-cellular networks",
        "link": "https://scholar.google.com/citations?view_op=view_citation&hl=en&user=FXzV5yQAAAAJ&cstart=140&citation_for_view=FXzV5yQAAAAJ:1lhNe0rCu4AC",
        "citation_id": "FXzV5yQAAAAJ:1lhNe0rCu4AC",
        "authors": "S Shahsavari, SA Hosseini, C Ng, E Erkip",
        "publication": "2018 IEEE 5G World Forum (5GWF), 221-226, 2018",
        "year": "2018"
    },
    {
        "title": "Optimal active social network de-anonymization using information thresholds",
        "link": "https://scholar.google.com/citations?view_op=view_citation&hl=en&user=FXzV5yQAAAAJ&cstart=140&citation_for_view=FXzV5yQAAAAJ:lgwcVrK6X84C",
        "citation_id": "FXzV5yQAAAAJ:lgwcVrK6X84C",
        "authors": "F Shirani, S Garg, E Erkip",
        "publication": "2018 IEEE International Symposium on Information Theory (ISIT), 1445-1449, 2018",
        "year": "2018"
    },
    {
        "title": "Coordinated multi-point massive MIMO cellular systems with sectorized antennas",
        "link": "https://scholar.google.com/citations?view_op=view_citation&hl=en&user=FXzV5yQAAAAJ&cstart=160&citation_for_view=FXzV5yQAAAAJ:q-HalDI95KYC",
        "citation_id": "FXzV5yQAAAAJ:q-HalDI95KYC",
        "authors": "S Shahsavari, A Ashikhmin, E Erkip, TL Marzetta",
        "publication": "2018 52nd Asilomar Conference on Signals, Systems, and Computers, 2130-2135, 2018",
        "year": "2018"
    },
    {
        "title": "Matching graphs with community structure: A concentration of measure approach",
        "link": "https://scholar.google.com/citations?view_op=view_citation&hl=en&user=FXzV5yQAAAAJ&cstart=200&citation_for_view=FXzV5yQAAAAJ:jU7OWUQzBzMC",
        "citation_id": "FXzV5yQAAAAJ:jU7OWUQzBzMC",
        "authors": "F Shirani, S Garg, E Erkip",
        "publication": "2018 56th Annual Allerton Conference on Communication, Control, and \u2026, 2018",
        "year": "2018"
    },
    {
        "title": "Opportunistic temporal fair scheduling for non-orthogonal multiple access",
        "link": "https://scholar.google.com/citations?view_op=view_citation&hl=en&user=FXzV5yQAAAAJ&cstart=220&citation_for_view=FXzV5yQAAAAJ:hsZV8lGYWTMC",
        "citation_id": "FXzV5yQAAAAJ:hsZV8lGYWTMC",
        "authors": "S Shahsavari, F Shirani, E Erkip",
        "publication": "2018 56th Annual Allerton conference on communication, control, and \u2026, 2018",
        "year": "2018"
    },
    {
        "title": "NYU WIRELESS",
        "link": "https://scholar.google.com/citations?view_op=view_citation&hl=en&user=FXzV5yQAAAAJ&cstart=320&citation_for_view=FXzV5yQAAAAJ:mUJArPsKIAAC",
        "citation_id": "FXzV5yQAAAAJ:mUJArPsKIAAC",
        "authors": "E Erkip",
        "publication": null,
        "year": "2018"
    },
    {
        "title": "Capturing capacity and profit gains with base station sharing in mmWave cellular networks",
        "link": "https://scholar.google.com/citations?view_op=view_citation&hl=en&user=FXzV5yQAAAAJ&cstart=320&citation_for_view=FXzV5yQAAAAJ:cK4Rrx0J3m0C",
        "citation_id": "FXzV5yQAAAAJ:cK4Rrx0J3m0C",
        "authors": "S Shahsavari, F Fund, E Erkip, SS Panwar",
        "publication": "IEEE INFOCOM 2018-IEEE Conference on Computer Communications Workshops \u2026, 2018",
        "year": "2018"
    },
    {
        "title": "IEEE Information Theory Society Newsletter",
        "link": "https://scholar.google.com/citations?view_op=view_citation&hl=en&user=FXzV5yQAAAAJ&cstart=320&citation_for_view=FXzV5yQAAAAJ:2l5NCbZemmgC",
        "citation_id": "FXzV5yQAAAAJ:2l5NCbZemmgC",
        "authors": "E Erkip",
        "publication": null,
        "year": "2018"
    },
    {
        "title": "Seeded graph matching: Efficient algorithms and theoretical guarantees",
        "link": "https://scholar.google.com/citations?view_op=view_citation&hl=en&user=FXzV5yQAAAAJ&cstart=60&citation_for_view=FXzV5yQAAAAJ:wMgC3FpKEyYC",
        "citation_id": "FXzV5yQAAAAJ:wMgC3FpKEyYC",
        "authors": "F Shirani, S Garg, E Erkip",
        "publication": "2017 51st Asilomar Conference on Signals, Systems, and Computers, 253-257, 2017",
        "year": "2017"
    },
    {
        "title": "Half-duplex or full-duplex communications: Degrees of freedom analysis under self-interference",
        "link": "https://scholar.google.com/citations?view_op=view_citation&hl=en&user=FXzV5yQAAAAJ&cstart=60&citation_for_view=FXzV5yQAAAAJ:r_AWSJRzSzQC",
        "citation_id": "FXzV5yQAAAAJ:r_AWSJRzSzQC",
        "authors": "NV Shende, \u00d6 G\u00fcrb\u00fcz, E Erkip",
        "publication": "IEEE Transactions on Wireless Communications 17 (2), 1081-1093, 2017",
        "year": "2017"
    },
    {
        "title": "Compression-based compressed sensing",
        "link": "https://scholar.google.com/citations?view_op=view_citation&hl=en&user=FXzV5yQAAAAJ&cstart=80&citation_for_view=FXzV5yQAAAAJ:bKqednn6t2AC",
        "citation_id": "FXzV5yQAAAAJ:bKqednn6t2AC",
        "authors": "FE Rezagah, S Jalali, E Erkip, HV Poor",
        "publication": "IEEE Transactions on Information Theory 63 (10), 6735-6752, 2017",
        "year": "2017"
    },
    {
        "title": "A general framework for MIMO receivers with low-resolution quantization",
        "link": "https://scholar.google.com/citations?view_op=view_citation&hl=en&user=FXzV5yQAAAAJ&cstart=120&citation_for_view=FXzV5yQAAAAJ:buQ7SEKw-1sC",
        "citation_id": "FXzV5yQAAAAJ:buQ7SEKw-1sC",
        "authors": "S Rini, L Barletta, YC Eldar, E Erkip",
        "publication": "2017 IEEE Information Theory Workshop (ITW), 599-603, 2017",
        "year": "2017"
    },
    {
        "title": "Resource sharing among mmWave cellular service providers in a vertically differentiated duopoly",
        "link": "https://scholar.google.com/citations?view_op=view_citation&hl=en&user=FXzV5yQAAAAJ&cstart=120&citation_for_view=FXzV5yQAAAAJ:sJsF-0ZLhtgC",
        "citation_id": "FXzV5yQAAAAJ:sJsF-0ZLhtgC",
        "authors": "F Fund, S Shahsavari, SS Panwar, E Erkip, S Rangan",
        "publication": "2017 IEEE international conference on communications (ICC), 1-7, 2017",
        "year": "2017"
    },
    {
        "title": "Sectoring in multi-cell massive MIMO systems",
        "link": "https://scholar.google.com/citations?view_op=view_citation&hl=en&user=FXzV5yQAAAAJ&cstart=140&citation_for_view=FXzV5yQAAAAJ:uDGL6kOW6j0C",
        "citation_id": "FXzV5yQAAAAJ:uDGL6kOW6j0C",
        "authors": "S Shahsavari, P Hassanzadeh, A Ashikhmin, E Erkip",
        "publication": "2017 51st Asilomar Conference on Signals, Systems, and Computers, 1050-1055, 2017",
        "year": "2017"
    },
    {
        "title": "Capacity scaling of cellular networks: Impact of bandwidth, infrastructure density and number of antennas",
        "link": "https://scholar.google.com/citations?view_op=view_citation&hl=en&user=FXzV5yQAAAAJ&cstart=140&citation_for_view=FXzV5yQAAAAJ:0CzhzZyukY4C",
        "citation_id": "FXzV5yQAAAAJ:0CzhzZyukY4C",
        "authors": "F G\u00f3mez-Cuba, E Erkip, S Rangan, FJ Gonz\u00e1lez-Casta\u00f1o",
        "publication": "IEEE Transactions on Wireless Communications 17 (1), 652-666, 2017",
        "year": "2017"
    },
    {
        "title": "An information theoretic framework for active de-anonymization in social networks based on group memberships",
        "link": "https://scholar.google.com/citations?view_op=view_citation&hl=en&user=FXzV5yQAAAAJ&cstart=140&citation_for_view=FXzV5yQAAAAJ:QD3KBmkZPeQC",
        "citation_id": "FXzV5yQAAAAJ:QD3KBmkZPeQC",
        "authors": "F Shirani, S Garg, E Erkip",
        "publication": "2017 55th Annual Allerton Conference on Communication, Control, and \u2026, 2017",
        "year": "2017"
    },
    {
        "title": "Rate-memory trade-off for the two-user broadcast caching network with correlated sources",
        "link": "https://scholar.google.com/citations?view_op=view_citation&hl=en&user=FXzV5yQAAAAJ&cstart=160&citation_for_view=FXzV5yQAAAAJ:AHdEip9mkN0C",
        "citation_id": "FXzV5yQAAAAJ:AHdEip9mkN0C",
        "authors": "P Hassanzadeh, AM Tulino, J Llorca, E Erkip",
        "publication": "2017 IEEE International Symposium on Information Theory (ISIT), 1227-1231, 2017",
        "year": "2017"
    },
    {
        "title": "Joint user scheduling and power optimization in full-duplex cells with successive interference cancellation",
        "link": "https://scholar.google.com/citations?view_op=view_citation&hl=en&user=FXzV5yQAAAAJ&cstart=180&citation_for_view=FXzV5yQAAAAJ:otzGkya1bYkC",
        "citation_id": "FXzV5yQAAAAJ:otzGkya1bYkC",
        "authors": "S Shahsavari, D Ramirez, E Erkip",
        "publication": "2017 51st Asilomar Conference on Signals, Systems, and Computers, 1099-1104, 2017",
        "year": "2017"
    },
    {
        "title": "A general framework for low-resolution receivers for MIMO channels",
        "link": "https://scholar.google.com/citations?view_op=view_citation&hl=en&user=FXzV5yQAAAAJ&cstart=180&citation_for_view=FXzV5yQAAAAJ:4X0JR2_MtJMC",
        "citation_id": "FXzV5yQAAAAJ:4X0JR2_MtJMC",
        "authors": "S Rini, L Barletta, YC Eldar, E Erkip",
        "publication": "arXiv preprint arXiv:1702.08133, 2017",
        "year": "2017"
    },
    {
        "title": "Broadcast caching networks with two receivers and multiple correlated sources",
        "link": "https://scholar.google.com/citations?view_op=view_citation&hl=en&user=FXzV5yQAAAAJ&cstart=200&citation_for_view=FXzV5yQAAAAJ:CaZNVDsoPx4C",
        "citation_id": "FXzV5yQAAAAJ:CaZNVDsoPx4C",
        "authors": "P Hassanzadeh, AM Tulino, J Llorca, E Erkip",
        "publication": "2017 51st Asilomar Conference on Signals, Systems, and Computers, 1449-1454, 2017",
        "year": "2017"
    },
    {
        "title": "Completion time in two-user channels: An information-theoretic perspective",
        "link": "https://scholar.google.com/citations?view_op=view_citation&hl=en&user=FXzV5yQAAAAJ&cstart=240&citation_for_view=FXzV5yQAAAAJ:HIFyuExEbWQC",
        "citation_id": "FXzV5yQAAAAJ:HIFyuExEbWQC",
        "authors": "Y Liu, E Erkip",
        "publication": "IEEE Transactions on Information Theory 63 (5), 3209-3223, 2017",
        "year": "2017"
    },
    {
        "title": "Welcome from TPC",
        "link": "https://scholar.google.com/citations?view_op=view_citation&hl=en&user=FXzV5yQAAAAJ&cstart=320&citation_for_view=FXzV5yQAAAAJ:PaBasH6fAo0C",
        "citation_id": "FXzV5yQAAAAJ:PaBasH6fAo0C",
        "authors": "S Cui, E Erkip, A Lozano",
        "publication": "2017 IEEE Wireless Communications and Networking Conference Workshops, WCNCW \u2026, 2017",
        "year": "2017"
    },
    {
        "title": "Spectrum pooling in mmWave networks: Opportunities, challenges, and enablers",
        "link": "https://scholar.google.com/citations?view_op=view_citation&hl=en&user=FXzV5yQAAAAJ&cstart=20&citation_for_view=FXzV5yQAAAAJ:3htObqc8RwsC",
        "citation_id": "FXzV5yQAAAAJ:3htObqc8RwsC",
        "authors": "F Boccardi, H Shokri-Ghadikolaei, G Fodor, E Erkip, C Fischione, ...",
        "publication": "IEEE Communications Magazine 54 (11), 33-39, 2016",
        "year": "2016"
    },
    {
        "title": "Optimal de-anonymization in random graphs with community structure",
        "link": "https://scholar.google.com/citations?view_op=view_citation&hl=en&user=FXzV5yQAAAAJ&cstart=40&citation_for_view=FXzV5yQAAAAJ:OR75R8vi5nAC",
        "citation_id": "FXzV5yQAAAAJ:OR75R8vi5nAC",
        "authors": "E Onaran, S Garg, E Erkip",
        "publication": "2016 50th Asilomar conference on signals, systems and computers, 709-713, 2016",
        "year": "2016"
    },
    {
        "title": "Cache-aided coded multicast for correlated sources",
        "link": "https://scholar.google.com/citations?view_op=view_citation&hl=en&user=FXzV5yQAAAAJ&cstart=80&citation_for_view=FXzV5yQAAAAJ:gVv57TyPmFsC",
        "citation_id": "FXzV5yQAAAAJ:gVv57TyPmFsC",
        "authors": "P Hassanzadeh, A Tulino, J Llorca, E Erkip",
        "publication": "2016 9th International Symposium on Turbo Codes and Iterative Information \u2026, 2016",
        "year": "2016"
    },
    {
        "title": "Correlation-aware distributed caching and coded delivery",
        "link": "https://scholar.google.com/citations?view_op=view_citation&hl=en&user=FXzV5yQAAAAJ&cstart=100&citation_for_view=FXzV5yQAAAAJ:GFxP56DSvIMC",
        "citation_id": "FXzV5yQAAAAJ:GFxP56DSvIMC",
        "authors": "P Hassanzadeh, A Tulino, J Llorca, E Erkip",
        "publication": "2016 IEEE Information Theory Workshop (ITW), 166-170, 2016",
        "year": "2016"
    },
    {
        "title": "Spectrum and infrastructure sharing in millimeter wave cellular networks: An economic perspective",
        "link": "https://scholar.google.com/citations?view_op=view_citation&hl=en&user=FXzV5yQAAAAJ&cstart=120&citation_for_view=FXzV5yQAAAAJ:_OXeSy2IsFwC",
        "citation_id": "FXzV5yQAAAAJ:_OXeSy2IsFwC",
        "authors": "F Fund, S Shahsavari, SS Panwar, E Erkip, S Rangan",
        "publication": "arXiv preprint arXiv:1605.04602, 2016",
        "year": "2016"
    },
    {
        "title": "Unified capacity limit of non-coherent wideband fading channels",
        "link": "https://scholar.google.com/citations?view_op=view_citation&hl=en&user=FXzV5yQAAAAJ&cstart=140&citation_for_view=FXzV5yQAAAAJ:anf4URPfarAC",
        "citation_id": "FXzV5yQAAAAJ:anf4URPfarAC",
        "authors": "F G\u00f3mez-Cuba, J Du, M M\u00e9dard, E Erkip",
        "publication": "IEEE Transactions on Wireless Communications 16 (1), 43-57, 2016",
        "year": "2016"
    },
    {
        "title": "Capacity and rate regions of a class of broadcast interference channels",
        "link": "https://scholar.google.com/citations?view_op=view_citation&hl=en&user=FXzV5yQAAAAJ&cstart=180&citation_for_view=FXzV5yQAAAAJ:dBIO0h50nwkC",
        "citation_id": "FXzV5yQAAAAJ:dBIO0h50nwkC",
        "authors": "Y Liu, E Erkip",
        "publication": "IEEE Transactions on Information Theory 62 (10), 5556-5572, 2016",
        "year": "2016"
    },
    {
        "title": "Do open resources encourage entry into the millimeter wave cellular service market?",
        "link": "https://scholar.google.com/citations?view_op=view_citation&hl=en&user=FXzV5yQAAAAJ&cstart=180&citation_for_view=FXzV5yQAAAAJ:tH6gc1N1XXoC",
        "citation_id": "FXzV5yQAAAAJ:tH6gc1N1XXoC",
        "authors": "F Fund, S Shahsavari, SS Panwar, E Erkip, S Rangan",
        "publication": "Proceedings of the Eighth Wireless of the Students, by the Students, and for \u2026, 2016",
        "year": "2016"
    },
    {
        "title": "The impact of beamforming and coordination on spectrum pooling in mmWave cellular networks",
        "link": "https://scholar.google.com/citations?view_op=view_citation&hl=en&user=FXzV5yQAAAAJ&cstart=220&citation_for_view=FXzV5yQAAAAJ:BJbdYPG6LGMC",
        "citation_id": "FXzV5yQAAAAJ:BJbdYPG6LGMC",
        "authors": "H Shokri-Ghadikolaei, F Boccardi, E Erkip, C Fischione, G Fodor, ...",
        "publication": "2016 50th Asilomar Conference on Signals, Systems and Computers, 21-26, 2016",
        "year": "2016"
    },
    {
        "title": "Rate-distortion dimension of stochastic processes",
        "link": "https://scholar.google.com/citations?view_op=view_citation&hl=en&user=FXzV5yQAAAAJ&cstart=220&citation_for_view=FXzV5yQAAAAJ:5MTHONV0fEkC",
        "citation_id": "FXzV5yQAAAAJ:5MTHONV0fEkC",
        "authors": "FE Rezagah, S Jalali, E Erkip, HV Poor",
        "publication": "2016 IEEE International Symposium on Information Theory (ISIT), 2079-2083, 2016",
        "year": "2016"
    },
    {
        "title": "Conjugate Conformal Prediction for Online Binary Classification.",
        "link": "https://scholar.google.com/citations?view_op=view_citation&hl=en&user=FXzV5yQAAAAJ&cstart=220&citation_for_view=FXzV5yQAAAAJ:fbc8zXXH2BUC",
        "citation_id": "FXzV5yQAAAAJ:fbc8zXXH2BUC",
        "authors": "MA Ko\u00e7ak, DE Shasha, E Erkip",
        "publication": "UAI, 2016",
        "year": "2016"
    },
    {
        "title": "Distortion-power tradeoffs in quasi-stationary source transmission over delay and buffer limited block fading channels",
        "link": "https://scholar.google.com/citations?view_op=view_citation&hl=en&user=FXzV5yQAAAAJ&cstart=220&citation_for_view=FXzV5yQAAAAJ:HeT0ZceujKMC",
        "citation_id": "FXzV5yQAAAAJ:HeT0ZceujKMC",
        "authors": "R Joda, F Lahouti, E Erkip",
        "publication": "IEEE Transactions on Wireless Communications 15 (7), 4505-4520, 2016",
        "year": "2016"
    },
    {
        "title": "Using compression codes in compressed sensing",
        "link": "https://scholar.google.com/citations?view_op=view_citation&hl=en&user=FXzV5yQAAAAJ&cstart=240&citation_for_view=FXzV5yQAAAAJ:artPoR2Yc-kC",
        "citation_id": "FXzV5yQAAAAJ:artPoR2Yc-kC",
        "authors": "FE Rezagah, S Jalali, E Erkip, HV Poor",
        "publication": "2016 IEEE Information Theory Workshop (ITW), 444-448, 2016",
        "year": "2016"
    },
    {
        "title": "Compression-based compressed sensing",
        "link": "https://scholar.google.com/citations?view_op=view_citation&hl=en&user=FXzV5yQAAAAJ&cstart=260&citation_for_view=FXzV5yQAAAAJ:HhcuHIWmDEUC",
        "citation_id": "FXzV5yQAAAAJ:HhcuHIWmDEUC",
        "authors": "F Ebrahim Rezagah, S Jalali, E Erkip, HV Poor",
        "publication": "arXiv e-prints, arXiv: 1601.01654, 2016",
        "year": "2016"
    },
    {
        "title": "Capacity scaling bounds in wideband cellular networks",
        "link": "https://scholar.google.com/citations?view_op=view_citation&hl=en&user=FXzV5yQAAAAJ&cstart=280&citation_for_view=FXzV5yQAAAAJ:ZzlSgRqYykMC",
        "citation_id": "FXzV5yQAAAAJ:ZzlSgRqYykMC",
        "authors": "F G\u00f3mez-Cuba, S Rangan, E Erkip, FJ Gonz\u00e1lez-Casta\u00f1o",
        "publication": "International Zurich Seminar on Communications-Proceedings, 185-189, 2016",
        "year": "2016"
    },
    {
        "title": "Do open resources encourage entry into the millimeter wave cellular service market? poster",
        "link": "https://scholar.google.com/citations?view_op=view_citation&hl=en&user=FXzV5yQAAAAJ&cstart=320&citation_for_view=FXzV5yQAAAAJ:gKiMpY-AVTkC",
        "citation_id": "FXzV5yQAAAAJ:gKiMpY-AVTkC",
        "authors": "F Fund, S Shahsavari, SS Panwar, E Erkip, S Rangan",
        "publication": "Proceedings of the 22nd Annual International Conference on Mobile Computing \u2026, 2016",
        "year": "2016"
    },
    {
        "title": "Memory-rate trade-off for caching and delivery of correlated sources",
        "link": "https://scholar.google.com/citations?view_op=view_citation&hl=en&user=FXzV5yQAAAAJ&cstart=320&citation_for_view=FXzV5yQAAAAJ:F1b5ZUV5XREC",
        "citation_id": "FXzV5yQAAAAJ:F1b5ZUV5XREC",
        "authors": "P Hassanzadeh, A Tulino, J Llorca, E Erkip",
        "publication": "2016 IEEE 37th Sarnoff Symposium, 1-2, 2016",
        "year": "2016"
    },
    {
        "title": "Rate-Distortion Dimension of Stochastic Processes",
        "link": "https://scholar.google.com/citations?view_op=view_citation&hl=en&user=FXzV5yQAAAAJ&cstart=320&citation_for_view=FXzV5yQAAAAJ:VN7nJs4JPk0C",
        "citation_id": "FXzV5yQAAAAJ:VN7nJs4JPk0C",
        "authors": "F Ebrahim Rezagah, S Jalali, E Erkip, HV Poor",
        "publication": "arXiv e-prints, arXiv: 1607.06792, 2016",
        "year": "2016"
    },
    {
        "title": "Energy harvesting wireless communications: A review of recent advances",
        "link": "https://scholar.google.com/citations?view_op=view_citation&hl=en&user=FXzV5yQAAAAJ&citation_for_view=FXzV5yQAAAAJ:LO7wyVUgiFcC",
        "citation_id": "FXzV5yQAAAAJ:LO7wyVUgiFcC",
        "authors": "S Ulukus, A Yener, E Erkip, O Simeone, M Zorzi, P Grover, K Huang",
        "publication": "IEEE Journal on Selected Areas in Communications 33 (3), 360-381, 2015",
        "year": "2015"
    },
    {
        "title": "Low power analog-to-digital conversion in millimeter wave systems: Impact of resolution and bandwidth on performance",
        "link": "https://scholar.google.com/citations?view_op=view_citation&hl=en&user=FXzV5yQAAAAJ&citation_for_view=FXzV5yQAAAAJ:umqufdRvDiIC",
        "citation_id": "FXzV5yQAAAAJ:umqufdRvDiIC",
        "authors": "O Orhan, E Erkip, S Rangan",
        "publication": "2015 Information Theory and Applications Workshop (ITA), 191-198, 2015",
        "year": "2015"
    },
    {
        "title": "Small-cell traffic balancing over licensed and unlicensed bands",
        "link": "https://scholar.google.com/citations?view_op=view_citation&hl=en&user=FXzV5yQAAAAJ&citation_for_view=FXzV5yQAAAAJ:8d8msizDQcsC",
        "citation_id": "FXzV5yQAAAAJ:8d8msizDQcsC",
        "authors": "F Liu, E Bala, E Erkip, MC Beluri, R Yang",
        "publication": "IEEE transactions on vehicular technology 64 (12), 5850-5865, 2015",
        "year": "2015"
    },
    {
        "title": "Energy harvesting two-hop communication networks",
        "link": "https://scholar.google.com/citations?view_op=view_citation&hl=en&user=FXzV5yQAAAAJ&cstart=40&citation_for_view=FXzV5yQAAAAJ:9c2xU6iGI7YC",
        "citation_id": "FXzV5yQAAAAJ:9c2xU6iGI7YC",
        "authors": "O Orhan, E Erkip",
        "publication": "IEEE Journal on Selected Areas in Communications 33 (12), 2658-2670, 2015",
        "year": "2015"
    },
    {
        "title": "Source-channel coding under energy, delay, and buffer constraints",
        "link": "https://scholar.google.com/citations?view_op=view_citation&hl=en&user=FXzV5yQAAAAJ&cstart=60&citation_for_view=FXzV5yQAAAAJ:9pM33mqn1YgC",
        "citation_id": "FXzV5yQAAAAJ:9pM33mqn1YgC",
        "authors": "O Orhan, D G\u00fcnd\u00fcz, E Erkip",
        "publication": "IEEE Transactions on Wireless Communications 14 (7), 3836-3849, 2015",
        "year": "2015"
    },
    {
        "title": "Distortion-memory tradeoffs in cache-aided wireless video delivery",
        "link": "https://scholar.google.com/citations?view_op=view_citation&hl=en&user=FXzV5yQAAAAJ&cstart=80&citation_for_view=FXzV5yQAAAAJ:mNrWkgRL2YcC",
        "citation_id": "FXzV5yQAAAAJ:mNrWkgRL2YcC",
        "authors": "P Hassanzadeh, E Erkip, J Llorca, A Tulino",
        "publication": "2015 53rd Annual Allerton Conference on Communication, Control, and \u2026, 2015",
        "year": "2015"
    },
    {
        "title": "Wireless video multicast with cooperative and incremental transmission of parity packets",
        "link": "https://scholar.google.com/citations?view_op=view_citation&hl=en&user=FXzV5yQAAAAJ&cstart=180&citation_for_view=FXzV5yQAAAAJ:Ug5p-4gJ2f0C",
        "citation_id": "FXzV5yQAAAAJ:Ug5p-4gJ2f0C",
        "authors": "Z Guo, Y Wang, E Erkip, SS Panwar",
        "publication": "IEEE Transactions on Multimedia 17 (8), 1335-1346, 2015",
        "year": "2015"
    },
    {
        "title": "Capacity scaling in noncoherent wideband massive SIMO systems",
        "link": "https://scholar.google.com/citations?view_op=view_citation&hl=en&user=FXzV5yQAAAAJ&cstart=200&citation_for_view=FXzV5yQAAAAJ:mlAyqtXpCwEC",
        "citation_id": "FXzV5yQAAAAJ:mlAyqtXpCwEC",
        "authors": "M Chowdhury, A Manolakos, F Gomez-Cuba, E Erkip, AJ Goldsmith",
        "publication": "2015 IEEE Information Theory Workshop (ITW), 1-5, 2015",
        "year": "2015"
    },
    {
        "title": "Bandwidth occupancy of non-coherent wideband fading channels",
        "link": "https://scholar.google.com/citations?view_op=view_citation&hl=en&user=FXzV5yQAAAAJ&cstart=280&citation_for_view=FXzV5yQAAAAJ:2VqYfGB8ITEC",
        "citation_id": "FXzV5yQAAAAJ:2VqYfGB8ITEC",
        "authors": "F G\u00f3mez-Cuba, J Du, M M\u00e9dard, E Erkip",
        "publication": "2015 IEEE International Symposium on Information Theory (ISIT), 2351-2355, 2015",
        "year": "2015"
    },
    {
        "title": "Wyner-Ziv source coding with feedback and uncertain side information",
        "link": "https://scholar.google.com/citations?view_op=view_citation&hl=en&user=FXzV5yQAAAAJ&cstart=280&citation_for_view=FXzV5yQAAAAJ:IUKN3-7HHlwC",
        "citation_id": "FXzV5yQAAAAJ:IUKN3-7HHlwC",
        "authors": "R Joda, E Erkip, F Lahouti",
        "publication": "2015 Iran Workshop on Communication and Information Theory (IWCIT), 1-6, 2015",
        "year": "2015"
    },
    {
        "title": "Guest Editorial: Wireless Communications Powered by Energy Harvesting and Wireless Energy Transfer, Part II",
        "link": "https://scholar.google.com/citations?view_op=view_citation&hl=en&user=FXzV5yQAAAAJ&cstart=320&citation_for_view=FXzV5yQAAAAJ:QYdC8u9Cj1oC",
        "citation_id": "FXzV5yQAAAAJ:QYdC8u9Cj1oC",
        "authors": "S Ulukus, E Erkip, P Grover, K Huang, O Simeone, A Yener, M Zorzi",
        "publication": "IEEE Journal on Selected Areas in Communications 33 (8), 1477-1479, 2015",
        "year": "2015"
    },
    {
        "title": "Delay-Distortion-Power Trade Offs in Quasi-Stationary Source Transmission over Block Fading Channels",
        "link": "https://scholar.google.com/citations?view_op=view_citation&hl=en&user=FXzV5yQAAAAJ&cstart=340&citation_for_view=FXzV5yQAAAAJ:WJVC3Jt7v1AC",
        "citation_id": "FXzV5yQAAAAJ:WJVC3Jt7v1AC",
        "authors": "R Joda, F Lahouti, E Erkip",
        "publication": "arXiv preprint arXiv:1505.00651, 2015",
        "year": "2015"
    },
    {
        "title": "Guest Editorial: Wireless Communications Powered by Energy Harvesting and Wireless Energy Transfer (Part I)",
        "link": "https://scholar.google.com/citations?view_op=view_citation&hl=en&user=FXzV5yQAAAAJ&cstart=340&citation_for_view=FXzV5yQAAAAJ:DUooU5lO8OsC",
        "citation_id": "FXzV5yQAAAAJ:DUooU5lO8OsC",
        "authors": "S Ulukus, E Erkip, P Grover, K Huang, O Simeone, A Yener, M Zorzi",
        "publication": "IEEE Journal on Selected Areas in Communications 33 (3), 357-359, 2015",
        "year": "2015"
    },
    {
        "title": "Millimeter Wave Wireless Networks: Potentials and Challenges",
        "link": "https://scholar.google.com/citations?view_op=view_citation&hl=en&user=FXzV5yQAAAAJ&cstart=340&citation_for_view=FXzV5yQAAAAJ:IRz6iEL74y4C",
        "citation_id": "FXzV5yQAAAAJ:IRz6iEL74y4C",
        "authors": "T Rappaport, E Erkip, R Colloquium",
        "publication": null,
        "year": "2015"
    },
    {
        "title": "Low power analog-to-digital conversion in millimeter wave systems",
        "link": "https://scholar.google.com/citations?view_op=view_citation&hl=en&user=FXzV5yQAAAAJ&cstart=340&citation_for_view=FXzV5yQAAAAJ:KbBQZpvPDL4C",
        "citation_id": "FXzV5yQAAAAJ:KbBQZpvPDL4C",
        "authors": "O Orhan, E Erkip, S Rangan",
        "publication": null,
        "year": "2015"
    },
    {
        "title": "Millimeter-wave cellular wireless networks: Potentials and challenges",
        "link": "https://scholar.google.com/citations?view_op=view_citation&hl=en&user=FXzV5yQAAAAJ&citation_for_view=FXzV5yQAAAAJ:XoXfffV-tXoC",
        "citation_id": "FXzV5yQAAAAJ:XoXfffV-tXoC",
        "authors": "S Rangan, TS Rappaport, E Erkip",
        "publication": "Proceedings of the IEEE 102 (3), 366-385, 2014",
        "year": "2014"
    },
    {
        "title": "Millimeter wave channel modeling and cellular capacity evaluation",
        "link": "https://scholar.google.com/citations?view_op=view_citation&hl=en&user=FXzV5yQAAAAJ&citation_for_view=FXzV5yQAAAAJ:HbR8gkJAVGIC",
        "citation_id": "FXzV5yQAAAAJ:HbR8gkJAVGIC",
        "authors": "MR Akdeniz, Y Liu, MK Samimi, S Sun, S Rangan, TS Rappaport, E Erkip",
        "publication": "IEEE journal on selected areas in communications 32 (6), 1164-1179, 2014",
        "year": "2014"
    },
    {
        "title": "Energy harvesting broadband communication systems with processing energy cost",
        "link": "https://scholar.google.com/citations?view_op=view_citation&hl=en&user=FXzV5yQAAAAJ&cstart=20&citation_for_view=FXzV5yQAAAAJ:xtoqd-5pKcoC",
        "citation_id": "FXzV5yQAAAAJ:xtoqd-5pKcoC",
        "authors": "O Orhan, D G\u00fcnd\u00fcz, E Erkip",
        "publication": "IEEE Transactions on Wireless Communications 13 (11), 6095-6107, 2014",
        "year": "2014"
    },
    {
        "title": "CoopMAX: a cooperative MAC with randomized distributed space time coding for an IEEE 802.16 network",
        "link": "https://scholar.google.com/citations?view_op=view_citation&hl=en&user=FXzV5yQAAAAJ&cstart=20&citation_for_view=FXzV5yQAAAAJ:pyW8ca7W8N0C",
        "citation_id": "FXzV5yQAAAAJ:pyW8ca7W8N0C",
        "authors": "C Nie, P Liu, T Korakis, E Erkip, SS Panwar",
        "publication": "US Patent 8,792,367, 2014",
        "year": "2014"
    },
    {
        "title": "Full-duplex cloud radio access networks: An information-theoretic viewpoint",
        "link": "https://scholar.google.com/citations?view_op=view_citation&hl=en&user=FXzV5yQAAAAJ&cstart=40&citation_for_view=FXzV5yQAAAAJ:Ri6SYOTghG4C",
        "citation_id": "FXzV5yQAAAAJ:Ri6SYOTghG4C",
        "authors": "O Simeone, E Erkip, S Shamai",
        "publication": "IEEE Wireless Communications Letters 3 (4), 413-416, 2014",
        "year": "2014"
    },
    {
        "title": "Constrained codes for joint energy and information transfer",
        "link": "https://scholar.google.com/citations?view_op=view_citation&hl=en&user=FXzV5yQAAAAJ&cstart=40&citation_for_view=FXzV5yQAAAAJ:S16KYo8Pm5AC",
        "citation_id": "FXzV5yQAAAAJ:S16KYo8Pm5AC",
        "authors": "AM Fouladgar, O Simeone, E Erkip",
        "publication": "IEEE Transactions on Communications 62 (6), 2121-2131, 2014",
        "year": "2014"
    },
    {
        "title": "Scaling laws for infrastructure single and multihop wireless networks in wideband regimes",
        "link": "https://scholar.google.com/citations?view_op=view_citation&hl=en&user=FXzV5yQAAAAJ&cstart=120&citation_for_view=FXzV5yQAAAAJ:YohjEiUPhakC",
        "citation_id": "FXzV5yQAAAAJ:YohjEiUPhakC",
        "authors": "F G\u00f3mez-Cuba, S Rangan, E Erkip",
        "publication": "2014 IEEE International Symposium on Information Theory, 76-80, 2014",
        "year": "2014"
    },
    {
        "title": "Constrained codes for joint energy and information transfer with receiver energy utilization requirements",
        "link": "https://scholar.google.com/citations?view_op=view_citation&hl=en&user=FXzV5yQAAAAJ&cstart=280&citation_for_view=FXzV5yQAAAAJ:4fGpz3EwCPoC",
        "citation_id": "FXzV5yQAAAAJ:4fGpz3EwCPoC",
        "authors": "AM Fouladgar, O Simeone, E Erkip",
        "publication": "2014 IEEE International Symposium on Information Theory, 991-995, 2014",
        "year": "2014"
    },
    {
        "title": "Communicating lists over a noisy channel",
        "link": "https://scholar.google.com/citations?view_op=view_citation&hl=en&user=FXzV5yQAAAAJ&cstart=340&citation_for_view=FXzV5yQAAAAJ:_FM0Bhl9EiAC",
        "citation_id": "FXzV5yQAAAAJ:_FM0Bhl9EiAC",
        "authors": "MA Ko\u00e7ak, E Erkip",
        "publication": "2014 52nd Annual Allerton Conference on Communication, Control, and \u2026, 2014",
        "year": "2014"
    },
    {
        "title": "A distributed MAC protocol for full duplex radio",
        "link": "https://scholar.google.com/citations?view_op=view_citation&hl=en&user=FXzV5yQAAAAJ&citation_for_view=FXzV5yQAAAAJ:rmuvC79q63oC",
        "citation_id": "FXzV5yQAAAAJ:rmuvC79q63oC",
        "authors": "S Goyal, P Liu, O Gurbuz, E Erkip, S Panwar",
        "publication": "2013 Asilomar conference on signals, systems and computers, 788-792, 2013",
        "year": "2013"
    },
    {
        "title": "Half-duplex or full-duplex relaying: A capacity analysis under self-interference",
        "link": "https://scholar.google.com/citations?view_op=view_citation&hl=en&user=FXzV5yQAAAAJ&cstart=20&citation_for_view=FXzV5yQAAAAJ:Z5m8FVwuT1cC",
        "citation_id": "FXzV5yQAAAAJ:Z5m8FVwuT1cC",
        "authors": "N Shende, O Gurbuz, E Erkip",
        "publication": "2013 47th Annual Conference on Information Sciences and Systems (CISS), 1-6, 2013",
        "year": "2013"
    },
    {
        "title": "Millimeter wave picocellular system evaluation for urban deployments",
        "link": "https://scholar.google.com/citations?view_op=view_citation&hl=en&user=FXzV5yQAAAAJ&cstart=20&citation_for_view=FXzV5yQAAAAJ:vbGhcppDl1QC",
        "citation_id": "FXzV5yQAAAAJ:vbGhcppDl1QC",
        "authors": "MR Akdeniz, Y Liu, S Rangan, E Erkip",
        "publication": "2013 IEEE Globecom Workshops (GC Wkshps), 105-110, 2013",
        "year": "2013"
    },
    {
        "title": "Throughput maximization for energy harvesting two-hop networks",
        "link": "https://scholar.google.com/citations?view_op=view_citation&hl=en&user=FXzV5yQAAAAJ&cstart=40&citation_for_view=FXzV5yQAAAAJ:oNZyr7d5Mn4C",
        "citation_id": "FXzV5yQAAAAJ:oNZyr7d5Mn4C",
        "authors": "O Orhan, E Erkip",
        "publication": "2013 IEEE International Symposium on Information Theory, 1596-1600, 2013",
        "year": "2013"
    },
    {
        "title": "Spatial multiplexing gain for a distributed cooperative communications system using randomized coding",
        "link": "https://scholar.google.com/citations?view_op=view_citation&hl=en&user=FXzV5yQAAAAJ&cstart=60&citation_for_view=FXzV5yQAAAAJ:4fKUyHm3Qg0C",
        "citation_id": "FXzV5yQAAAAJ:4fKUyHm3Qg0C",
        "authors": "E Erkip, T Korakis, P Liu, SS Panwar",
        "publication": "US Patent 8,509,288, 2013",
        "year": "2013"
    },
    {
        "title": "Delay-constrained distortion minimization for energy harvesting transmission over a fading channel",
        "link": "https://scholar.google.com/citations?view_op=view_citation&hl=en&user=FXzV5yQAAAAJ&cstart=80&citation_for_view=FXzV5yQAAAAJ:kz9GbA2Ns4gC",
        "citation_id": "FXzV5yQAAAAJ:kz9GbA2Ns4gC",
        "authors": "O Orhan, D G\u00fcnd\u00fcz, E Erkip",
        "publication": "2013 IEEE International Symposium on Information Theory, 1794-1798, 2013",
        "year": "2013"
    },
    {
        "title": "Optimal packet scheduling for an energy harvesting transmitter with processing cost",
        "link": "https://scholar.google.com/citations?view_op=view_citation&hl=en&user=FXzV5yQAAAAJ&cstart=100&citation_for_view=FXzV5yQAAAAJ:i2xiXl-TujoC",
        "citation_id": "FXzV5yQAAAAJ:i2xiXl-TujoC",
        "authors": "O Orhan, D G\u00fcnd\u00fcz, E Erkip",
        "publication": "2013 IEEE International Conference on Communications (ICC), 3110-3114, 2013",
        "year": "2013"
    },
    {
        "title": "Energy efficient methods for millimeter wave picocellular systems",
        "link": "https://scholar.google.com/citations?view_op=view_citation&hl=en&user=FXzV5yQAAAAJ&cstart=100&citation_for_view=FXzV5yQAAAAJ:hMsQuOkrut0C",
        "citation_id": "FXzV5yQAAAAJ:hMsQuOkrut0C",
        "authors": "S Rangan, T Rappaport, E Erkip, Z Latinovic, MR Akdeniz, Y Liu",
        "publication": "IEEE Communication Theory Workshop, 2013",
        "year": "2013"
    },
    {
        "title": "A cross-layer multi-hop cooperative network architecture for wireless ad hoc networks",
        "link": "https://scholar.google.com/citations?view_op=view_citation&hl=en&user=FXzV5yQAAAAJ&cstart=160&citation_for_view=FXzV5yQAAAAJ:zLWjf1WUPmwC",
        "citation_id": "FXzV5yQAAAAJ:zLWjf1WUPmwC",
        "authors": "MS Gokturk, O Gurbuz, E Erkip",
        "publication": "Computer Networks 57 (18), 4010-4029, 2013",
        "year": "2013"
    },
    {
        "title": "Robust cooperative relaying in a wireless LAN: cross-layer design",
        "link": "https://scholar.google.com/citations?view_op=view_citation&hl=en&user=FXzV5yQAAAAJ&cstart=160&citation_for_view=FXzV5yQAAAAJ:PELIpwtuRlgC",
        "citation_id": "FXzV5yQAAAAJ:PELIpwtuRlgC",
        "authors": "E Erkip, P Liu, C Nie, SS Panwar",
        "publication": "US Patent 8,611,271, 2013",
        "year": "2013"
    },
    {
        "title": "Lossy computing of correlated sources with fractional sampling",
        "link": "https://scholar.google.com/citations?view_op=view_citation&hl=en&user=FXzV5yQAAAAJ&cstart=200&citation_for_view=FXzV5yQAAAAJ:j8SEvjWlNXcC",
        "citation_id": "FXzV5yQAAAAJ:j8SEvjWlNXcC",
        "authors": "X Liu, O Simeone, E Erkip",
        "publication": "IEEE transactions on communications 61 (9), 3685-3696, 2013",
        "year": "2013"
    },
    {
        "title": "Relay channel with orthogonal components and structured interference known at the source",
        "link": "https://scholar.google.com/citations?view_op=view_citation&hl=en&user=FXzV5yQAAAAJ&cstart=200&citation_for_view=FXzV5yQAAAAJ:tKAzc9rXhukC",
        "citation_id": "FXzV5yQAAAAJ:tKAzc9rXhukC",
        "authors": "K Bakanoglu, E Erkip, O Simeone, SS Shitz",
        "publication": "IEEE transactions on communications 61 (4), 1277-1289, 2013",
        "year": "2013"
    },
    {
        "title": "Adaptive modulation for cooperative coded systems",
        "link": "https://scholar.google.com/citations?view_op=view_citation&hl=en&user=FXzV5yQAAAAJ&cstart=200&citation_for_view=FXzV5yQAAAAJ:wbdj-CoPYUoC",
        "citation_id": "FXzV5yQAAAAJ:wbdj-CoPYUoC",
        "authors": "Z Lin, M Ghosh, E Erkip",
        "publication": "US Patent 8,451,768, 2013",
        "year": "2013"
    },
    {
        "title": "Transmission schemes for Gaussian interference channels with transmitter processing energy",
        "link": "https://scholar.google.com/citations?view_op=view_citation&hl=en&user=FXzV5yQAAAAJ&cstart=240&citation_for_view=FXzV5yQAAAAJ:kuK5TVdYjLIC",
        "citation_id": "FXzV5yQAAAAJ:kuK5TVdYjLIC",
        "authors": "X Liu, E Erkip",
        "publication": "IEEE transactions on wireless communications 12 (9), 4756-4765, 2013",
        "year": "2013"
    },
    {
        "title": "Video multicast through cooperative incremental parity packet transmission",
        "link": "https://scholar.google.com/citations?view_op=view_citation&hl=en&user=FXzV5yQAAAAJ&cstart=240&citation_for_view=FXzV5yQAAAAJ:BUYA1_V_uYcC",
        "citation_id": "FXzV5yQAAAAJ:BUYA1_V_uYcC",
        "authors": "Z Guo, Y Wang, E Erkip, S Panwar",
        "publication": "Proceedings of the 5th Workshop on Mobile Video, 19-24, 2013",
        "year": "2013"
    },
    {
        "title": "Energy-efficient communication over Gaussian interference networks with processing energy cost",
        "link": "https://scholar.google.com/citations?view_op=view_citation&hl=en&user=FXzV5yQAAAAJ&cstart=260&citation_for_view=FXzV5yQAAAAJ:URolC5Kub84C",
        "citation_id": "FXzV5yQAAAAJ:URolC5Kub84C",
        "authors": "X Liu, E Erkip",
        "publication": "CoRR, vol. abs/1301.1661, 2013",
        "year": "2013"
    },
    {
        "title": "Interactive relay assisted source coding",
        "link": "https://scholar.google.com/citations?view_op=view_citation&hl=en&user=FXzV5yQAAAAJ&cstart=280&citation_for_view=FXzV5yQAAAAJ:k8Z6L05lTy4C",
        "citation_id": "FXzV5yQAAAAJ:k8Z6L05lTy4C",
        "authors": "FE Rezagah, E Erkip",
        "publication": "2013 IEEE Global Conference on Signal and Information Processing, 819-822, 2013",
        "year": "2013"
    },
    {
        "title": "MAC design for full-duplex relaying",
        "link": "https://scholar.google.com/citations?view_op=view_citation&hl=en&user=FXzV5yQAAAAJ&cstart=280&citation_for_view=FXzV5yQAAAAJ:edDO8Oi4QzsC",
        "citation_id": "FXzV5yQAAAAJ:edDO8Oi4QzsC",
        "authors": "S Goyal, P Liu, \u00d6 G\u00fcrb\u00fcz, E Erkip, S Panwar",
        "publication": "IEEE (Institute of Electrical and Electronics Engineers), 2013",
        "year": "2013"
    },
    {
        "title": "Interactive function computation with reconstruction constraints",
        "link": "https://scholar.google.com/citations?view_op=view_citation&hl=en&user=FXzV5yQAAAAJ&cstart=280&citation_for_view=FXzV5yQAAAAJ:VaXvl8Fpj5cC",
        "citation_id": "FXzV5yQAAAAJ:VaXvl8Fpj5cC",
        "authors": "FE Rezagah, E Erkip",
        "publication": "2013 51st Annual Allerton Conference on Communication, Control, and \u2026, 2013",
        "year": "2013"
    },
    {
        "title": "Bounds on the capacity region of a class of Gaussian broadcast interference channels",
        "link": "https://scholar.google.com/citations?view_op=view_citation&hl=en&user=FXzV5yQAAAAJ&cstart=300&citation_for_view=FXzV5yQAAAAJ:M7yex6snE4oC",
        "citation_id": "FXzV5yQAAAAJ:M7yex6snE4oC",
        "authors": "Y Liu, E Erkip",
        "publication": "2013 IEEE International Symposium on Information Theory, 942-946, 2013",
        "year": "2013"
    },
    {
        "title": "Interactive Function Computation with Reconstruction Constraints",
        "link": "https://scholar.google.com/citations?view_op=view_citation&hl=en&user=FXzV5yQAAAAJ&cstart=340&citation_for_view=FXzV5yQAAAAJ:w0F2JDEymm0C",
        "citation_id": "FXzV5yQAAAAJ:w0F2JDEymm0C",
        "authors": "F Ebrahim Rezagah, E Erkip",
        "publication": "arXiv e-prints, arXiv: 1310.2291, 2013",
        "year": "2013"
    },
    {
        "title": "Interactive Relay Assisted Source Coding",
        "link": "https://scholar.google.com/citations?view_op=view_citation&hl=en&user=FXzV5yQAAAAJ&cstart=340&citation_for_view=FXzV5yQAAAAJ:uVUOdF_882EC",
        "citation_id": "FXzV5yQAAAAJ:uVUOdF_882EC",
        "authors": "F Ebrahim Rezagah, E Erkip",
        "publication": "arXiv e-prints, arXiv: 1310.2296, 2013",
        "year": "2013"
    },
    {
        "title": "Millimeter Wave Picocellular System Evaluation for Urban Deployments",
        "link": "https://scholar.google.com/citations?view_op=view_citation&hl=en&user=FXzV5yQAAAAJ&cstart=340&citation_for_view=FXzV5yQAAAAJ:5bg8sr1QxYwC",
        "citation_id": "FXzV5yQAAAAJ:5bg8sr1QxYwC",
        "authors": "M Riza Akdeniz, Y Liu, S Rangan, E Erkip",
        "publication": "arXiv e-prints, arXiv: 1304.3963, 2013",
        "year": "2013"
    },
    {
        "title": "Throughput maximization for an energy harvesting communication system with processing cost",
        "link": "https://scholar.google.com/citations?view_op=view_citation&hl=en&user=FXzV5yQAAAAJ&cstart=20&citation_for_view=FXzV5yQAAAAJ:XD-gHx7UXLsC",
        "citation_id": "FXzV5yQAAAAJ:XD-gHx7UXLsC",
        "authors": "O Orhan, D G\u00fcnd\u00fcz, E Erkip",
        "publication": "2012 IEEE Information Theory Workshop, 84-88, 2012",
        "year": "2012"
    },
    {
        "title": "Optimal transmission policies for energy harvesting two-hop networks",
        "link": "https://scholar.google.com/citations?view_op=view_citation&hl=en&user=FXzV5yQAAAAJ&cstart=20&citation_for_view=FXzV5yQAAAAJ:tzM49s52ZIMC",
        "citation_id": "FXzV5yQAAAAJ:tzM49s52ZIMC",
        "authors": "O Orhan, E Erkip",
        "publication": "2012 46th Annual Conference on Information Sciences and Systems (CISS), 1-6, 2012",
        "year": "2012"
    },
    {
        "title": "Energy management policies for energy-neutral source-channel coding",
        "link": "https://scholar.google.com/citations?view_op=view_citation&hl=en&user=FXzV5yQAAAAJ&cstart=40&citation_for_view=FXzV5yQAAAAJ:SP6oXDckpogC",
        "citation_id": "FXzV5yQAAAAJ:SP6oXDckpogC",
        "authors": "P Castiglione, O Simeone, E Erkip, T Zemen",
        "publication": "IEEE Transactions on Communications 60 (9), 2668-2678, 2012",
        "year": "2012"
    },
    {
        "title": "Dual-band femtocell traffic balancing over licensed and unlicensed bands",
        "link": "https://scholar.google.com/citations?view_op=view_citation&hl=en&user=FXzV5yQAAAAJ&cstart=60&citation_for_view=FXzV5yQAAAAJ:35r97b3x0nAC",
        "citation_id": "FXzV5yQAAAAJ:35r97b3x0nAC",
        "authors": "F Liu, E Erkip, MC Beluri, R Yang, E Bala",
        "publication": "2012 IEEE international conference on communications (ICC), 6809-6814, 2012",
        "year": "2012"
    },
    {
        "title": "Energy harvesting two-hop networks: Optimal policies for the multi-energy arrival case",
        "link": "https://scholar.google.com/citations?view_op=view_citation&hl=en&user=FXzV5yQAAAAJ&cstart=60&citation_for_view=FXzV5yQAAAAJ:t7zJ5fGR-2UC",
        "citation_id": "FXzV5yQAAAAJ:t7zJ5fGR-2UC",
        "authors": "O Orhan, E Erkip",
        "publication": "2012 35th IEEE Sarnoff Symposium, 1-6, 2012",
        "year": "2012"
    },
    {
        "title": "STiCMAC: a MAC protocol for robust space-time coding in cooperative wireless LANs",
        "link": "https://scholar.google.com/citations?view_op=view_citation&hl=en&user=FXzV5yQAAAAJ&cstart=60&citation_for_view=FXzV5yQAAAAJ:_xSYboBqXhAC",
        "citation_id": "FXzV5yQAAAAJ:_xSYboBqXhAC",
        "authors": "P Liu, C Nie, T Korakis, E Erkip, SS Panwar, F Verde, A Scaglione",
        "publication": "IEEE Transactions on Wireless Communications 11 (4), 1358-1369, 2012",
        "year": "2012"
    },
    {
        "title": "Cooperative relaying in next-generation mobile WiMAX networks",
        "link": "https://scholar.google.com/citations?view_op=view_citation&hl=en&user=FXzV5yQAAAAJ&cstart=80&citation_for_view=FXzV5yQAAAAJ:vDijr-p_gm4C",
        "citation_id": "FXzV5yQAAAAJ:vDijr-p_gm4C",
        "authors": "C Nie, P Liu, T Korakis, E Erkip, SS Panwar",
        "publication": "IEEE Transactions on vehicular technology 62 (3), 1399-1405, 2012",
        "year": "2012"
    },
    {
        "title": "Reliable joint source-channel cooperative transmission over relay networks",
        "link": "https://scholar.google.com/citations?view_op=view_citation&hl=en&user=FXzV5yQAAAAJ&cstart=80&citation_for_view=FXzV5yQAAAAJ:uWiczbcajpAC",
        "citation_id": "FXzV5yQAAAAJ:uWiczbcajpAC",
        "authors": "D Gunduz, E Erkip, A Goldsmith, HV Poor",
        "publication": "IEEE transactions on information theory 59 (4), 2442-2458, 2012",
        "year": "2012"
    },
    {
        "title": "Energy-efficient sensing and communication of parallel Gaussian sources",
        "link": "https://scholar.google.com/citations?view_op=view_citation&hl=en&user=FXzV5yQAAAAJ&cstart=120&citation_for_view=FXzV5yQAAAAJ:7T2F9Uy0os0C",
        "citation_id": "FXzV5yQAAAAJ:7T2F9Uy0os0C",
        "authors": "X Liu, O Simeone, E Erkip",
        "publication": "IEEE transactions on communications 60 (12), 3826-3835, 2012",
        "year": "2012"
    },
    {
        "title": "Cooperative MAC for rate adaptive randomized distributed space-time coding",
        "link": "https://scholar.google.com/citations?view_op=view_citation&hl=en&user=FXzV5yQAAAAJ&cstart=140&citation_for_view=FXzV5yQAAAAJ:eJXPG6dFmWUC",
        "citation_id": "FXzV5yQAAAAJ:eJXPG6dFmWUC",
        "authors": "E Erkip, T Korakis, P Liu, SS Panwar, A Scaglione",
        "publication": "US Patent 8,228,836, 2012",
        "year": "2012"
    },
    {
        "title": "RECOMAC: A cross-layer cooperative network protocol for wireless ad hoc networks",
        "link": "https://scholar.google.com/citations?view_op=view_citation&hl=en&user=FXzV5yQAAAAJ&cstart=200&citation_for_view=FXzV5yQAAAAJ:fEOibwPWpKIC",
        "citation_id": "FXzV5yQAAAAJ:fEOibwPWpKIC",
        "authors": "MS Gokturk, O Gurbuz, E Erkip",
        "publication": "2012 5th International Conference on New Technologies, Mobility and Security \u2026, 2012",
        "year": "2012"
    },
    {
        "title": "Video multicast using relay devices defined by a channel quality parameter hierarchy",
        "link": "https://scholar.google.com/citations?view_op=view_citation&hl=en&user=FXzV5yQAAAAJ&cstart=200&citation_for_view=FXzV5yQAAAAJ:mvPsJ3kp5DgC",
        "citation_id": "FXzV5yQAAAAJ:mvPsJ3kp5DgC",
        "authors": "A Ozgu, E Erkip, T Korakis, SS Panwar, Y Wang",
        "publication": "US Patent 8,179,848, 2012",
        "year": "2012"
    },
    {
        "title": "On a class of discrete memoryless broadcast interference channels",
        "link": "https://scholar.google.com/citations?view_op=view_citation&hl=en&user=FXzV5yQAAAAJ&cstart=240&citation_for_view=FXzV5yQAAAAJ:VLnqNzywnoUC",
        "citation_id": "FXzV5yQAAAAJ:VLnqNzywnoUC",
        "authors": "Y Liu, E Erkip",
        "publication": "2012 IEEE International Symposium on Information Theory Proceedings, 2266-2270, 2012",
        "year": "2012"
    },
    {
        "title": "Relaying under structured interference",
        "link": "https://scholar.google.com/citations?view_op=view_citation&hl=en&user=FXzV5yQAAAAJ&cstart=260&citation_for_view=FXzV5yQAAAAJ:ZfRJV9d4-WMC",
        "citation_id": "FXzV5yQAAAAJ:ZfRJV9d4-WMC",
        "authors": "K Bakano\u011flu, E Erkip, O Simeone, S Shamai",
        "publication": "2012 46th Annual Conference on Information Sciences and Systems (CISS), 1-6, 2012",
        "year": "2012"
    },
    {
        "title": "Joint Source-Channel Cooperative Transmission over Relay-Broadcast Networks",
        "link": "https://scholar.google.com/citations?view_op=view_citation&hl=en&user=FXzV5yQAAAAJ&cstart=280&citation_for_view=FXzV5yQAAAAJ:_Re3VWB3Y0AC",
        "citation_id": "FXzV5yQAAAAJ:_Re3VWB3Y0AC",
        "authors": "D Gunduz, E Erkip, A Goldsmith, HV Poor",
        "publication": "arXiv preprint arXiv:1202.5967, 2012",
        "year": "2012"
    },
    {
        "title": "Two-way wireless video communication using randomized cooperation, network coding and packet level fec",
        "link": "https://scholar.google.com/citations?view_op=view_citation&hl=en&user=FXzV5yQAAAAJ&cstart=300&citation_for_view=FXzV5yQAAAAJ:2KloaMYe4IUC",
        "citation_id": "FXzV5yQAAAAJ:2KloaMYe4IUC",
        "authors": "X Xu, \u00d6 Alay, E Erkip, Y Wang, S Panwar",
        "publication": "2012 IEEE International Conference on Communications (ICC), 7066-7070, 2012",
        "year": "2012"
    },
    {
        "title": "Optimal Transmission Policies for an Energy Harvesting Transmitter with Processing Cost",
        "link": "https://scholar.google.com/citations?view_op=view_citation&hl=en&user=FXzV5yQAAAAJ&cstart=340&citation_for_view=FXzV5yQAAAAJ:epqYDVWIO7EC",
        "citation_id": "FXzV5yQAAAAJ:epqYDVWIO7EC",
        "authors": "O Orhan, D G\u00fcnd\u00fcz, E Erkip",
        "publication": null,
        "year": "2012"
    }
]