[
    {
        "title": "Do Switches Still Need to Deliver Packets in Sequence?",
        "link": "https://scholar.google.com/citations?view_op=view_citation&hl=en&user=41k4_N8AAAAJ&citation_for_view=41k4_N8AAAAJ:mVmsd5A6BfQC",
        "citation_id": "41k4_N8AAAAJ:mVmsd5A6BfQC",
        "authors": "U Usub\u00fct\u00fcn, F Fund, S Panwar",
        "publication": "2023 IEEE 24th International Conference on High Performance Switching and \u2026, 2023",
        "year": "2023"
    },
    {
        "title": "We Need More Reproducibility Content Across the Computer Science Curriculum",
        "link": "https://scholar.google.com/citations?view_op=view_citation&hl=en&user=41k4_N8AAAAJ&citation_for_view=41k4_N8AAAAJ:9ZlFYXVOiuMC",
        "citation_id": "41k4_N8AAAAJ:9ZlFYXVOiuMC",
        "authors": "F Fund",
        "publication": "Proceedings of the 2023 ACM Conference on Reproducibility and Replicability \u2026, 2023",
        "year": "2023"
    },
    {
        "title": "Replication:\" When to Use and When Not to Use BBR\"",
        "link": "https://scholar.google.com/citations?view_op=view_citation&hl=en&user=41k4_N8AAAAJ&cstart=20&citation_for_view=41k4_N8AAAAJ:7PzlFSSx8tAC",
        "citation_id": "41k4_N8AAAAJ:7PzlFSSx8tAC",
        "authors": "S Datta, F Fund",
        "publication": "Proceedings of the 2023 ACM on Internet Measurement Conference, 30-35, 2023",
        "year": "2023"
    },
    {
        "title": "A Data Set and Reference Experiments for Multipath Wireless Emulation on Public Testbeds",
        "link": "https://scholar.google.com/citations?view_op=view_citation&hl=en&user=41k4_N8AAAAJ&cstart=20&citation_for_view=41k4_N8AAAAJ:ZeXyd9-uunAC",
        "citation_id": "41k4_N8AAAAJ:ZeXyd9-uunAC",
        "authors": "I Aydin, F Fund, SS Panwar",
        "publication": "IEEE INFOCOM 2023-IEEE Conference on Computer Communications Workshops \u2026, 2023",
        "year": "2023"
    },
    {
        "title": "Evaluating a multicast backhaul protocol for reliable low latency communication over mmWave links",
        "link": "https://scholar.google.com/citations?view_op=view_citation&hl=en&user=41k4_N8AAAAJ&cstart=20&citation_for_view=41k4_N8AAAAJ:L8Ckcad2t8MC",
        "citation_id": "41k4_N8AAAAJ:L8Ckcad2t8MC",
        "authors": "D Mastrogiannis, F Fund, SS Panwar",
        "publication": "IEEE INFOCOM 2023-IEEE Conference on Computer Communications Workshops \u2026, 2023",
        "year": "2023"
    },
    {
        "title": "Some of the Internet may be heading towards BBR dominance: an experimental study",
        "link": "https://scholar.google.com/citations?view_op=view_citation&hl=en&user=41k4_N8AAAAJ&cstart=20&citation_for_view=41k4_N8AAAAJ:QIV2ME_5wuYC",
        "citation_id": "41k4_N8AAAAJ:QIV2ME_5wuYC",
        "authors": "A Srivastava, F Fund, SS Panwar",
        "publication": "IEEE INFOCOM 2023-IEEE Conference on Computer Communications Workshops \u2026, 2023",
        "year": "2023"
    },
    {
        "title": "Fast Wireless Backhaul: A Multi-Connectivity Enabled mmWave Cellular System",
        "link": "https://scholar.google.com/citations?view_op=view_citation&hl=en&user=41k4_N8AAAAJ&citation_for_view=41k4_N8AAAAJ:Wp0gIr-vW9MC",
        "citation_id": "41k4_N8AAAAJ:Wp0gIr-vW9MC",
        "authors": "A Koutsaftis, MF \u00d6zko\u00e7, F Fund, P Liu, SS Panwar",
        "publication": "GLOBECOM 2022-2022 IEEE Global Communications Conference, 1813-1818, 2022",
        "year": "2022"
    },
    {
        "title": "Coexistence of delay-based TCP congestion control: Challenges and opportunities",
        "link": "https://scholar.google.com/citations?view_op=view_citation&hl=en&user=41k4_N8AAAAJ&citation_for_view=41k4_N8AAAAJ:4DMP91E08xMC",
        "citation_id": "41k4_N8AAAAJ:4DMP91E08xMC",
        "authors": "A Srivastava, F Fund, SS Panwar",
        "publication": "2022 IEEE International Workshop Technical Committee on Communications \u2026, 2022",
        "year": "2022"
    },
    {
        "title": "Creating Algorithmically Generated Questions Using a Modern, Open-sourced, Online Platform: PrairieLearn",
        "link": "https://scholar.google.com/citations?view_op=view_citation&hl=en&user=41k4_N8AAAAJ&cstart=20&citation_for_view=41k4_N8AAAAJ:dhFuZR0502QC",
        "citation_id": "41k4_N8AAAAJ:dhFuZR0502QC",
        "authors": "F Moosvi, D Eddelbuettel, C Zilles, SA Wolfman, F Fund, LK Alford, ...",
        "publication": "Proceedings of the 54th ACM Technical Symposium on Computer Science \u2026, 2022",
        "year": "2022"
    },
    {
        "title": "Tackling the latency divide with Copa",
        "link": "https://scholar.google.com/citations?view_op=view_citation&hl=en&user=41k4_N8AAAAJ&citation_for_view=41k4_N8AAAAJ:aqlVkmm33-oC",
        "citation_id": "41k4_N8AAAAJ:aqlVkmm33-oC",
        "authors": "D Roberts, A Srivastava, F Fund, SS Panwar",
        "publication": "IEEE INFOCOM 2021-IEEE Conference on Computer Communications Workshops \u2026, 2021",
        "year": "2021"
    },
    {
        "title": "A controlled, reproducible, and extensible experiment for evaluating the impact of Tor latency",
        "link": "https://scholar.google.com/citations?view_op=view_citation&hl=en&user=41k4_N8AAAAJ&cstart=20&citation_for_view=41k4_N8AAAAJ:qxL8FJ1GzNcC",
        "citation_id": "41k4_N8AAAAJ:qxL8FJ1GzNcC",
        "authors": "B Keita, A Srivastava, F Fund, SS Panwar",
        "publication": "IEEE INFOCOM 2021-IEEE Conference on Computer Communications Workshops \u2026, 2021",
        "year": "2021"
    },
    {
        "title": "An experimental evaluation of low latency congestion control for mmwave links",
        "link": "https://scholar.google.com/citations?view_op=view_citation&hl=en&user=41k4_N8AAAAJ&citation_for_view=41k4_N8AAAAJ:YOwf2qJgpHMC",
        "citation_id": "41k4_N8AAAAJ:YOwf2qJgpHMC",
        "authors": "A Srivastava, F Fund, SS Panwar",
        "publication": "IEEE INFOCOM 2020-IEEE Conference on Computer Communications Workshops \u2026, 2020",
        "year": "2020"
    },
    {
        "title": "The blind side: Latency challenges in millimeter wave networks for connected vehicle applications",
        "link": "https://scholar.google.com/citations?view_op=view_citation&hl=en&user=41k4_N8AAAAJ&citation_for_view=41k4_N8AAAAJ:_kc_bZDykSQC",
        "citation_id": "41k4_N8AAAAJ:_kc_bZDykSQC",
        "authors": "C Tunc, MF \u00d6zko\u00e7, F Fund, SS Panwar",
        "publication": "IEEE Transactions on Vehicular Technology 70 (1), 529-542, 2020",
        "year": "2020"
    },
    {
        "title": "A Low Latency Congestion Control That Can Compete",
        "link": "https://scholar.google.com/citations?view_op=view_citation&hl=en&user=41k4_N8AAAAJ&cstart=20&citation_for_view=41k4_N8AAAAJ:M3ejUd6NZC8C",
        "citation_id": "41k4_N8AAAAJ:M3ejUd6NZC8C",
        "authors": "A Srivastava, F Fund, S Panwar",
        "publication": "Proceedings of the Student Workshop, 15-16, 2020",
        "year": "2020"
    },
    {
        "title": "A Model for Joint Engineering-Economic Analysis of Cellular Systems",
        "link": "https://scholar.google.com/citations?view_op=view_citation&hl=en&user=41k4_N8AAAAJ&cstart=20&citation_for_view=41k4_N8AAAAJ:4TOpqqG69KYC",
        "citation_id": "41k4_N8AAAAJ:4TOpqqG69KYC",
        "authors": "F Fund, S Shahsavari, SS Panwar, E Erkip",
        "publication": "IEEE Wireless Communications Letters 10 (2), 344-348, 2020",
        "year": "2020"
    },
    {
        "title": "TCP BBR for Ultra-Low Latency Networking: Challenges, Analysis, and Solutions",
        "link": "https://scholar.google.com/citations?view_op=view_citation&hl=en&user=41k4_N8AAAAJ&citation_for_view=41k4_N8AAAAJ:Zph67rFs4hoC",
        "citation_id": "41k4_N8AAAAJ:Zph67rFs4hoC",
        "authors": "R Kumar, A Koutsaftis, F Fund, G Naik, P Liu, Y Liu, S Panwar",
        "publication": "2019 IFIP Networking Conference (IFIP Networking), 1-9, 2019",
        "year": "2019"
    },
    {
        "title": "Capturing capacity and profit gains with base station sharing in mmWave cellular networks",
        "link": "https://scholar.google.com/citations?view_op=view_citation&hl=en&user=41k4_N8AAAAJ&cstart=20&citation_for_view=41k4_N8AAAAJ:kNdYIx-mwKoC",
        "citation_id": "41k4_N8AAAAJ:kNdYIx-mwKoC",
        "authors": "S Shahsavari, F Fund, E Erkip, SS Panwar",
        "publication": "IEEE INFOCOM 2018-IEEE Conference on Computer Communications Workshops \u2026, 2018",
        "year": "2018"
    },
    {
        "title": "Resource Sharing Among mmWave Cellular Service Providers in a Vertically Differentiated Duopoly",
        "link": "https://scholar.google.com/citations?view_op=view_citation&hl=en&user=41k4_N8AAAAJ&citation_for_view=41k4_N8AAAAJ:hqOjcs7Dif8C",
        "citation_id": "41k4_N8AAAAJ:hqOjcs7Dif8C",
        "authors": "F Fund, S Shahsavari, SS Panwar, E Erkip, S Rangan",
        "publication": "IEEE ICC 2017 Next Generation Networking and Internet Symposium (ICC'17 NGNI), 2017",
        "year": "2017"
    },
    {
        "title": "An Open-Access Research Testbed for Visible Light Communication",
        "link": "https://scholar.google.com/citations?view_op=view_citation&hl=en&user=41k4_N8AAAAJ&citation_for_view=41k4_N8AAAAJ:3fE2CSJIrl8C",
        "citation_id": "41k4_N8AAAAJ:3fE2CSJIrl8C",
        "authors": "J Zamora, F Fund, A Koutsaftis, SS Panwar",
        "publication": "Proceedings of the 4th ACM Workshop on Visible Light Communication Systems \u2026, 2017",
        "year": "2017"
    },
    {
        "title": "Bridging the digital divide between research and home networks",
        "link": "https://scholar.google.com/citations?view_op=view_citation&hl=en&user=41k4_N8AAAAJ&cstart=20&citation_for_view=41k4_N8AAAAJ:0EnyYjriUFMC",
        "citation_id": "41k4_N8AAAAJ:0EnyYjriUFMC",
        "authors": "C Smith-Salzberg, F Fund, S Panwar",
        "publication": "2017 IEEE INFOCOM International Workshop on Computer and Networking \u2026, 2017",
        "year": "2017"
    },
    {
        "title": "Spectrum and Infrastructure Sharing in Millimeter Wave Cellular Networks: An Economic Perspective",
        "link": "https://scholar.google.com/citations?view_op=view_citation&hl=en&user=41k4_N8AAAAJ&citation_for_view=41k4_N8AAAAJ:WF5omc3nYNoC",
        "citation_id": "41k4_N8AAAAJ:WF5omc3nYNoC",
        "authors": "F Fund, S Shahsavari, SS Panwar, E Erkip, S Rangan",
        "publication": "arXiv preprint arXiv:1605.04602, 2016",
        "year": "2016"
    },
    {
        "title": "Do open resources encourage entry into the millimeter wave cellular service market?",
        "link": "https://scholar.google.com/citations?view_op=view_citation&hl=en&user=41k4_N8AAAAJ&citation_for_view=41k4_N8AAAAJ:UebtZRa9Y70C",
        "citation_id": "41k4_N8AAAAJ:UebtZRa9Y70C",
        "authors": "F Fund, S Shahsavari, SS Panwar, E Erkip, S Rangan",
        "publication": "Proceedings of the Eighth Wireless of the Students, by the Students, and for \u2026, 2016",
        "year": "2016"
    },
    {
        "title": "Under a cloud of uncertainty: Legal questions affecting Internet storage and transmission of copyright-protected video content",
        "link": "https://scholar.google.com/citations?view_op=view_citation&hl=en&user=41k4_N8AAAAJ&citation_for_view=41k4_N8AAAAJ:W7OEmFMy1HYC",
        "citation_id": "41k4_N8AAAAJ:W7OEmFMy1HYC",
        "authors": "F Fund, SA Hosseini, SS Panwar",
        "publication": "IEEE Network 30 (2), 32-38, 2016",
        "year": "2016"
    },
    {
        "title": "GENI in the Classroom",
        "link": "https://scholar.google.com/citations?view_op=view_citation&hl=en&user=41k4_N8AAAAJ&citation_for_view=41k4_N8AAAAJ:roLk4NBRz8UC",
        "citation_id": "41k4_N8AAAAJ:roLk4NBRz8UC",
        "authors": "V Thomas, N Riga, S Edwards, F Fund, T Korakis",
        "publication": "The GENI Book, 433-449, 2016",
        "year": "2016"
    },
    {
        "title": "How bad is the flat earth assumption? Effect of topography on wireless systems",
        "link": "https://scholar.google.com/citations?view_op=view_citation&hl=en&user=41k4_N8AAAAJ&citation_for_view=41k4_N8AAAAJ:LkGwnXOMwfcC",
        "citation_id": "41k4_N8AAAAJ:LkGwnXOMwfcC",
        "authors": "F Fund, R Lin, T Korakis, SS Panwar",
        "publication": "2016 14th International Symposium on Modeling and Optimization in Mobile, Ad \u2026, 2016",
        "year": "2016"
    },
    {
        "title": "Do open resources encourage entry into the millimeter wave cellular service market?: poster",
        "link": "https://scholar.google.com/citations?view_op=view_citation&hl=en&user=41k4_N8AAAAJ&cstart=20&citation_for_view=41k4_N8AAAAJ:Se3iqnhoufwC",
        "citation_id": "41k4_N8AAAAJ:Se3iqnhoufwC",
        "authors": "F Fund, S Shahsavari, SS Panwar, E Erkip, S Rangan",
        "publication": "Proceedings of the 22nd Annual International Conference on Mobile Computing \u2026, 2016",
        "year": "2016"
    },
    {
        "title": "Evaluating networked systems: finding credible results using analysis, simulation, and testbed methods",
        "link": "https://scholar.google.com/citations?view_op=view_citation&hl=en&user=41k4_N8AAAAJ&cstart=20&citation_for_view=41k4_N8AAAAJ:ufrVoPGSRksC",
        "citation_id": "41k4_N8AAAAJ:ufrVoPGSRksC",
        "authors": "F Fund",
        "publication": "Unpublished lecture notes, 2016",
        "year": "2016"
    },
    {
        "title": "(Not) yet another policy for scalable video delivery to mobile users",
        "link": "https://scholar.google.com/citations?view_op=view_citation&hl=en&user=41k4_N8AAAAJ&citation_for_view=41k4_N8AAAAJ:Tyk-4Ss8FVUC",
        "citation_id": "41k4_N8AAAAJ:Tyk-4Ss8FVUC",
        "authors": "SA Hosseini, F Fund, SS Panwar",
        "publication": "Proceedings of the 7th ACM International Workshop on Mobile Video, 17-22, 2015",
        "year": "2015"
    },
    {
        "title": "Netcheck: Network diagnoses from blackbox traces",
        "link": "https://scholar.google.com/citations?view_op=view_citation&hl=en&user=41k4_N8AAAAJ&citation_for_view=41k4_N8AAAAJ:2osOgNQ5qMEC",
        "citation_id": "41k4_N8AAAAJ:2osOgNQ5qMEC",
        "authors": "Y Zhuang, E Gessiou, S Portzer, F Fund, M Muhammad, I Beschastnikh, ...",
        "publication": "11th {USENIX} Symposium on Networked Systems Design and Implementation \u2026, 2014",
        "year": "2014"
    },
    {
        "title": "More Bars, More Bang for the Buck: Channel-Dependent Pricing for Video Delivery to Mobile Users",
        "link": "https://scholar.google.com/citations?view_op=view_citation&hl=en&user=41k4_N8AAAAJ&citation_for_view=41k4_N8AAAAJ:qjMakFHDy7sC",
        "citation_id": "41k4_N8AAAAJ:qjMakFHDy7sC",
        "authors": "F Fund, SA Hosseini, SS Panwar",
        "publication": "2014 IEEE INFOCOM Workshop on Smart Data Pricing, 2014",
        "year": "2014"
    },
    {
        "title": "CRAWDAD data set nyupoly/video",
        "link": "https://scholar.google.com/citations?view_op=view_citation&hl=en&user=41k4_N8AAAAJ&cstart=20&citation_for_view=41k4_N8AAAAJ:zYLM7Y9cAGgC",
        "citation_id": "41k4_N8AAAAJ:zYLM7Y9cAGgC",
        "authors": "F Fund, C Wang, Y Liu, T Korakis, M Zink, S Panwar",
        "publication": "http://crawdad.cs.dartmouth.edu/nyupoly/video/, 2014",
        "year": "2014"
    },
    {
        "title": "Performance of DASH and WebRTC video services for mobile users",
        "link": "https://scholar.google.com/citations?view_op=view_citation&hl=en&user=41k4_N8AAAAJ&citation_for_view=41k4_N8AAAAJ:9yKSN-GCB0IC",
        "citation_id": "41k4_N8AAAAJ:9yKSN-GCB0IC",
        "authors": "F Fund, C Wang, Y Liu, T Korakis, M Zink, SS Panwar",
        "publication": "2013 20th International Packet Video Workshop, 1-8, 2013",
        "year": "2013"
    },
    {
        "title": "GENI WiMAX Performance: Evaluation and Comparison of Two Campus Testbeds",
        "link": "https://scholar.google.com/citations?view_op=view_citation&hl=en&user=41k4_N8AAAAJ&citation_for_view=41k4_N8AAAAJ:u5HHmVD_uO8C",
        "citation_id": "41k4_N8AAAAJ:u5HHmVD_uO8C",
        "authors": "F Fund, C Wang, T Korakis, M Zink, S Panwar",
        "publication": "Second GENI Research and Educational Experiment Workshop (GREE 2013), 73-80, 2013",
        "year": "2013"
    },
    {
        "title": "Implementation of a protocol for cooperative packet recovery over hybrid networks",
        "link": "https://scholar.google.com/citations?view_op=view_citation&hl=en&user=41k4_N8AAAAJ&cstart=20&citation_for_view=41k4_N8AAAAJ:u-x6o8ySG0sC",
        "citation_id": "41k4_N8AAAAJ:u-x6o8ySG0sC",
        "authors": "F Fund, T Korakis, SS Panwar",
        "publication": "Proceedings of the 8th ACM international workshop on Wireless network \u2026, 2013",
        "year": "2013"
    }
]