[
    {
        "title": "Learning to fly in seconds",
        "link": "https://scholar.google.com/citations?view_op=view_citation&hl=en&user=W8f0d6oAAAAJ&cstart=60&citation_for_view=W8f0d6oAAAAJ:sSrBHYA8nusC",
        "citation_id": "W8f0d6oAAAAJ:sSrBHYA8nusC",
        "authors": "J Eschmann, D Albani, G Loianno",
        "publication": "IEEE Robotics and Automation Letters, 2024",
        "year": "2024"
    },
    {
        "title": "From propeller damage estimation and adaptation to fault tolerant control: Enhancing quadrotor resilience",
        "link": "https://scholar.google.com/citations?view_op=view_citation&hl=en&user=W8f0d6oAAAAJ&cstart=80&citation_for_view=W8f0d6oAAAAJ:4fKUyHm3Qg0C",
        "citation_id": "W8f0d6oAAAAJ:4fKUyHm3Qg0C",
        "authors": "J Mao, J Yeom, S Nair, G Loianno",
        "publication": "IEEE Robotics and Automation Letters, 2024",
        "year": "2024"
    },
    {
        "title": "Directed graph topology preservation in multi-robot systems with limited field of view using control barrier functions",
        "link": "https://scholar.google.com/citations?view_op=view_citation&hl=en&user=W8f0d6oAAAAJ&cstart=100&citation_for_view=W8f0d6oAAAAJ:LPZeul_q3PIC",
        "citation_id": "W8f0d6oAAAAJ:LPZeul_q3PIC",
        "authors": "F Bertoncelli, V Radhakrishnan, M Catellani, G Loianno, L Sabattini",
        "publication": "IEEE Access, 2024",
        "year": "2024"
    },
    {
        "title": "Experimental System Design of an Active Fault-Tolerant Quadrotor",
        "link": "https://scholar.google.com/citations?view_op=view_citation&hl=en&user=W8f0d6oAAAAJ&cstart=100&citation_for_view=W8f0d6oAAAAJ:q3oQSFYPqjQC",
        "citation_id": "W8f0d6oAAAAJ:q3oQSFYPqjQC",
        "authors": "J Yeom, RB TMB, G Li, G Loianno",
        "publication": "2024 International Conference on Unmanned Aircraft Systems (ICUAS), 814-821, 2024",
        "year": "2024"
    },
    {
        "title": "Visual Environment Assessment for Safe Autonomous Quadrotor Landing",
        "link": "https://scholar.google.com/citations?view_op=view_citation&hl=en&user=W8f0d6oAAAAJ&cstart=100&citation_for_view=W8f0d6oAAAAJ:B3FOqHPlNUQC",
        "citation_id": "W8f0d6oAAAAJ:B3FOqHPlNUQC",
        "authors": "M Secchiero, N Bobbili, Y Zhou, G Loianno",
        "publication": "2024 International Conference on Unmanned Aircraft Systems (ICUAS), 807-813, 2024",
        "year": "2024"
    },
    {
        "title": "STHN: Deep Homography Estimation for UAV Thermal Geo-localization with Satellite Imagery",
        "link": "https://scholar.google.com/citations?view_op=view_citation&hl=en&user=W8f0d6oAAAAJ&cstart=100&citation_for_view=W8f0d6oAAAAJ:V3AGJWp-ZtQC",
        "citation_id": "W8f0d6oAAAAJ:V3AGJWp-ZtQC",
        "authors": "J Xiao, N Zhang, D Tortei, G Loianno",
        "publication": "arXiv preprint arXiv:2405.20470, 2024",
        "year": "2024"
    },
    {
        "title": "CoPeD-Advancing Multi-Robot Collaborative Perception: A Comprehensive Dataset in Real-World Environments",
        "link": "https://scholar.google.com/citations?view_op=view_citation&hl=en&user=W8f0d6oAAAAJ&cstart=100&citation_for_view=W8f0d6oAAAAJ:kRWSkSYxWN8C",
        "citation_id": "W8f0d6oAAAAJ:kRWSkSYxWN8C",
        "authors": "Y Zhou, L Quang, C Nieto-Granda, G Loianno",
        "publication": "IEEE Robotics and Automation Letters, 2024",
        "year": "2024"
    },
    {
        "title": "Data-Driven System Identification of Quadrotors Subject to Motor Delays",
        "link": "https://scholar.google.com/citations?view_op=view_citation&hl=en&user=W8f0d6oAAAAJ&cstart=100&citation_for_view=W8f0d6oAAAAJ:mvPsJ3kp5DgC",
        "citation_id": "W8f0d6oAAAAJ:mvPsJ3kp5DgC",
        "authors": "J Eschmann, D Albani, G Loianno",
        "publication": "arXiv preprint arXiv:2404.07837, 2024",
        "year": "2024"
    },
    {
        "title": "System and method for autonomous charging",
        "link": "https://scholar.google.com/citations?view_op=view_citation&hl=en&user=W8f0d6oAAAAJ&cstart=100&citation_for_view=W8f0d6oAAAAJ:BrmTIyaxlBUC",
        "citation_id": "W8f0d6oAAAAJ:BrmTIyaxlBUC",
        "authors": "G Loianno, A Saviolo, J Mao, RBTM Balakrishnan, V Radhakrishnan",
        "publication": "US Patent App. 18/467,202, 2024",
        "year": "2024"
    },
    {
        "title": "Robust Upper Limb Kinematic Reconstruction Using a RGB-D Camera",
        "link": "https://scholar.google.com/citations?view_op=view_citation&hl=en&user=W8f0d6oAAAAJ&cstart=100&citation_for_view=W8f0d6oAAAAJ:eflP2zaiRacC",
        "citation_id": "W8f0d6oAAAAJ:eflP2zaiRacC",
        "authors": "SML Gioi, G Loianno, F Cordella",
        "publication": "IEEE Robotics and Automation Letters, 2024",
        "year": "2024"
    },
    {
        "title": "Graph Neural Network for Decentralized Multi-Robot Goal Assignment",
        "link": "https://scholar.google.com/citations?view_op=view_citation&hl=en&user=W8f0d6oAAAAJ&cstart=100&citation_for_view=W8f0d6oAAAAJ:D_sINldO8mEC",
        "citation_id": "W8f0d6oAAAAJ:D_sINldO8mEC",
        "authors": "M Goarin, G Loianno",
        "publication": "IEEE Robotics and Automation Letters, 2024",
        "year": "2024"
    },
    {
        "title": "Rising stars in field robotics: 2022",
        "link": "https://scholar.google.com/citations?view_op=view_citation&hl=en&user=W8f0d6oAAAAJ&cstart=100&citation_for_view=W8f0d6oAAAAJ:VOx2b1Wkg3QC",
        "citation_id": "W8f0d6oAAAAJ:VOx2b1Wkg3QC",
        "authors": "D Kanoulas, S Khattak, G Loianno",
        "publication": "Frontiers in Robotics and AI 11, 1379661, 2024",
        "year": "2024"
    },
    {
        "title": "Spatial Assisted Human-Drone Collaborative Navigation and Interaction through Immersive Mixed Reality",
        "link": "https://scholar.google.com/citations?view_op=view_citation&hl=en&user=W8f0d6oAAAAJ&cstart=100&citation_for_view=W8f0d6oAAAAJ:eJXPG6dFmWUC",
        "citation_id": "W8f0d6oAAAAJ:eJXPG6dFmWUC",
        "authors": "L Morando, G Loianno",
        "publication": "arXiv preprint arXiv:2402.04070, 2024",
        "year": "2024"
    },
    {
        "title": "ON UNMANNED AIRCRAFT SYSTEMS",
        "link": "https://scholar.google.com/citations?view_op=view_citation&hl=en&user=W8f0d6oAAAAJ&cstart=100&citation_for_view=W8f0d6oAAAAJ:5Ul4iDaHHb8C",
        "citation_id": "W8f0d6oAAAAJ:5Ul4iDaHHb8C",
        "authors": "N Tsourveloudis, D Theilliol, HJ Kim, G Loianno, KH Johansson, ...",
        "publication": "IEEE CONTROL SYSTEMS, 2024",
        "year": "2024"
    },
    {
        "title": "Learning quadrotor dynamics for precise, safe, and agile flight control",
        "link": "https://scholar.google.com/citations?view_op=view_citation&hl=en&user=W8f0d6oAAAAJ&cstart=40&citation_for_view=W8f0d6oAAAAJ:738O_yMBCRsC",
        "citation_id": "W8f0d6oAAAAJ:738O_yMBCRsC",
        "authors": "A Saviolo, G Loianno",
        "publication": "Annual Reviews in Control 55, 45-60, 2023",
        "year": "2023"
    },
    {
        "title": "Active learning of discrete-time dynamics for uncertainty-aware model predictive control",
        "link": "https://scholar.google.com/citations?view_op=view_citation&hl=en&user=W8f0d6oAAAAJ&cstart=60&citation_for_view=W8f0d6oAAAAJ:p2g8aNsByqUC",
        "citation_id": "W8f0d6oAAAAJ:p2g8aNsByqUC",
        "authors": "A Saviolo, J Frey, A Rathod, M Diehl, G Loianno",
        "publication": "IEEE Transactions on Robotics, 2023",
        "year": "2023"
    },
    {
        "title": "Robust active visual perching with quadrotors on inclined surfaces",
        "link": "https://scholar.google.com/citations?view_op=view_citation&hl=en&user=W8f0d6oAAAAJ&cstart=60&citation_for_view=W8f0d6oAAAAJ:1sJd4Hv_s6UC",
        "citation_id": "W8f0d6oAAAAJ:1sJd4Hv_s6UC",
        "authors": "J Mao, S Nogar, CM Kroninger, G Loianno",
        "publication": "IEEE Transactions on Robotics 39 (3), 1836-1852, 2023",
        "year": "2023"
    },
    {
        "title": "RotorTM: A flexible simulator for aerial transportation and manipulation",
        "link": "https://scholar.google.com/citations?view_op=view_citation&hl=en&user=W8f0d6oAAAAJ&cstart=60&citation_for_view=W8f0d6oAAAAJ:P5F9QuxV20EC",
        "citation_id": "W8f0d6oAAAAJ:P5F9QuxV20EC",
        "authors": "G Li, X Liu, G Loianno",
        "publication": "IEEE Transactions on Robotics, 2023",
        "year": "2023"
    },
    {
        "title": "Nonlinear model predictive control for cooperative transportation and manipulation of cable suspended payloads with multiple quadrotors",
        "link": "https://scholar.google.com/citations?view_op=view_citation&hl=en&user=W8f0d6oAAAAJ&cstart=60&citation_for_view=W8f0d6oAAAAJ:XiSMed-E-HIC",
        "citation_id": "W8f0d6oAAAAJ:XiSMed-E-HIC",
        "authors": "G Li, G Loianno",
        "publication": "2023 IEEE/RSJ International Conference on Intelligent Robots and Systems \u2026, 2023",
        "year": "2023"
    },
    {
        "title": "Geometric fault-tolerant control of quadrotors in case of rotor failures: An attitude based comparative study",
        "link": "https://scholar.google.com/citations?view_op=view_citation&hl=en&user=W8f0d6oAAAAJ&cstart=80&citation_for_view=W8f0d6oAAAAJ:08ZZubdj9fEC",
        "citation_id": "W8f0d6oAAAAJ:08ZZubdj9fEC",
        "authors": "J Yeom, G Li, G Loianno",
        "publication": "2023 IEEE/RSJ International Conference on Intelligent Robots and Systems \u2026, 2023",
        "year": "2023"
    },
    {
        "title": "Autocharge: Autonomous charging for perpetual quadrotor missions",
        "link": "https://scholar.google.com/citations?view_op=view_citation&hl=en&user=W8f0d6oAAAAJ&cstart=80&citation_for_view=W8f0d6oAAAAJ:tOudhMTPpwUC",
        "citation_id": "W8f0d6oAAAAJ:tOudhMTPpwUC",
        "authors": "A Saviolo, J Mao, RB TMB, V Radhakrishnan, G Loianno",
        "publication": "2023 IEEE International Conference on Robotics and Automation (ICRA), 5400-5406, 2023",
        "year": "2023"
    },
    {
        "title": "GaPT: Gaussian Process Toolkit for Online Regression with Application to Learning Quadrotor Dynamics",
        "link": "https://scholar.google.com/citations?view_op=view_citation&hl=en&user=W8f0d6oAAAAJ&cstart=80&citation_for_view=W8f0d6oAAAAJ:Tiz5es2fbqcC",
        "citation_id": "W8f0d6oAAAAJ:Tiz5es2fbqcC",
        "authors": "F Crocetti, J Mao, A Saviolo, G Costante, G Loianno",
        "publication": "2023 IEEE International Conference on Robotics and Automation (ICRA), 11308 \u2026, 2023",
        "year": "2023"
    },
    {
        "title": "Unifying foundation models with quadrotor control for visual tracking beyond object categories",
        "link": "https://scholar.google.com/citations?view_op=view_citation&hl=en&user=W8f0d6oAAAAJ&cstart=80&citation_for_view=W8f0d6oAAAAJ:tS2w5q8j5-wC",
        "citation_id": "W8f0d6oAAAAJ:tS2w5q8j5-wC",
        "authors": "A Saviolo, P Rao, V Radhakrishnan, J Xiao, G Loianno",
        "publication": "arXiv preprint arXiv:2310.04781, 2023",
        "year": "2023"
    },
    {
        "title": "Long-range uav thermal geo-localization with satellite imagery",
        "link": "https://scholar.google.com/citations?view_op=view_citation&hl=en&user=W8f0d6oAAAAJ&cstart=80&citation_for_view=W8f0d6oAAAAJ:K3LRdlH-MEoC",
        "citation_id": "W8f0d6oAAAAJ:K3LRdlH-MEoC",
        "authors": "J Xiao, D Tortei, E Roura, G Loianno",
        "publication": "2023 IEEE/RSJ International Conference on Intelligent Robots and Systems \u2026, 2023",
        "year": "2023"
    },
    {
        "title": "RLtools: A fast, portable deep reinforcement learning library for continuous control",
        "link": "https://scholar.google.com/citations?view_op=view_citation&hl=en&user=W8f0d6oAAAAJ&cstart=80&citation_for_view=W8f0d6oAAAAJ:1qzjygNMrQYC",
        "citation_id": "W8f0d6oAAAAJ:1qzjygNMrQYC",
        "authors": "J Eschmann, D Albani, G Loianno",
        "publication": "arXiv preprint arXiv:2306.03530, 2023",
        "year": "2023"
    },
    {
        "title": "Visual geo-localization with self-supervised representation learning",
        "link": "https://scholar.google.com/citations?view_op=view_citation&hl=en&user=W8f0d6oAAAAJ&cstart=80&citation_for_view=W8f0d6oAAAAJ:vRqMK49ujn8C",
        "citation_id": "W8f0d6oAAAAJ:vRqMK49ujn8C",
        "authors": "J Xiao, G Zhu, G Loianno",
        "publication": "arXiv preprint arXiv:2308.00090, 2023",
        "year": "2023"
    },
    {
        "title": "Exploring deep reinforcement learning for robust target tracking using micro aerial vehicles",
        "link": "https://scholar.google.com/citations?view_op=view_citation&hl=en&user=W8f0d6oAAAAJ&cstart=100&citation_for_view=W8f0d6oAAAAJ:8AbLer7MMksC",
        "citation_id": "W8f0d6oAAAAJ:8AbLer7MMksC",
        "authors": "A Dionigi, M Leomanni, A Saviolo, G Loianno, G Costante",
        "publication": "2023 21st International Conference on Advanced Robotics (ICAR), 506-513, 2023",
        "year": "2023"
    },
    {
        "title": "Learning Heuristics for Efficient Environment Exploration Using Graph Neural Networks",
        "link": "https://scholar.google.com/citations?view_op=view_citation&hl=en&user=W8f0d6oAAAAJ&cstart=100&citation_for_view=W8f0d6oAAAAJ:fQNAKQ3IYiAC",
        "citation_id": "W8f0d6oAAAAJ:fQNAKQ3IYiAC",
        "authors": "EP Herrera-Alarc\u00f3n, G Baris, M Satler, CA Avizzano, G Loianno",
        "publication": "2023 21st International Conference on Advanced Robotics (ICAR), 86-93, 2023",
        "year": "2023"
    },
    {
        "title": "PENet: A Joint Panoptic Edge Detection Network",
        "link": "https://scholar.google.com/citations?view_op=view_citation&hl=en&user=W8f0d6oAAAAJ&cstart=100&citation_for_view=W8f0d6oAAAAJ:WbkHhVStYXYC",
        "citation_id": "W8f0d6oAAAAJ:WbkHhVStYXYC",
        "authors": "Y Zhou, G Loianno",
        "publication": "arXiv preprint arXiv:2303.08848, 2023",
        "year": "2023"
    },
    {
        "title": "Multi-robot collaborative perception with graph neural networks",
        "link": "https://scholar.google.com/citations?view_op=view_citation&hl=en&user=W8f0d6oAAAAJ&cstart=20&citation_for_view=W8f0d6oAAAAJ:b0M2c_1WBrUC",
        "citation_id": "W8f0d6oAAAAJ:b0M2c_1WBrUC",
        "authors": "Y Zhou, J Xiao, Y Zhou, G Loianno",
        "publication": "IEEE Robotics and Automation Letters 7 (2), 2289-2296, 2022",
        "year": "2022"
    },
    {
        "title": "Generative neural network channel modeling for millimeter-wave UAV communication",
        "link": "https://scholar.google.com/citations?view_op=view_citation&hl=en&user=W8f0d6oAAAAJ&cstart=20&citation_for_view=W8f0d6oAAAAJ:SeFeTyx0c_EC",
        "citation_id": "W8f0d6oAAAAJ:SeFeTyx0c_EC",
        "authors": "W Xia, S Rangan, M Mezzavilla, A Lozano, G Geraci, V Semkin, ...",
        "publication": "IEEE Transactions on Wireless Communications 21 (11), 9417-9431, 2022",
        "year": "2022"
    },
    {
        "title": "Physics-inspired temporal learning of quadrotor dynamics for accurate model predictive trajectory tracking",
        "link": "https://scholar.google.com/citations?view_op=view_citation&hl=en&user=W8f0d6oAAAAJ&cstart=20&citation_for_view=W8f0d6oAAAAJ:nb7KW1ujOQ8C",
        "citation_id": "W8f0d6oAAAAJ:nb7KW1ujOQ8C",
        "authors": "A Saviolo, G Li, G Loianno",
        "publication": "IEEE Robotics and Automation Letters 7 (4), 10256-10263, 2022",
        "year": "2022"
    },
    {
        "title": "Autonomous single-image drone exploration with deep reinforcement learning and mixed reality",
        "link": "https://scholar.google.com/citations?view_op=view_citation&hl=en&user=W8f0d6oAAAAJ&cstart=40&citation_for_view=W8f0d6oAAAAJ:CHSYGLWDkRkC",
        "citation_id": "W8f0d6oAAAAJ:CHSYGLWDkRkC",
        "authors": "A Devo, J Mao, G Costante, G Loianno",
        "publication": "IEEE Robotics and Automation Letters 7 (2), 5031-5038, 2022",
        "year": "2022"
    },
    {
        "title": "Safety-aware human-robot collaborative transportation and manipulation with multiple MAVs",
        "link": "https://scholar.google.com/citations?view_op=view_citation&hl=en&user=W8f0d6oAAAAJ&cstart=60&citation_for_view=W8f0d6oAAAAJ:OU6Ihb5iCvQC",
        "citation_id": "W8f0d6oAAAAJ:OU6Ihb5iCvQC",
        "authors": "G Li, X Liu, G Loianno",
        "publication": "arXiv preprint arXiv:2210.05894, 2022",
        "year": "2022"
    },
    {
        "title": "Tombo Propeller: Bioinspired Deformable Structure Toward Collision-Accommodated Control for Drones",
        "link": "https://scholar.google.com/citations?view_op=view_citation&hl=en&user=W8f0d6oAAAAJ&cstart=60&citation_for_view=W8f0d6oAAAAJ:abG-DnoFyZgC",
        "citation_id": "W8f0d6oAAAAJ:abG-DnoFyZgC",
        "authors": "ST Bui, QK Luu, DQ Nguyen, NDM Le, G Loianno",
        "publication": "IEEE Transactions on Robotics 39 (1), 521-538, 2022",
        "year": "2022"
    },
    {
        "title": "Vision-based relative detection and tracking for teams of micro aerial vehicles",
        "link": "https://scholar.google.com/citations?view_op=view_citation&hl=en&user=W8f0d6oAAAAJ&cstart=60&citation_for_view=W8f0d6oAAAAJ:UxriW0iASnsC",
        "citation_id": "W8f0d6oAAAAJ:UxriW0iASnsC",
        "authors": "R Ge, M Lee, V Radhakrishnan, Y Zhou, G Li, G Loianno",
        "publication": "2022 IEEE/RSJ International Conference on Intelligent Robots and Systems \u2026, 2022",
        "year": "2022"
    },
    {
        "title": "Learning model predictive control for quadrotors",
        "link": "https://scholar.google.com/citations?view_op=view_citation&hl=en&user=W8f0d6oAAAAJ&cstart=60&citation_for_view=W8f0d6oAAAAJ:xtRiw3GOFMkC",
        "citation_id": "W8f0d6oAAAAJ:xtRiw3GOFMkC",
        "authors": "G Li, A Tunchez, G Loianno",
        "publication": "2022 International Conference on Robotics and Automation (ICRA), 5872-5878, 2022",
        "year": "2022"
    },
    {
        "title": "Vision-based perimeter defense via multiview pose estimation",
        "link": "https://scholar.google.com/citations?view_op=view_citation&hl=en&user=W8f0d6oAAAAJ&cstart=80&citation_for_view=W8f0d6oAAAAJ:uWQEDVKXjbEC",
        "citation_id": "W8f0d6oAAAAJ:uWQEDVKXjbEC",
        "authors": "ES Lee, G Loianno, D Jayaraman, V Kumar",
        "publication": "arXiv preprint arXiv:2209.12136, 2022",
        "year": "2022"
    },
    {
        "title": "Coexistence of UAVs and terrestrial users in millimeter-wave urban networks",
        "link": "https://scholar.google.com/citations?view_op=view_citation&hl=en&user=W8f0d6oAAAAJ&cstart=80&citation_for_view=W8f0d6oAAAAJ:SP6oXDckpogC",
        "citation_id": "W8f0d6oAAAAJ:SP6oXDckpogC",
        "authors": "S Kang, M Mezzavilla, A Lozano, G Geraci, S Rangan, V Semkin, W Xia, ...",
        "publication": "2022 IEEE Globecom Workshops (GC Wkshps), 1158-1163, 2022",
        "year": "2022"
    },
    {
        "title": "Mobile manipulator for autonomous localization, grasping and precise placement of construction material in a semi-structured environment",
        "link": "https://scholar.google.com/citations?view_op=view_citation&hl=en&user=W8f0d6oAAAAJ&cstart=20&citation_for_view=W8f0d6oAAAAJ:HoB7MX3m0LUC",
        "citation_id": "W8f0d6oAAAAJ:HoB7MX3m0LUC",
        "authors": "P \u0160tibinger, G Broughton, F Majer, Z Rozsyp\u00e1lek, A Wang, K Jindal, ...",
        "publication": "IEEE Robotics and Automation Letters 6 (2), 2595-2602, 2021",
        "year": "2021"
    },
    {
        "title": "Cooperative transportation of cable suspended payloads with mavs using monocular vision and inertial sensing",
        "link": "https://scholar.google.com/citations?view_op=view_citation&hl=en&user=W8f0d6oAAAAJ&cstart=20&citation_for_view=W8f0d6oAAAAJ:4OULZ7Gr8RgC",
        "citation_id": "W8f0d6oAAAAJ:4OULZ7Gr8RgC",
        "authors": "G Li, R Ge, G Loianno",
        "publication": "IEEE Robotics and Automation Letters 6 (3), 5316-5323, 2021",
        "year": "2021"
    },
    {
        "title": "Tracking and relative localization of drone swarms with a vision-based headset",
        "link": "https://scholar.google.com/citations?view_op=view_citation&hl=en&user=W8f0d6oAAAAJ&cstart=20&citation_for_view=W8f0d6oAAAAJ:fPk4N6BV_jEC",
        "citation_id": "W8f0d6oAAAAJ:fPk4N6BV_jEC",
        "authors": "M Pavliv, F Schiano, C Reardon, D Floreano, G Loianno",
        "publication": "IEEE Robotics and Automation Letters 6 (2), 1455-1462, 2021",
        "year": "2021"
    },
    {
        "title": "Lightweight UAV-based measurement system for air-to-ground channels at 28 GHz",
        "link": "https://scholar.google.com/citations?view_op=view_citation&hl=en&user=W8f0d6oAAAAJ&cstart=40&citation_for_view=W8f0d6oAAAAJ:dfsIfKJdRG4C",
        "citation_id": "W8f0d6oAAAAJ:dfsIfKJdRG4C",
        "authors": "V Semkin, S Kang, J Haarla, W Xia, I Huhtinen, G Geraci, A Lozano, ...",
        "publication": "2021 IEEE 32nd Annual International Symposium on Personal, Indoor and Mobile \u2026, 2021",
        "year": "2021"
    },
    {
        "title": "PCMPC: Perception-constrained model predictive control for quadrotors with suspended loads using a single camera and IMU",
        "link": "https://scholar.google.com/citations?view_op=view_citation&hl=en&user=W8f0d6oAAAAJ&cstart=40&citation_for_view=W8f0d6oAAAAJ:a0OBvERweLwC",
        "citation_id": "W8f0d6oAAAAJ:a0OBvERweLwC",
        "authors": "G Li, A Tunchez, G Loianno",
        "publication": "2021 IEEE International Conference on Robotics and Automation (ICRA), 2012-2018, 2021",
        "year": "2021"
    },
    {
        "title": "Aggressive visual perching with quadrotors on inclined surfaces",
        "link": "https://scholar.google.com/citations?view_op=view_citation&hl=en&user=W8f0d6oAAAAJ&cstart=40&citation_for_view=W8f0d6oAAAAJ:pyW8ca7W8N0C",
        "citation_id": "W8f0d6oAAAAJ:pyW8ca7W8N0C",
        "authors": "J Mao, G Li, S Nogar, C Kroninger, G Loianno",
        "publication": "2021 IEEE/RSJ International Conference on Intelligent Robots and Systems \u2026, 2021",
        "year": "2021"
    },
    {
        "title": "Millimeter-wave UAV coverage in urban environments",
        "link": "https://scholar.google.com/citations?view_op=view_citation&hl=en&user=W8f0d6oAAAAJ&cstart=60&citation_for_view=W8f0d6oAAAAJ:cFHS6HbyZ2cC",
        "citation_id": "W8f0d6oAAAAJ:cFHS6HbyZ2cC",
        "authors": "S Kang, M Mezzavilla, A Lozano, G Geraci, W Xia, S Rangan, V Semkin, ...",
        "publication": "2021 IEEE Global Communications Conference (GLOBECOM), 1-6, 2021",
        "year": "2021"
    },
    {
        "title": "Vipose: Real-time visual-inertial 6d object pose tracking",
        "link": "https://scholar.google.com/citations?view_op=view_citation&hl=en&user=W8f0d6oAAAAJ&cstart=60&citation_for_view=W8f0d6oAAAAJ:D03iK_w7-QYC",
        "citation_id": "W8f0d6oAAAAJ:D03iK_w7-QYC",
        "authors": "R Ge, G Loianno",
        "publication": "2021 IEEE/RSJ International Conference on Intelligent Robots and Systems \u2026, 2021",
        "year": "2021"
    },
    {
        "title": "Defending a perimeter from a ground intruder using an aerial defender: Theory and practice",
        "link": "https://scholar.google.com/citations?view_op=view_citation&hl=en&user=W8f0d6oAAAAJ&cstart=60&citation_for_view=W8f0d6oAAAAJ:_xSYboBqXhAC",
        "citation_id": "W8f0d6oAAAAJ:_xSYboBqXhAC",
        "authors": "ES Lee, D Shishika, G Loianno, V Kumar",
        "publication": "2021 IEEE international symposium on safety, security, and rescue robotics \u2026, 2021",
        "year": "2021"
    },
    {
        "title": "Semi-dense visual-inertial odometry and mapping for computationally constrained platforms",
        "link": "https://scholar.google.com/citations?view_op=view_citation&hl=en&user=W8f0d6oAAAAJ&cstart=60&citation_for_view=W8f0d6oAAAAJ:bFI3QPDXJZMC",
        "citation_id": "W8f0d6oAAAAJ:bFI3QPDXJZMC",
        "authors": "W Liu, K Mohta, G Loianno, K Daniilidis, V Kumar",
        "publication": "Autonomous Robots 45 (6), 773-787, 2021",
        "year": "2021"
    },
    {
        "title": "Design and deployment of an autonomous unmanned ground vehicle for urban firefighting scenarios",
        "link": "https://scholar.google.com/citations?view_op=view_citation&hl=en&user=W8f0d6oAAAAJ&cstart=60&citation_for_view=W8f0d6oAAAAJ:yD5IFk8b50cC",
        "citation_id": "W8f0d6oAAAAJ:yD5IFk8b50cC",
        "authors": "K Jindal, A Wang, D Thakur, A Zhou, V Spurny, V Walter, G Broughton, ...",
        "publication": "arXiv preprint arXiv:2107.03582, 2021",
        "year": "2021"
    },
    {
        "title": "Comparative analysis of agent-oriented task assignment and path planning algorithms applied to drone swarms",
        "link": "https://scholar.google.com/citations?view_op=view_citation&hl=en&user=W8f0d6oAAAAJ&cstart=80&citation_for_view=W8f0d6oAAAAJ:zA6iFVUQeVQC",
        "citation_id": "W8f0d6oAAAAJ:zA6iFVUQeVQC",
        "authors": "RG Ganesan, S Kappagoda, G Loianno, DKA Mordecai",
        "publication": "arXiv preprint arXiv:2101.05161, 2021",
        "year": "2021"
    },
    {
        "title": "Design and experimental evaluation of distributed cooperative transportation of cable suspended payloads with micro aerial vehicles",
        "link": "https://scholar.google.com/citations?view_op=view_citation&hl=en&user=W8f0d6oAAAAJ&cstart=80&citation_for_view=W8f0d6oAAAAJ:f2IySw72cVMC",
        "citation_id": "W8f0d6oAAAAJ:f2IySw72cVMC",
        "authors": "G Li, G Loianno",
        "publication": "Experimental Robotics: The 17th International Symposium, 28-36, 2021",
        "year": "2021"
    },
    {
        "title": "Selective and Hierarchical Allocation of Sensing Resources for Anomalous Target Identification in Exploratory Missions",
        "link": "https://scholar.google.com/citations?view_op=view_citation&hl=en&user=W8f0d6oAAAAJ&cstart=100&citation_for_view=W8f0d6oAAAAJ:EUQCXRtRnyEC",
        "citation_id": "W8f0d6oAAAAJ:EUQCXRtRnyEC",
        "authors": "BA Blakeslee, G Loianno",
        "publication": "2021 IEEE International Symposium on Safety, Security, and Rescue Robotics \u2026, 2021",
        "year": "2021"
    },
    {
        "title": "Imu-based inertia estimation for a quadrotor using newton-euler dynamics",
        "link": "https://scholar.google.com/citations?view_op=view_citation&hl=en&user=W8f0d6oAAAAJ&cstart=20&citation_for_view=W8f0d6oAAAAJ:vV6vV6tmYwMC",
        "citation_id": "W8f0d6oAAAAJ:vV6vV6tmYwMC",
        "authors": "J Svacha, J Paulos, G Loianno, V Kumar",
        "publication": "IEEE Robotics and Automation Letters 5 (3), 3861-3867, 2020",
        "year": "2020"
    },
    {
        "title": "Millimeter wave channel modeling via generative neural networks",
        "link": "https://scholar.google.com/citations?view_op=view_citation&hl=en&user=W8f0d6oAAAAJ&cstart=40&citation_for_view=W8f0d6oAAAAJ:g5m5HwL7SMYC",
        "citation_id": "W8f0d6oAAAAJ:g5m5HwL7SMYC",
        "authors": "W Xia, S Rangan, M Mezzavilla, A Lozano, G Geraci, V Semkin, ...",
        "publication": "2020 IEEE Globecom Workshops (GC Wkshps, 1-6, 2020",
        "year": "2020"
    },
    {
        "title": "Nuclear environments inspection with micro aerial vehicles: Algorithms and experiments",
        "link": "https://scholar.google.com/citations?view_op=view_citation&hl=en&user=W8f0d6oAAAAJ&cstart=40&citation_for_view=W8f0d6oAAAAJ:JV2RwH3_ST0C",
        "citation_id": "W8f0d6oAAAAJ:JV2RwH3_ST0C",
        "authors": "D Thakur, G Loianno, W Liu, V Kumar",
        "publication": "Proceedings of the 2018 International Symposium on Experimental Robotics \u2026, 2020",
        "year": "2020"
    },
    {
        "title": "Multi-array designs for mmWave and sub-THz communication to UAVs",
        "link": "https://scholar.google.com/citations?view_op=view_citation&hl=en&user=W8f0d6oAAAAJ&cstart=40&citation_for_view=W8f0d6oAAAAJ:ldfaerwXgEUC",
        "citation_id": "W8f0d6oAAAAJ:ldfaerwXgEUC",
        "authors": "W Xia, V Semkin, M Mezzavilla, G Loianno, S Rangan",
        "publication": "2020 IEEE 21st International Workshop on Signal Processing Advances in \u2026, 2020",
        "year": "2020"
    },
    {
        "title": "Special issue on future challenges and opportunities in vision\u2010based drone navigation.",
        "link": "https://scholar.google.com/citations?view_op=view_citation&hl=en&user=W8f0d6oAAAAJ&cstart=40&citation_for_view=W8f0d6oAAAAJ:35N4QoGY0k4C",
        "citation_id": "W8f0d6oAAAAJ:35N4QoGY0k4C",
        "authors": "G Loianno, D Scaramuzza",
        "publication": "Journal of Field Robotics 37 (4), 2020",
        "year": "2020"
    },
    {
        "title": "Towards design of a deformable propeller for drone safety",
        "link": "https://scholar.google.com/citations?view_op=view_citation&hl=en&user=W8f0d6oAAAAJ&cstart=40&citation_for_view=W8f0d6oAAAAJ:70eg2SAEIzsC",
        "citation_id": "W8f0d6oAAAAJ:70eg2SAEIzsC",
        "authors": "DQ Nguyen, G Loianno",
        "publication": "2020 3rd IEEE International Conference on Soft Robotics (RoboSoft), 464-469, 2020",
        "year": "2020"
    },
    {
        "title": "Experimental evaluation and characterization of radioactive source effects on robot visual localization and mapping",
        "link": "https://scholar.google.com/citations?view_op=view_citation&hl=en&user=W8f0d6oAAAAJ&cstart=40&citation_for_view=W8f0d6oAAAAJ:lSLTfruPkqcC",
        "citation_id": "W8f0d6oAAAAJ:lSLTfruPkqcC",
        "authors": "ES Lee, G Loianno, D Thakur, V Kumar",
        "publication": "IEEE Robotics and Automation Letters 5 (2), 3259-3266, 2020",
        "year": "2020"
    },
    {
        "title": "Observability-aware trajectories for geometric and inertial self-calibration",
        "link": "https://scholar.google.com/citations?view_op=view_citation&hl=en&user=W8f0d6oAAAAJ&cstart=60&citation_for_view=W8f0d6oAAAAJ:pqnbT2bcN3wC",
        "citation_id": "W8f0d6oAAAAJ:pqnbT2bcN3wC",
        "authors": "C B\u00f6hm, G Li, G Loianno, S Weiss",
        "publication": "Power On and Go Robots, 2020",
        "year": "2020"
    },
    {
        "title": "Efficient trajectory library filtering for quadrotor flight in unknown environments",
        "link": "https://scholar.google.com/citations?view_op=view_citation&hl=en&user=W8f0d6oAAAAJ&cstart=80&citation_for_view=W8f0d6oAAAAJ:M05iB0D1s5AC",
        "citation_id": "W8f0d6oAAAAJ:M05iB0D1s5AC",
        "authors": "VK Viswanathan, E Dexheimer, G Li, G Loianno, M Kaess, S Scherer",
        "publication": "2020 IEEE/RSJ International Conference on Intelligent Robots and Systems \u2026, 2020",
        "year": "2020"
    },
    {
        "title": "FENet: Fast Real-time Semantic Edge Detection Network",
        "link": "https://scholar.google.com/citations?view_op=view_citation&hl=en&user=W8f0d6oAAAAJ&cstart=80&citation_for_view=W8f0d6oAAAAJ:rO6llkc54NcC",
        "citation_id": "W8f0d6oAAAAJ:rO6llkc54NcC",
        "authors": "Y Zhou, R Ge, G McGrath, G Loianno",
        "publication": "2020 IEEE International Symposium on Safety, Security, and Rescue Robotics \u2026, 2020",
        "year": "2020"
    },
    {
        "title": "Agile and Resilient Autonomous Flight",
        "link": "https://scholar.google.com/citations?view_op=view_citation&hl=en&user=W8f0d6oAAAAJ&cstart=120&citation_for_view=W8f0d6oAAAAJ:3s1wT3WcHBgC",
        "citation_id": "W8f0d6oAAAAJ:3s1wT3WcHBgC",
        "authors": "G Loianno",
        "publication": "2020 IEEE International Symposium on Safety, Security, and Rescue Robotics \u2026, 2020",
        "year": "2020"
    },
    {
        "title": "Unmanned Aerial Vehicles Swarms",
        "link": "https://scholar.google.com/citations?view_op=view_citation&hl=en&user=W8f0d6oAAAAJ&cstart=120&citation_for_view=W8f0d6oAAAAJ:geHnlv5EZngC",
        "citation_id": "W8f0d6oAAAAJ:geHnlv5EZngC",
        "authors": "G Loianno, A Weinstein, V Kumar",
        "publication": "Encyclopedia of Robotics, 1-11, 2020",
        "year": "2020"
    },
    {
        "title": "Autonomous landing on a moving vehicle with an unmanned aerial vehicle",
        "link": "https://scholar.google.com/citations?view_op=view_citation&hl=en&user=W8f0d6oAAAAJ&citation_for_view=W8f0d6oAAAAJ:bEWYMUwI8FkC",
        "citation_id": "W8f0d6oAAAAJ:bEWYMUwI8FkC",
        "authors": "T Baca, P Stepan, V Spurny, D Hert, R Penicka, M Saska, J Thomas, ...",
        "publication": "Journal of Field Robotics 36 (5), 874-891, 2019",
        "year": "2019"
    },
    {
        "title": "Cooperative autonomous search, grasping, and delivering in a treasure hunt scenario by a team of unmanned aerial vehicles",
        "link": "https://scholar.google.com/citations?view_op=view_citation&hl=en&user=W8f0d6oAAAAJ&citation_for_view=W8f0d6oAAAAJ:r0BpntZqJG4C",
        "citation_id": "W8f0d6oAAAAJ:r0BpntZqJG4C",
        "authors": "V Spurn\u00fd, T B\u00e1\u010da, M Saska, R P\u011bni\u010dka, T Krajn\u00edk, J Thomas, D Thakur, ...",
        "publication": "Journal of Field Robotics 36 (1), 125-148, 2019",
        "year": "2019"
    },
    {
        "title": "Human gaze-driven spatial tasking of an autonomous MAV",
        "link": "https://scholar.google.com/citations?view_op=view_citation&hl=en&user=W8f0d6oAAAAJ&cstart=20&citation_for_view=W8f0d6oAAAAJ:k_IJM867U9cC",
        "citation_id": "W8f0d6oAAAAJ:k_IJM867U9cC",
        "authors": "L Yuan, C Reardon, G Warnell, G Loianno",
        "publication": "IEEE Robotics and Automation Letters 4 (2), 1343-1350, 2019",
        "year": "2019"
    },
    {
        "title": "Mavnet: An effective semantic segmentation micro-network for mav-based tasks",
        "link": "https://scholar.google.com/citations?view_op=view_citation&hl=en&user=W8f0d6oAAAAJ&cstart=20&citation_for_view=W8f0d6oAAAAJ:blknAaTinKkC",
        "citation_id": "W8f0d6oAAAAJ:blknAaTinKkC",
        "authors": "T Nguyen, SS Shivakumar, ID Miller, J Keller, ES Lee, A Zhou, T \u00d6zaslan, ...",
        "publication": "IEEE Robotics and Automation Letters 4 (4), 3908-3915, 2019",
        "year": "2019"
    },
    {
        "title": "Online estimation of geometric and inertia parameters for multirotor aerial vehicles",
        "link": "https://scholar.google.com/citations?view_op=view_citation&hl=en&user=W8f0d6oAAAAJ&cstart=20&citation_for_view=W8f0d6oAAAAJ:ns9cj8rnVeAC",
        "citation_id": "W8f0d6oAAAAJ:ns9cj8rnVeAC",
        "authors": "V W\u00fcest, V Kumar, G Loianno",
        "publication": "2019 International Conference on Robotics and Automation (ICRA), 1884-1890, 2019",
        "year": "2019"
    },
    {
        "title": "Millimeter wave remote UAV control and communications for public safety scenarios",
        "link": "https://scholar.google.com/citations?view_op=view_citation&hl=en&user=W8f0d6oAAAAJ&cstart=20&citation_for_view=W8f0d6oAAAAJ:RGFaLdJalmkC",
        "citation_id": "W8f0d6oAAAAJ:RGFaLdJalmkC",
        "authors": "W Xia, M Polese, M Mezzavilla, G Loianno, S Rangan, M Zorzi",
        "publication": "2019 16th Annual IEEE International Conference on Sensing, Communication \u2026, 2019",
        "year": "2019"
    },
    {
        "title": "Inertial yaw-independent velocity and attitude estimation for high-speed quadrotor flight",
        "link": "https://scholar.google.com/citations?view_op=view_citation&hl=en&user=W8f0d6oAAAAJ&cstart=40&citation_for_view=W8f0d6oAAAAJ:isC4tDSrTZIC",
        "citation_id": "W8f0d6oAAAAJ:isC4tDSrTZIC",
        "authors": "J Svacha, G Loianno, V Kumar",
        "publication": "IEEE Robotics and Automation Letters 4 (2), 1109-1116, 2019",
        "year": "2019"
    },
    {
        "title": "Autonomous inspection of a containment vessel using a micro aerial vehicle",
        "link": "https://scholar.google.com/citations?view_op=view_citation&hl=en&user=W8f0d6oAAAAJ&cstart=80&citation_for_view=W8f0d6oAAAAJ:NaGl4SEjCO4C",
        "citation_id": "W8f0d6oAAAAJ:NaGl4SEjCO4C",
        "authors": "D Thakur, G Loianno, L Jarin-Lipschitz, A Zhou, V Kumar",
        "publication": "2019 IEEE International Symposium on Safety, Security, and Rescue Robotics \u2026, 2019",
        "year": "2019"
    },
    {
        "title": "Artificial neural network-assisted controller for fast and agile UAV flight: Onboard implementation and experimental results",
        "link": "https://scholar.google.com/citations?view_op=view_citation&hl=en&user=W8f0d6oAAAAJ&cstart=80&citation_for_view=W8f0d6oAAAAJ:RYcK_YlVTxYC",
        "citation_id": "W8f0d6oAAAAJ:RYcK_YlVTxYC",
        "authors": "S Patel, A Sarabakha, D Kircali, G Loianno, E Kayacan",
        "publication": "2019 Workshop on Research, Education and Development of Unmanned Aerial \u2026, 2019",
        "year": "2019"
    },
    {
        "title": "Fast, autonomous flight in GPS\u2010denied and cluttered environments",
        "link": "https://scholar.google.com/citations?view_op=view_citation&hl=en&user=W8f0d6oAAAAJ&citation_for_view=W8f0d6oAAAAJ:QIV2ME_5wuYC",
        "citation_id": "W8f0d6oAAAAJ:QIV2ME_5wuYC",
        "authors": "K Mohta, M Watterson, Y Mulgaonkar, S Liu, C Qu, A Makineni, K Saulnier, ...",
        "publication": "Journal of Field Robotics 35 (1), 101-120, 2018",
        "year": "2018"
    },
    {
        "title": "Model predictive trajectory tracking and collision avoidance for reliable outdoor deployment of unmanned aerial vehicles",
        "link": "https://scholar.google.com/citations?view_op=view_citation&hl=en&user=W8f0d6oAAAAJ&citation_for_view=W8f0d6oAAAAJ:_Qo2XoVZTnwC",
        "citation_id": "W8f0d6oAAAAJ:_Qo2XoVZTnwC",
        "authors": "T Baca, D Hert, G Loianno, M Saska, V Kumar",
        "publication": "2018 IEEE/RSJ International Conference on Intelligent Robots and Systems \u2026, 2018",
        "year": "2018"
    },
    {
        "title": "Localization, grasping, and transportation of magnetic objects by a team of mavs in challenging desert-like environments",
        "link": "https://scholar.google.com/citations?view_op=view_citation&hl=en&user=W8f0d6oAAAAJ&citation_for_view=W8f0d6oAAAAJ:IWHjjKOFINEC",
        "citation_id": "W8f0d6oAAAAJ:IWHjjKOFINEC",
        "authors": "G Loianno, V Spurny, J Thomas, T Baca, D Thakur, D Hert, R Penicka, ...",
        "publication": "IEEE Robotics and Automation Letters 3 (3), 1576-1583, 2018",
        "year": "2018"
    },
    {
        "title": "Visual inertial odometry swarm: An autonomous swarm of vision-based quadrotors",
        "link": "https://scholar.google.com/citations?view_op=view_citation&hl=en&user=W8f0d6oAAAAJ&citation_for_view=W8f0d6oAAAAJ:qUcmZB5y_30C",
        "citation_id": "W8f0d6oAAAAJ:qUcmZB5y_30C",
        "authors": "A Weinstein, A Cho, G Loianno, V Kumar",
        "publication": "IEEE Robotics and Automation Letters 3 (3), 1801-1807, 2018",
        "year": "2018"
    },
    {
        "title": "Autonomous navigation of micro aerial vehicles using high-rate and low-cost sensors",
        "link": "https://scholar.google.com/citations?view_op=view_citation&hl=en&user=W8f0d6oAAAAJ&cstart=20&citation_for_view=W8f0d6oAAAAJ:dhFuZR0502QC",
        "citation_id": "W8f0d6oAAAAJ:dhFuZR0502QC",
        "authors": "A Santamaria-Navarro, G Loianno, J Sola, V Kumar, J Andrade-Cetto",
        "publication": "Autonomous robots 42, 1263-1280, 2018",
        "year": "2018"
    },
    {
        "title": "Systems, devices, and methods for on-board sensing and control of micro aerial vehicles",
        "link": "https://scholar.google.com/citations?view_op=view_citation&hl=en&user=W8f0d6oAAAAJ&cstart=20&citation_for_view=W8f0d6oAAAAJ:aqlVkmm33-oC",
        "citation_id": "W8f0d6oAAAAJ:aqlVkmm33-oC",
        "authors": "G Loianno, YS Mulgaonkar, RV Kumar",
        "publication": "US Patent 10,037,028, 2018",
        "year": "2018"
    },
    {
        "title": "Special issue on high-speed vision-based autonomous navigation of uavs",
        "link": "https://scholar.google.com/citations?view_op=view_citation&hl=en&user=W8f0d6oAAAAJ&cstart=40&citation_for_view=W8f0d6oAAAAJ:7PzlFSSx8tAC",
        "citation_id": "W8f0d6oAAAAJ:7PzlFSSx8tAC",
        "authors": "G Loianno, D Scaramuzza, V Kumar",
        "publication": "Journal of Field Robotics 1 (1), 1-3, 2018",
        "year": "2018"
    },
    {
        "title": "Spatio-temporally smooth local mapping and state estimation inside generalized cylinders with micro aerial vehicles",
        "link": "https://scholar.google.com/citations?view_op=view_citation&hl=en&user=W8f0d6oAAAAJ&cstart=40&citation_for_view=W8f0d6oAAAAJ:e5wmG9Sq2KIC",
        "citation_id": "W8f0d6oAAAAJ:e5wmG9Sq2KIC",
        "authors": "T \u00d6zaslan, G Loianno, J Keller, CJ Taylor, V Kumar",
        "publication": "IEEE Robotics and Automation Letters 3 (4), 4209-4216, 2018",
        "year": "2018"
    },
    {
        "title": "Inertial velocity and attitude estimation for quadrotors",
        "link": "https://scholar.google.com/citations?view_op=view_citation&hl=en&user=W8f0d6oAAAAJ&cstart=40&citation_for_view=W8f0d6oAAAAJ:TFP_iSt0sucC",
        "citation_id": "W8f0d6oAAAAJ:TFP_iSt0sucC",
        "authors": "J Svacha, K Mohta, M Watterson, G Loianno, V Kumar",
        "publication": "2018 IEEE/RSJ International Conference on Intelligent Robots and Systems \u2026, 2018",
        "year": "2018"
    },
    {
        "title": "U-net for mav-based penstock inspection: an investigation of focal loss in multi-class segmentation for corrosion identification",
        "link": "https://scholar.google.com/citations?view_op=view_citation&hl=en&user=W8f0d6oAAAAJ&cstart=40&citation_for_view=W8f0d6oAAAAJ:4JMBOYKVnBMC",
        "citation_id": "W8f0d6oAAAAJ:4JMBOYKVnBMC",
        "authors": "T Nguyen, T Ozaslan, ID Miller, J Keller, G Loianno, CJ Taylor, DD Lee, ...",
        "publication": "arXiv preprint arXiv:1809.06576, 2018",
        "year": "2018"
    },
    {
        "title": "Autonomous flight and cooperative control for reconstruction using aerial robots powered by smartphones",
        "link": "https://scholar.google.com/citations?view_op=view_citation&hl=en&user=W8f0d6oAAAAJ&cstart=60&citation_for_view=W8f0d6oAAAAJ:j3f4tGmQtD8C",
        "citation_id": "W8f0d6oAAAAJ:j3f4tGmQtD8C",
        "authors": "G Loianno, Y Mulgaonkar, C Brunner, D Ahuja, A Ramanandan, M Chari, ...",
        "publication": "The International Journal of Robotics Research 37 (11), 1341-1358, 2018",
        "year": "2018"
    },
    {
        "title": "Semi-dense visual-inertial odometry and mapping for quadrotors with swap constraints",
        "link": "https://scholar.google.com/citations?view_op=view_citation&hl=en&user=W8f0d6oAAAAJ&cstart=60&citation_for_view=W8f0d6oAAAAJ:RHpTSmoSYBkC",
        "citation_id": "W8f0d6oAAAAJ:RHpTSmoSYBkC",
        "authors": "W Liu, G Loianno, K Mohta, K Daniilidis, V Kumar",
        "publication": "2018 IEEE International Conference on Robotics and Automation (ICRA), 3904-3909, 2018",
        "year": "2018"
    },
    {
        "title": "Inertial velocity and attitude estimation for quadrotors: Supplementary material",
        "link": "https://scholar.google.com/citations?view_op=view_citation&hl=en&user=W8f0d6oAAAAJ&cstart=80&citation_for_view=W8f0d6oAAAAJ:R3hNpaxXUhUC",
        "citation_id": "W8f0d6oAAAAJ:R3hNpaxXUhUC",
        "authors": "J Svacha, K Mohta, M Watterson, G Loianno, V Kumar",
        "publication": "[Online]. Available, 2018",
        "year": "2018"
    },
    {
        "title": "Vio-swarm:: A swarm of 250g quadrotors",
        "link": "https://scholar.google.com/citations?view_op=view_citation&hl=en&user=W8f0d6oAAAAJ&cstart=80&citation_for_view=W8f0d6oAAAAJ:O3NaXMp0MMsC",
        "citation_id": "W8f0d6oAAAAJ:O3NaXMp0MMsC",
        "authors": "A Weinstein, A Cho, G Loianno, V Kumar",
        "publication": "IEEE RA-L Robotics and Automation Letters, 2018",
        "year": "2018"
    },
    {
        "title": "Fast, autonomous flight in GPS-denied and cluttered environments (vol 35, pg 101, 2018)",
        "link": "https://scholar.google.com/citations?view_op=view_citation&hl=en&user=W8f0d6oAAAAJ&cstart=100&citation_for_view=W8f0d6oAAAAJ:HDshCWvjkbEC",
        "citation_id": "W8f0d6oAAAAJ:HDshCWvjkbEC",
        "authors": "K Mohta, M Watterson, Y Mulgaonkar, S Liu, C Qu, A Makineni, K Saulnier, ...",
        "publication": "JOURNAL OF FIELD ROBOTICS 35 (3), 417-417, 2018",
        "year": "2018"
    },
    {
        "title": "System for deployment of groups of unmanned micro aerial vehicles in GPS-denied environments using onboard visual relative localization",
        "link": "https://scholar.google.com/citations?view_op=view_citation&hl=en&user=W8f0d6oAAAAJ&citation_for_view=W8f0d6oAAAAJ:LkGwnXOMwfcC",
        "citation_id": "W8f0d6oAAAAJ:LkGwnXOMwfcC",
        "authors": "M Saska, T Baca, J Thomas, J Chudoba, L Preucil, T Krajnik, J Faigl, ...",
        "publication": "Autonomous Robots 41, 919-944, 2017",
        "year": "2017"
    },
    {
        "title": "Autonomous navigation and mapping for inspection of penstocks and tunnels with MAVs",
        "link": "https://scholar.google.com/citations?view_op=view_citation&hl=en&user=W8f0d6oAAAAJ&citation_for_view=W8f0d6oAAAAJ:Wp0gIr-vW9MC",
        "citation_id": "W8f0d6oAAAAJ:Wp0gIr-vW9MC",
        "authors": "T \u00d6zaslan, G Loianno, J Keller, CJ Taylor, V Kumar, JM Wozencraft, ...",
        "publication": "IEEE Robotics and Automation Letters 2 (3), 1740-1747, 2017",
        "year": "2017"
    },
    {
        "title": "Cooperative transportation using small quadrotors using monocular vision and inertial sensing",
        "link": "https://scholar.google.com/citations?view_op=view_citation&hl=en&user=W8f0d6oAAAAJ&citation_for_view=W8f0d6oAAAAJ:L8Ckcad2t8MC",
        "citation_id": "W8f0d6oAAAAJ:L8Ckcad2t8MC",
        "authors": "G Loianno, V Kumar",
        "publication": "IEEE Robotics and Automation Letters 3 (2), 680-687, 2017",
        "year": "2017"
    },
    {
        "title": "Autonomous flight for detection, localization, and tracking of moving targets with a small quadrotor",
        "link": "https://scholar.google.com/citations?view_op=view_citation&hl=en&user=W8f0d6oAAAAJ&citation_for_view=W8f0d6oAAAAJ:mVmsd5A6BfQC",
        "citation_id": "W8f0d6oAAAAJ:mVmsd5A6BfQC",
        "authors": "J Thomas, J Welde, G Loianno, K Daniilidis, V Kumar",
        "publication": "IEEE Robotics and Automation Letters 2 (3), 1762-1769, 2017",
        "year": "2017"
    },
    {
        "title": "Estimation, control, and planning for high speed flight with a quadrotor using on-board sensing",
        "link": "https://scholar.google.com/citations?view_op=view_citation&hl=en&user=W8f0d6oAAAAJ&cstart=100&citation_for_view=W8f0d6oAAAAJ:BqipwSGYUEgC",
        "citation_id": "W8f0d6oAAAAJ:BqipwSGYUEgC",
        "authors": "K Mohta, S Liu, M Watterson, G Loianno, V Kumar",
        "publication": "Journal of Field Robotics, 2017",
        "year": "2017"
    },
    {
        "title": "Index of papers published in the IEEE Robotics and Automation Letters and presented at IEEE/RSJ Int. Conf. on Intelligent Robots and Systems 2017 (IROS\u201917)",
        "link": "https://scholar.google.com/citations?view_op=view_citation&hl=en&user=W8f0d6oAAAAJ&cstart=120&citation_for_view=W8f0d6oAAAAJ:hC7cP41nSMkC",
        "citation_id": "W8f0d6oAAAAJ:hC7cP41nSMkC",
        "authors": "T Ozaslan, G Loianno, J Keller, C Taylor, CT Ishi, T Minato, H Ishiguro, ...",
        "publication": null,
        "year": "2017"
    },
    {
        "title": "Estimation, control, and planning for aggressive flight with a small quadrotor with a single camera and IMU",
        "link": "https://scholar.google.com/citations?view_op=view_citation&hl=en&user=W8f0d6oAAAAJ&citation_for_view=W8f0d6oAAAAJ:YOwf2qJgpHMC",
        "citation_id": "W8f0d6oAAAAJ:YOwf2qJgpHMC",
        "authors": "G Loianno, C Brunner, G McGrath, V Kumar",
        "publication": "IEEE Robotics and Automation Letters 2 (2), 404-411, 2016",
        "year": "2016"
    },
    {
        "title": "Swarm distribution and deployment for cooperative surveillance by micro-aerial vehicles",
        "link": "https://scholar.google.com/citations?view_op=view_citation&hl=en&user=W8f0d6oAAAAJ&citation_for_view=W8f0d6oAAAAJ:ufrVoPGSRksC",
        "citation_id": "W8f0d6oAAAAJ:ufrVoPGSRksC",
        "authors": "M Saska, V Von\u00e1sek, J Chudoba, J Thomas, G Loianno, V Kumar",
        "publication": "Journal of Intelligent & Robotic Systems 84, 469-492, 2016",
        "year": "2016"
    },
    {
        "title": "A distributed optimization framework for localization and formation control: Applications to vision-based measurements",
        "link": "https://scholar.google.com/citations?view_op=view_citation&hl=en&user=W8f0d6oAAAAJ&citation_for_view=W8f0d6oAAAAJ:3fE2CSJIrl8C",
        "citation_id": "W8f0d6oAAAAJ:3fE2CSJIrl8C",
        "authors": "R Tron, J Thomas, G Loianno, K Daniilidis, V Kumar",
        "publication": "IEEE Control Systems Magazine 36 (4), 22-44, 2016",
        "year": "2016"
    },
    {
        "title": "Visual-inertial direct SLAM",
        "link": "https://scholar.google.com/citations?view_op=view_citation&hl=en&user=W8f0d6oAAAAJ&citation_for_view=W8f0d6oAAAAJ:_FxGoFyzp5QC",
        "citation_id": "W8f0d6oAAAAJ:_FxGoFyzp5QC",
        "authors": "A Concha, G Loianno, V Kumar, J Civera",
        "publication": "2016 IEEE international conference on robotics and automation (ICRA), 1331-1338, 2016",
        "year": "2016"
    },
    {
        "title": "Embedded model predictive control of unmanned micro aerial vehicles",
        "link": "https://scholar.google.com/citations?view_op=view_citation&hl=en&user=W8f0d6oAAAAJ&citation_for_view=W8f0d6oAAAAJ:5nxA0vEk-isC",
        "citation_id": "W8f0d6oAAAAJ:5nxA0vEk-isC",
        "authors": "T Baca, G Loianno, M Saska",
        "publication": "2016 21st international conference on methods and models in automation and \u2026, 2016",
        "year": "2016"
    },
    {
        "title": "Aggressive flight with quadrotors for perching on inclined surfaces",
        "link": "https://scholar.google.com/citations?view_op=view_citation&hl=en&user=W8f0d6oAAAAJ&citation_for_view=W8f0d6oAAAAJ:Y0pCki6q_DkC",
        "citation_id": "W8f0d6oAAAAJ:Y0pCki6q_DkC",
        "authors": "J Thomas, M Pope, G Loianno, EW Hawkes, MA Estrada, H Jiang, ...",
        "publication": "Journal of Mechanisms and Robotics 8 (5), 051007, 2016",
        "year": "2016"
    },
    {
        "title": "Visual inertial odometry for quadrotors on SE (3)",
        "link": "https://scholar.google.com/citations?view_op=view_citation&hl=en&user=W8f0d6oAAAAJ&cstart=20&citation_for_view=W8f0d6oAAAAJ:MXK_kJrjxJIC",
        "citation_id": "W8f0d6oAAAAJ:MXK_kJrjxJIC",
        "authors": "G Loianno, M Watterson, V Kumar",
        "publication": "2016 IEEE International Conference on Robotics and Automation (ICRA), 1544-1551, 2016",
        "year": "2016"
    },
    {
        "title": "Bearing-only formation control with auxiliary distance measurements, leaders, and collision avoidance",
        "link": "https://scholar.google.com/citations?view_op=view_citation&hl=en&user=W8f0d6oAAAAJ&cstart=40&citation_for_view=W8f0d6oAAAAJ:M3ejUd6NZC8C",
        "citation_id": "W8f0d6oAAAAJ:M3ejUd6NZC8C",
        "authors": "R Tron, J Thomas, G Loianno, K Daniilidis, V Kumar",
        "publication": "2016 IEEE 55th Conference on Decision and Control (CDC), 1806-1813, 2016",
        "year": "2016"
    },
    {
        "title": "A swarm of flying smartphones",
        "link": "https://scholar.google.com/citations?view_op=view_citation&hl=en&user=W8f0d6oAAAAJ&cstart=40&citation_for_view=W8f0d6oAAAAJ:Zph67rFs4hoC",
        "citation_id": "W8f0d6oAAAAJ:Zph67rFs4hoC",
        "authors": "G Loianno, Y Mulgaonkar, C Brunner, D Ahuja, A Ramanandan, M Chari, ...",
        "publication": "2016 IEEE/RSJ International Conference on Intelligent Robots and Systems \u2026, 2016",
        "year": "2016"
    },
    {
        "title": "Vision-based high-speed autonomous landing and cooperative objects grasping-towards the MBZIRC competition",
        "link": "https://scholar.google.com/citations?view_op=view_citation&hl=en&user=W8f0d6oAAAAJ&cstart=60&citation_for_view=W8f0d6oAAAAJ:qxL8FJ1GzNcC",
        "citation_id": "W8f0d6oAAAAJ:qxL8FJ1GzNcC",
        "authors": "M Saska, T Baca, V Spurny, G Loianno, J Thomas, T Krajnik, P Stepan, ...",
        "publication": "Proceedings of the 2016 IEEE/RSJ International Conference on Intelligent \u2026, 2016",
        "year": "2016"
    },
    {
        "title": "The role of vision in perching and grasping for MAVs",
        "link": "https://scholar.google.com/citations?view_op=view_citation&hl=en&user=W8f0d6oAAAAJ&cstart=80&citation_for_view=W8f0d6oAAAAJ:8k81kl-MbHgC",
        "citation_id": "W8f0d6oAAAAJ:8k81kl-MbHgC",
        "authors": "J Thomas, G Loianno, K Daniilidis, V Kumar",
        "publication": "Micro-and Nanotechnology Sensors, Systems, and Applications VIII 9836, 271-279, 2016",
        "year": "2016"
    },
    {
        "title": "Vision-based fast navigation of micro aerial vehicles",
        "link": "https://scholar.google.com/citations?view_op=view_citation&hl=en&user=W8f0d6oAAAAJ&cstart=80&citation_for_view=W8f0d6oAAAAJ:Se3iqnhoufwC",
        "citation_id": "W8f0d6oAAAAJ:Se3iqnhoufwC",
        "authors": "G Loianno, V Kumar",
        "publication": "Micro-and Nanotechnology Sensors, Systems, and Applications VIII 9836, 280-293, 2016",
        "year": "2016"
    },
    {
        "title": "Distributed Control and Estimation of Robotic Vehicle Networks, Part 2",
        "link": "https://scholar.google.com/citations?view_op=view_citation&hl=en&user=W8f0d6oAAAAJ&cstart=120&citation_for_view=W8f0d6oAAAAJ:J_g5lzvAfSwC",
        "citation_id": "W8f0d6oAAAAJ:J_g5lzvAfSwC",
        "authors": "G Loianno, S Chakravorty, K Daniilidis, NR Ahmed",
        "publication": "IEEE CONTROL SYSTEMS MAGAZINE, 2016",
        "year": "2016"
    },
    {
        "title": "18 Distributed Control and Estimation of Robotic Vehicle Networks",
        "link": "https://scholar.google.com/citations?view_op=view_citation&hl=en&user=W8f0d6oAAAAJ&cstart=120&citation_for_view=W8f0d6oAAAAJ:KlAtU1dfN6UC",
        "citation_id": "W8f0d6oAAAAJ:KlAtU1dfN6UC",
        "authors": "NR AhMED, J CORTES, S MART\u00edNEZ, T RObERTO, J ThOMAS, ...",
        "publication": "IEEE Control Systems Magazine, 2016",
        "year": "2016"
    },
    {
        "title": "System for stabilization of micro aerial vehicle swarms using onboard visual relative localization",
        "link": "https://scholar.google.com/citations?view_op=view_citation&hl=en&user=W8f0d6oAAAAJ&cstart=120&citation_for_view=W8f0d6oAAAAJ:hMod-77fHWUC",
        "citation_id": "W8f0d6oAAAAJ:hMod-77fHWUC",
        "authors": "M Saska, T B\u00e1\u010da, J Thomas, J Chudoba, L Preucil, T Krajn\u00edk, J Faigl, ...",
        "publication": "Autonomous Robots, 2016",
        "year": "2016"
    },
    {
        "title": "Visual servoing of quadrotors for perching by hanging from cylindrical objects",
        "link": "https://scholar.google.com/citations?view_op=view_citation&hl=en&user=W8f0d6oAAAAJ&citation_for_view=W8f0d6oAAAAJ:eQOLeE2rZwMC",
        "citation_id": "W8f0d6oAAAAJ:eQOLeE2rZwMC",
        "authors": "J Thomas, G Loianno, K Daniilidis, V Kumar",
        "publication": "IEEE robotics and automation letters 1 (1), 57-64, 2015",
        "year": "2015"
    },
    {
        "title": "Cooperative localization and mapping of MAVs using RGB-D sensors",
        "link": "https://scholar.google.com/citations?view_op=view_citation&hl=en&user=W8f0d6oAAAAJ&cstart=20&citation_for_view=W8f0d6oAAAAJ:YsMSGLbcyi4C",
        "citation_id": "W8f0d6oAAAAJ:YsMSGLbcyi4C",
        "authors": "G Loianno, J Thomas, V Kumar",
        "publication": "2015 IEEE International Conference on Robotics and Automation (ICRA), 4021-4028, 2015",
        "year": "2015"
    },
    {
        "title": "Flying smartphones: Automated flight enabled by consumer electronics",
        "link": "https://scholar.google.com/citations?view_op=view_citation&hl=en&user=W8f0d6oAAAAJ&cstart=20&citation_for_view=W8f0d6oAAAAJ:9yKSN-GCB0IC",
        "citation_id": "W8f0d6oAAAAJ:9yKSN-GCB0IC",
        "authors": "G Loianno, G Cross, C Qu, Y Mulgaonkar, JA Hesch, V Kumar",
        "publication": "IEEE Robotics & Automation Magazine 22 (2), 24-32, 2015",
        "year": "2015"
    },
    {
        "title": "Smartphones power flying robots",
        "link": "https://scholar.google.com/citations?view_op=view_citation&hl=en&user=W8f0d6oAAAAJ&cstart=20&citation_for_view=W8f0d6oAAAAJ:zYLM7Y9cAGgC",
        "citation_id": "W8f0d6oAAAAJ:zYLM7Y9cAGgC",
        "authors": "G Loianno, Y Mulgaonkar, C Brunner, D Ahuja, A Ramanandan, M Chari, ...",
        "publication": "2015 IEEE/RSJ international conference on intelligent robots and systems \u2026, 2015",
        "year": "2015"
    },
    {
        "title": "Planning and control of aggressive maneuvers for perching on inclined and vertical surfaces",
        "link": "https://scholar.google.com/citations?view_op=view_citation&hl=en&user=W8f0d6oAAAAJ&cstart=20&citation_for_view=W8f0d6oAAAAJ:IjCSPb-OGe4C",
        "citation_id": "W8f0d6oAAAAJ:IjCSPb-OGe4C",
        "authors": "J Thomas, G Loianno, M Pope, EW Hawkes, MA Estrada, H Jiang, ...",
        "publication": "International Design Engineering Technical Conferences and Computers and \u2026, 2015",
        "year": "2015"
    },
    {
        "title": "Aerial service vehicles for industrial inspection: task decomposition and plan execution",
        "link": "https://scholar.google.com/citations?view_op=view_citation&hl=en&user=W8f0d6oAAAAJ&cstart=20&citation_for_view=W8f0d6oAAAAJ:qjMakFHDy7sC",
        "citation_id": "W8f0d6oAAAAJ:qjMakFHDy7sC",
        "authors": "J Cacace, A Finzi, V Lippiello, G Loianno, D Sanzone",
        "publication": "Applied Intelligence 42 (1), 49-62, 2015",
        "year": "2015"
    },
    {
        "title": "Autonomous deployment of swarms of micro-aerial vehicles in cooperative surveillance",
        "link": "https://scholar.google.com/citations?view_op=view_citation&hl=en&user=W8f0d6oAAAAJ&citation_for_view=W8f0d6oAAAAJ:u-x6o8ySG0sC",
        "citation_id": "W8f0d6oAAAAJ:u-x6o8ySG0sC",
        "authors": "M Saska, J Chudoba, L P\u0159eu\u010dil, J Thomas, G Loianno, A T\u0159e\u0161\u0148\u00e1k, ...",
        "publication": "2014 International Conference on Unmanned Aircraft Systems (ICUAS), 584-595, 2014",
        "year": "2014"
    },
    {
        "title": "Toward image based visual servoing for aerial grasping and perching",
        "link": "https://scholar.google.com/citations?view_op=view_citation&hl=en&user=W8f0d6oAAAAJ&citation_for_view=W8f0d6oAAAAJ:d1gkVwhDpl0C",
        "citation_id": "W8f0d6oAAAAJ:d1gkVwhDpl0C",
        "authors": "J Thomas, G Loianno, K Sreenath, V Kumar",
        "publication": "2014 IEEE international conference on robotics and automation (ICRA), 2113-2118, 2014",
        "year": "2014"
    },
    {
        "title": "Toward autonomous avian-inspired grasping for micro aerial vehicles",
        "link": "https://scholar.google.com/citations?view_op=view_citation&hl=en&user=W8f0d6oAAAAJ&citation_for_view=W8f0d6oAAAAJ:2osOgNQ5qMEC",
        "citation_id": "W8f0d6oAAAAJ:2osOgNQ5qMEC",
        "authors": "J Thomas, G Loianno, J Polin, K Sreenath, V Kumar",
        "publication": "Bioinspiration & biomimetics 9 (2), 025010, 2014",
        "year": "2014"
    },
    {
        "title": "Vision-based formation control of aerial vehicles",
        "link": "https://scholar.google.com/citations?view_op=view_citation&hl=en&user=W8f0d6oAAAAJ&cstart=40&citation_for_view=W8f0d6oAAAAJ:UeHWp8X0CEIC",
        "citation_id": "W8f0d6oAAAAJ:UeHWp8X0CEIC",
        "authors": "R Tron, J Thomas, G Loianno, J Polin, V Kumar, K Daniilidis",
        "publication": "University of Pennsylvania, 2014",
        "year": "2014"
    },
    {
        "title": "The Role of Vision Algorithms for Micro Aerial Vehicles",
        "link": "https://scholar.google.com/citations?view_op=view_citation&hl=en&user=W8f0d6oAAAAJ&cstart=120&citation_for_view=W8f0d6oAAAAJ:hqOjcs7Dif8C",
        "citation_id": "W8f0d6oAAAAJ:hqOjcs7Dif8C",
        "authors": "G Loianno",
        "publication": null,
        "year": "2014"
    },
    {
        "title": "Robust pose estimation algorithm for wrist motion tracking",
        "link": "https://scholar.google.com/citations?view_op=view_citation&hl=en&user=W8f0d6oAAAAJ&cstart=40&citation_for_view=W8f0d6oAAAAJ:Tyk-4Ss8FVUC",
        "citation_id": "W8f0d6oAAAAJ:Tyk-4Ss8FVUC",
        "authors": "F Cordella, F Di Corato, G Loianno, B Siciliano, L Zollo",
        "publication": "2013 IEEE/RSJ International Conference on Intelligent Robots and Systems \u2026, 2013",
        "year": "2013"
    },
    {
        "title": "Fast localization and 3D mapping using an RGB-D sensor",
        "link": "https://scholar.google.com/citations?view_op=view_citation&hl=en&user=W8f0d6oAAAAJ&cstart=60&citation_for_view=W8f0d6oAAAAJ:W7OEmFMy1HYC",
        "citation_id": "W8f0d6oAAAAJ:W7OEmFMy1HYC",
        "authors": "G Loianno, V Lippiello, B Siciliano",
        "publication": "2013 16th International Conference on Advanced Robotics (ICAR), 1-6, 2013",
        "year": "2013"
    },
    {
        "title": "Aerial Service Vehicles for Industrial Inspection: Task Decomposition and Plan Execution",
        "link": "https://scholar.google.com/citations?view_op=view_citation&hl=en&user=W8f0d6oAAAAJ&cstart=60&citation_for_view=W8f0d6oAAAAJ:9ZlFYXVOiuMC",
        "citation_id": "W8f0d6oAAAAJ:9ZlFYXVOiuMC",
        "authors": "J Cacace, A Finzi, V Lippiello, G Loianno, D Sanzone",
        "publication": "Recent Trends in Applied Artificial Intelligence 7906, 302--311, 2013",
        "year": "2013"
    },
    {
        "title": "Visual and inertial multi-rate data fusion for motion estimation via Pareto-optimization",
        "link": "https://scholar.google.com/citations?view_op=view_citation&hl=en&user=W8f0d6oAAAAJ&cstart=100&citation_for_view=W8f0d6oAAAAJ:roLk4NBRz8UC",
        "citation_id": "W8f0d6oAAAAJ:roLk4NBRz8UC",
        "authors": "G Loianno, V Lippiello, C Fischione, B Siciliano",
        "publication": "2013 IEEE/RSJ International Conference on Intelligent Robots and Systems \u2026, 2013",
        "year": "2013"
    },
    {
        "title": "Integrated planning and execution for an aerial service vehicle",
        "link": "https://scholar.google.com/citations?view_op=view_citation&hl=en&user=W8f0d6oAAAAJ&cstart=100&citation_for_view=W8f0d6oAAAAJ:ULOm3_A8WrAC",
        "citation_id": "W8f0d6oAAAAJ:ULOm3_A8WrAC",
        "authors": "J Cacace, A Finzi, V Lippiello, G Loianno, D Sanzone",
        "publication": "23rd International conference on automated planning and scheduling: Workshop \u2026, 2013",
        "year": "2013"
    },
    {
        "title": "Vision based navigation, grasping, and localization for micro aerial vehicles",
        "link": "https://scholar.google.com/citations?view_op=view_citation&hl=en&user=W8f0d6oAAAAJ&cstart=120&citation_for_view=W8f0d6oAAAAJ:YFjsv_pBGBYC",
        "citation_id": "W8f0d6oAAAAJ:YFjsv_pBGBYC",
        "authors": "G Loianno, J Thomas, K Mohta, S Shen",
        "publication": "IROS 2013: Workshop on vision based closed-loop control and navigation of \u2026, 2013",
        "year": "2013"
    },
    {
        "title": "From Autonomous Grasping and Navigation to Cooperative Localization for Micro Aerial Vehicles",
        "link": "https://scholar.google.com/citations?view_op=view_citation&hl=en&user=W8f0d6oAAAAJ&cstart=120&citation_for_view=W8f0d6oAAAAJ:0EnyYjriUFMC",
        "citation_id": "W8f0d6oAAAAJ:0EnyYjriUFMC",
        "authors": "G Loianno, J Thomas, K Mohta, K Sreenath, V Kumar",
        "publication": "2013 26th IEEE/RSJ International Conference on Intelligent Robots and \u2026, 2013",
        "year": "2013"
    },
    {
        "title": "Avian-Inspired Grasping for Quadrotor MAVs}}",
        "link": "https://scholar.google.com/citations?view_op=view_citation&hl=en&user=W8f0d6oAAAAJ&cstart=120&citation_for_view=W8f0d6oAAAAJ:UebtZRa9Y70C",
        "citation_id": "W8f0d6oAAAAJ:UebtZRa9Y70C",
        "authors": "J Thomas, J Polin, G Loianno, K Sreenath, V Kumar",
        "publication": "Robotics: Science and Systems, Workshop on Aerial Mobile Manipulation, 2013",
        "year": "2013"
    }
]