[
    {
        "title": "IEEE access special section editorial: Millimeter-wave and terahertz propagation, channel modeling, and applications",
        "link": "https://scholar.google.com/citations?view_op=view_citation&hl=en&user=byxKG8cAAAAJ&cstart=100&citation_for_view=byxKG8cAAAAJ:G7txJ4jiatkC",
        "citation_id": "byxKG8cAAAAJ:G7txJ4jiatkC",
        "authors": "V Degli-Esposti, F Fuschini, HL Bertoni, RS Thom\u00e4, T K\u00fcrner, X Yin, ...",
        "publication": "IEEE Access 9, 67660-67666, 2021",
        "year": "2021"
    },
    {
        "title": "A discrete environment-driven GPU-based ray launching algorithm",
        "link": "https://scholar.google.com/citations?view_op=view_citation&hl=en&user=byxKG8cAAAAJ&cstart=40&citation_for_view=byxKG8cAAAAJ:3pYxbvHKFu8C",
        "citation_id": "byxKG8cAAAAJ:3pYxbvHKFu8C",
        "authors": "JS Lu, EM Vitucci, V Degli-Esposti, F Fuschini, M Barbiroli, JA Blaha, ...",
        "publication": "IEEE Transactions on Antennas and Propagation 67 (2), 1180-1192, 2018",
        "year": "2018"
    },
    {
        "title": "Analyzing radio scattering caused by various building elements using millimeter-wave scale model measurements and ray tracing",
        "link": "https://scholar.google.com/citations?view_op=view_citation&hl=en&user=byxKG8cAAAAJ&cstart=60&citation_for_view=byxKG8cAAAAJ:JhbybO29vGQC",
        "citation_id": "byxKG8cAAAAJ:JhbybO29vGQC",
        "authors": "EM Vitucci, J Chen, V Degli-Esposti, JS Lu, HL Bertoni, X Yin",
        "publication": "IEEE Transactions on Antennas and Propagation 67 (1), 665-669, 2018",
        "year": "2018"
    },
    {
        "title": "Efficient RF coverage prediction through a fully discrete, GPU-parallelized ray-launching model",
        "link": "https://scholar.google.com/citations?view_op=view_citation&hl=en&user=byxKG8cAAAAJ&cstart=120&citation_for_view=byxKG8cAAAAJ:yaBp1wUtcLsC",
        "citation_id": "byxKG8cAAAAJ:yaBp1wUtcLsC",
        "authors": "V Degli-Esposti, JS Lu, EM Vitucci, F Fuschini, M Barbiroli, J Blaha, ...",
        "publication": "IET Digital Library, 2018",
        "year": "2018"
    },
    {
        "title": "Propagation prediction for urban systems",
        "link": "https://scholar.google.com/citations?view_op=view_citation&hl=en&user=byxKG8cAAAAJ&cstart=140&citation_for_view=byxKG8cAAAAJ:XUAslYVNQLQC",
        "citation_id": "byxKG8cAAAAJ:XUAslYVNQLQC",
        "authors": "HL Bertoni, SA Torrico",
        "publication": "Handbook of Antennas in Wireless Communications, 3-1-3-33, 2018",
        "year": "2018"
    },
    {
        "title": "Properties and measures of the radio channel",
        "link": "https://scholar.google.com/citations?view_op=view_citation&hl=en&user=byxKG8cAAAAJ&cstart=180&citation_for_view=byxKG8cAAAAJ:CKf5m1HYVjMC",
        "citation_id": "byxKG8cAAAAJ:CKf5m1HYVjMC",
        "authors": "HL Bertoni, SA Torrico",
        "publication": "Academic Press Library in Mobile and Wireless Communications, 193-225, 2016",
        "year": "2016"
    },
    {
        "title": "Ray tracing RF field prediction: An unforgiving validation",
        "link": "https://scholar.google.com/citations?view_op=view_citation&hl=en&user=byxKG8cAAAAJ&cstart=60&citation_for_view=byxKG8cAAAAJ:-BKJ5vZJwzMC",
        "citation_id": "byxKG8cAAAAJ:-BKJ5vZJwzMC",
        "authors": "EM Vitucci, V Degli-Esposti, F Fuschini, JS Lu, M Barbiroli, JN Wu, M Zoli, ...",
        "publication": "International Journal of Antennas and Propagation 2015 (1), 184608, 2015",
        "year": "2015"
    },
    {
        "title": "Research Article Ray Tracing RF Field Prediction: An Unforgiving Validation",
        "link": "https://scholar.google.com/citations?view_op=view_citation&hl=en&user=byxKG8cAAAAJ&cstart=180&citation_for_view=byxKG8cAAAAJ:-w1eE4La9_EC",
        "citation_id": "byxKG8cAAAAJ:-w1eE4La9_EC",
        "authors": "EM Vitucci, V Degli-Esposti, F Fuschini, JS Lu, M Barbiroli, JN Wu, M Zoli, ...",
        "publication": null,
        "year": "2015"
    },
    {
        "title": "Site-specific models of the received power for radio communication in urban street canyons",
        "link": "https://scholar.google.com/citations?view_op=view_citation&hl=en&user=byxKG8cAAAAJ&cstart=60&citation_for_view=byxKG8cAAAAJ:-FonjvnnhkoC",
        "citation_id": "byxKG8cAAAAJ:-FonjvnnhkoC",
        "authors": "JS Lu, HL Bertoni, KA Remley, WF Young, J Ladbury",
        "publication": "IEEE Transactions on Antennas and Propagation 62 (4), 2192-2200, 2014",
        "year": "2014"
    },
    {
        "title": "Scale model investigation of mechanisms for scattering from office buildings at 2 GHz",
        "link": "https://scholar.google.com/citations?view_op=view_citation&hl=en&user=byxKG8cAAAAJ&cstart=100&citation_for_view=byxKG8cAAAAJ:jMZTt8odoasC",
        "citation_id": "byxKG8cAAAAJ:jMZTt8odoasC",
        "authors": "JS Lu, HL Bertoni, V Degli-Esposti",
        "publication": "IEEE Transactions on Antennas and Propagation 62 (12), 6435-6442, 2014",
        "year": "2014"
    },
    {
        "title": "Study of back-scattering from buildings using a 60 GHz scaled model",
        "link": "https://scholar.google.com/citations?view_op=view_citation&hl=en&user=byxKG8cAAAAJ&cstart=140&citation_for_view=byxKG8cAAAAJ:FPJr55Dyh1AC",
        "citation_id": "byxKG8cAAAAJ:FPJr55Dyh1AC",
        "authors": "JS Lu, V Degli-Esposti, E Vitucci, HL Bertoni",
        "publication": "The 8th European Conference on Antennas and Propagation (EuCAP 2014), 814-816, 2014",
        "year": "2014"
    },
    {
        "title": "Guided-wave optoelectronics: device characterization, analysis, and design",
        "link": "https://scholar.google.com/citations?view_op=view_citation&hl=en&user=byxKG8cAAAAJ&citation_for_view=byxKG8cAAAAJ:NJ774b8OgUMC",
        "citation_id": "byxKG8cAAAAJ:NJ774b8OgUMC",
        "authors": "T Tamir, G Griffel, HL Bertoni",
        "publication": "Springer Science & Business Media, 2013",
        "year": "2013"
    },
    {
        "title": "Directions for the next generation of MMIC devices and systems",
        "link": "https://scholar.google.com/citations?view_op=view_citation&hl=en&user=byxKG8cAAAAJ&cstart=80&citation_for_view=byxKG8cAAAAJ:SeFeTyx0c_EC",
        "citation_id": "byxKG8cAAAAJ:SeFeTyx0c_EC",
        "authors": "NK Das, HL Bertoni",
        "publication": "Springer Science & Business Media, 2013",
        "year": "2013"
    },
    {
        "title": "60 GHz investigation of building scattering at 2 GHz using a scale model",
        "link": "https://scholar.google.com/citations?view_op=view_citation&hl=en&user=byxKG8cAAAAJ&cstart=100&citation_for_view=byxKG8cAAAAJ:_Re3VWB3Y0AC",
        "citation_id": "byxKG8cAAAAJ:_Re3VWB3Y0AC",
        "authors": "JS Lu, HL Bertoni, P Cabrol, D Steinbach",
        "publication": "2013 IEEE Antennas and Propagation Society International Symposium (APSURSI \u2026, 2013",
        "year": "2013"
    },
    {
        "title": "A Site-Specific MIMO Channel Simulator for Hilly and Mountainous Environments",
        "link": "https://scholar.google.com/citations?view_op=view_citation&hl=en&user=byxKG8cAAAAJ&cstart=140&citation_for_view=byxKG8cAAAAJ:p__nRnzSRKYC",
        "citation_id": "byxKG8cAAAAJ:p__nRnzSRKYC",
        "authors": "JS Lu, HL Bertoni",
        "publication": "MILCOM 2013-2013 IEEE Military Communications Conference, 764-769, 2013",
        "year": "2013"
    },
    {
        "title": "Polytechnic",
        "link": "https://scholar.google.com/citations?view_op=view_citation&hl=en&user=byxKG8cAAAAJ&cstart=160&citation_for_view=byxKG8cAAAAJ:S0CDQJw8Yr4C",
        "citation_id": "byxKG8cAAAAJ:S0CDQJw8Yr4C",
        "authors": "CF Lei, T Hong",
        "publication": "K., Hom, H., Kong, H., Ngai, EWT, 2013",
        "year": "2013"
    },
    {
        "title": "The influence of terrain scattering on radio links in hilly/mountainous regions",
        "link": "https://scholar.google.com/citations?view_op=view_citation&hl=en&user=byxKG8cAAAAJ&cstart=60&citation_for_view=byxKG8cAAAAJ:mvPsJ3kp5DgC",
        "citation_id": "byxKG8cAAAAJ:mvPsJ3kp5DgC",
        "authors": "JS Lu, X Han, HL Bertoni",
        "publication": "IEEE Transactions on Antennas and Propagation 61 (3), 1385-1395, 2012",
        "year": "2012"
    },
    {
        "title": "Multimedia communications and video coding",
        "link": "https://scholar.google.com/citations?view_op=view_citation&hl=en&user=byxKG8cAAAAJ&cstart=120&citation_for_view=byxKG8cAAAAJ:EUQCXRtRnyEC",
        "citation_id": "byxKG8cAAAAJ:EUQCXRtRnyEC",
        "authors": "HL Bertoni, SP Kim, S Panwar, Y Wang",
        "publication": "Springer Science & Business Media, 2012",
        "year": "2012"
    }
]