[
    {
        "title": "Dual Timescale Orchestration System for Elastic Control of NextG Cloud-Integrated Networks",
        "link": "https://scholar.google.com/citations?view_op=view_citation&hl=en&user=KSI2DE0AAAAJ&cstart=80&citation_for_view=KSI2DE0AAAAJ:D_sINldO8mEC",
        "citation_id": "KSI2DE0AAAAJ:D_sINldO8mEC",
        "authors": "Q Pagliuca, LJ Chaves, P Imputato, A Tulino, J Llorca",
        "publication": "2024 27th Conference on Innovation in Clouds, Internet and Networks (ICIN \u2026, 2024",
        "year": "2024"
    },
    {
        "title": "Joint compute-caching-communication control for online data-intensive service delivery",
        "link": "https://scholar.google.com/citations?view_op=view_citation&hl=en&user=KSI2DE0AAAAJ&cstart=40&citation_for_view=KSI2DE0AAAAJ:tS2w5q8j5-wC",
        "citation_id": "KSI2DE0AAAAJ:tS2w5q8j5-wC",
        "authors": "Y Cai, J Llorca, AM Tulino, AF Molisch",
        "publication": "IEEE Transactions on Mobile Computing, 2023",
        "year": "2023"
    },
    {
        "title": "Compute-and data-intensive networks: The key to the metaverse",
        "link": "https://scholar.google.com/citations?view_op=view_citation&hl=en&user=KSI2DE0AAAAJ&citation_for_view=KSI2DE0AAAAJ:08ZZubdj9fEC",
        "citation_id": "KSI2DE0AAAAJ:08ZZubdj9fEC",
        "authors": "Y Cai, J Llorca, AM Tulino, AF Molisch",
        "publication": "2022 1st international conference on 6G networking (6GNet), 1-8, 2022",
        "year": "2022"
    },
    {
        "title": "Decentralized control of distributed cloud networks with generalized network flows",
        "link": "https://scholar.google.com/citations?view_op=view_citation&hl=en&user=KSI2DE0AAAAJ&cstart=40&citation_for_view=KSI2DE0AAAAJ:vRqMK49ujn8C",
        "citation_id": "KSI2DE0AAAAJ:vRqMK49ujn8C",
        "authors": "Y Cai, J Llorca, AM Tulino, AF Molisch",
        "publication": "IEEE Transactions on Communications 71 (1), 256-268, 2022",
        "year": "2022"
    },
    {
        "title": "Ultra-reliable distributed cloud network control with end-to-end latency constraints",
        "link": "https://scholar.google.com/citations?view_op=view_citation&hl=en&user=KSI2DE0AAAAJ&cstart=40&citation_for_view=KSI2DE0AAAAJ:4fKUyHm3Qg0C",
        "citation_id": "KSI2DE0AAAAJ:4fKUyHm3Qg0C",
        "authors": "Y Cai, J Llorca, AM Tulino, AF Molisch",
        "publication": "IEEE/ACM Transactions on Networking 30 (6), 2505-2520, 2022",
        "year": "2022"
    },
    {
        "title": "Dynamic control of data-intensive services over edge computing networks",
        "link": "https://scholar.google.com/citations?view_op=view_citation&hl=en&user=KSI2DE0AAAAJ&cstart=60&citation_for_view=KSI2DE0AAAAJ:sSrBHYA8nusC",
        "citation_id": "KSI2DE0AAAAJ:sSrBHYA8nusC",
        "authors": "Y Cai, J Llorca, AM Tulino, AF Molisch",
        "publication": "GLOBECOM 2022-2022 IEEE Global Communications Conference, 5123-5128, 2022",
        "year": "2022"
    },
    {
        "title": "Vineyard Digital Twin: construction and characterization via UAV images\u2013DIWINE Proof of Concept",
        "link": "https://scholar.google.com/citations?view_op=view_citation&hl=en&user=KSI2DE0AAAAJ&cstart=80&citation_for_view=KSI2DE0AAAAJ:8AbLer7MMksC",
        "citation_id": "KSI2DE0AAAAJ:8AbLer7MMksC",
        "authors": "F Edemetti, A Maiale, C Carlini, O D\u2019Auria, J Llorca, AM Tulino",
        "publication": "2022 IEEE 23rd International Symposium on a World of Wireless, Mobile and \u2026, 2022",
        "year": "2022"
    },
    {
        "title": "Scalable delivery of correlated video content over cache-aided broadcast networks",
        "link": "https://scholar.google.com/citations?view_op=view_citation&hl=en&user=KSI2DE0AAAAJ&cstart=100&citation_for_view=KSI2DE0AAAAJ:l7t_Zn2s7bgC",
        "citation_id": "KSI2DE0AAAAJ:l7t_Zn2s7bgC",
        "authors": "P Hassanzadeh, AM Tulino, J Llorca, E Erkip",
        "publication": "Edge Caching for Mobile Networks, 119-154, 2022",
        "year": "2022"
    },
    {
        "title": "Optimal control of distributed computing networks with mixed-cast traffic flows",
        "link": "https://scholar.google.com/citations?view_op=view_citation&hl=en&user=KSI2DE0AAAAJ&cstart=20&citation_for_view=KSI2DE0AAAAJ:Tiz5es2fbqcC",
        "citation_id": "KSI2DE0AAAAJ:Tiz5es2fbqcC",
        "authors": "J Zhang, A Sinha, J Llorca, AM Tulino, E Modiano",
        "publication": "IEEE/ACM Transactions on Networking 29 (4), 1760-1773, 2021",
        "year": "2021"
    },
    {
        "title": "Gridless multidimensional angle-of-arrival estimation for arbitrary 3D antenna arrays",
        "link": "https://scholar.google.com/citations?view_op=view_citation&hl=en&user=KSI2DE0AAAAJ&cstart=40&citation_for_view=KSI2DE0AAAAJ:uWQEDVKXjbEC",
        "citation_id": "KSI2DE0AAAAJ:uWQEDVKXjbEC",
        "authors": "M S\u00e1nchez-Fern\u00e1ndez, V Jamali, J Llorca, AM Tulino",
        "publication": "IEEE Transactions on Wireless Communications 20 (7), 4748-4764, 2021",
        "year": "2021"
    },
    {
        "title": "Optimal cloud network control with strict latency constraints",
        "link": "https://scholar.google.com/citations?view_op=view_citation&hl=en&user=KSI2DE0AAAAJ&cstart=60&citation_for_view=KSI2DE0AAAAJ:K3LRdlH-MEoC",
        "citation_id": "KSI2DE0AAAAJ:K3LRdlH-MEoC",
        "authors": "Y Cai, J Llorca, AM Tulino, AF Molisch",
        "publication": "ICC 2021-IEEE International Conference on Communications, 1-6, 2021",
        "year": "2021"
    },
    {
        "title": "Optimal multicast service chain control: Packet processing, routing, and duplication",
        "link": "https://scholar.google.com/citations?view_op=view_citation&hl=en&user=KSI2DE0AAAAJ&cstart=60&citation_for_view=KSI2DE0AAAAJ:738O_yMBCRsC",
        "citation_id": "KSI2DE0AAAAJ:738O_yMBCRsC",
        "authors": "Y Cai, J Llorca, AM Tulino, AF Molisch",
        "publication": "ICC 2021-IEEE International Conference on Communications, 1-7, 2021",
        "year": "2021"
    },
    {
        "title": "Service Delivery in 5G",
        "link": "https://scholar.google.com/citations?view_op=view_citation&hl=en&user=KSI2DE0AAAAJ&cstart=100&citation_for_view=KSI2DE0AAAAJ:fQNAKQ3IYiAC",
        "citation_id": "KSI2DE0AAAAJ:fQNAKQ3IYiAC",
        "authors": "J Llorca, A Tulino, G Caire",
        "publication": "Information Theoretic Perspectives on 5G Systems and Beyond, 2021",
        "year": "2021"
    },
    {
        "title": "Service placement and request routing in MEC networks with storage, computation, and communication constraints",
        "link": "https://scholar.google.com/citations?view_op=view_citation&hl=en&user=KSI2DE0AAAAJ&citation_for_view=KSI2DE0AAAAJ:UxriW0iASnsC",
        "citation_id": "KSI2DE0AAAAJ:UxriW0iASnsC",
        "authors": "K Poularakis, J Llorca, AM Tulino, I Taylor, L Tassiulas",
        "publication": "IEEE/ACM Transactions on Networking 28 (3), 1047-1060, 2020",
        "year": "2020"
    },
    {
        "title": "Rate-memory trade-off for caching and delivery of correlated sources",
        "link": "https://scholar.google.com/citations?view_op=view_citation&hl=en&user=KSI2DE0AAAAJ&cstart=40&citation_for_view=KSI2DE0AAAAJ:zA6iFVUQeVQC",
        "citation_id": "KSI2DE0AAAAJ:zA6iFVUQeVQC",
        "authors": "P Hassanzadeh, AM Tulino, J Llorca, E Erkip",
        "publication": "IEEE Transactions on Information Theory 66 (4), 2219-2251, 2020",
        "year": "2020"
    },
    {
        "title": "Mobile edge computing network control: Tradeoff between delay and cost",
        "link": "https://scholar.google.com/citations?view_op=view_citation&hl=en&user=KSI2DE0AAAAJ&cstart=40&citation_for_view=KSI2DE0AAAAJ:SP6oXDckpogC",
        "citation_id": "KSI2DE0AAAAJ:SP6oXDckpogC",
        "authors": "Y Cai, J Llorca, AM Tulino, AF Molisch",
        "publication": "GLOBECOM 2020-2020 IEEE Global Communications Conference, 1-6, 2020",
        "year": "2020"
    },
    {
        "title": "Approximation algorithms for data-intensive service chain embedding",
        "link": "https://scholar.google.com/citations?view_op=view_citation&hl=en&user=KSI2DE0AAAAJ&cstart=40&citation_for_view=KSI2DE0AAAAJ:p2g8aNsByqUC",
        "citation_id": "KSI2DE0AAAAJ:p2g8aNsByqUC",
        "authors": "K Poularakis, J Llorca, AM Tulino, L Tassiulas",
        "publication": "Proceedings of the Twenty-First International Symposium on Theory \u2026, 2020",
        "year": "2020"
    },
    {
        "title": "Active learning in the geometric block model",
        "link": "https://scholar.google.com/citations?view_op=view_citation&hl=en&user=KSI2DE0AAAAJ&cstart=60&citation_for_view=KSI2DE0AAAAJ:KxtntwgDAa4C",
        "citation_id": "KSI2DE0AAAAJ:KxtntwgDAa4C",
        "authors": "E Chien, A Tulino, J Llorca",
        "publication": "Proceedings of the AAAI Conference on Artificial Intelligence 34 (04), 3641-3648, 2020",
        "year": "2020"
    },
    {
        "title": "Rate-distortion-memory trade-offs in heterogeneous caching networks",
        "link": "https://scholar.google.com/citations?view_op=view_citation&hl=en&user=KSI2DE0AAAAJ&cstart=80&citation_for_view=KSI2DE0AAAAJ:NhqRSupF_l8C",
        "citation_id": "KSI2DE0AAAAJ:NhqRSupF_l8C",
        "authors": "P Hassanzadeh, AM Tulino, J Llorca, E Erkip",
        "publication": "IEEE Transactions on Wireless Communications 19 (5), 3019-3033, 2020",
        "year": "2020"
    },
    {
        "title": "Supporting services in distributed networks",
        "link": "https://scholar.google.com/citations?view_op=view_citation&hl=en&user=KSI2DE0AAAAJ&cstart=100&citation_for_view=KSI2DE0AAAAJ:OU6Ihb5iCvQC",
        "citation_id": "KSI2DE0AAAAJ:OU6Ihb5iCvQC",
        "authors": "J Llorca, A Tulino",
        "publication": "US Patent 10,785,127, 2020",
        "year": "2020"
    },
    {
        "title": "R\u00e9nyi Entropy Bounds on the Active Learning Cost-Performance Tradeoff",
        "link": "https://scholar.google.com/citations?view_op=view_citation&hl=en&user=KSI2DE0AAAAJ&cstart=100&citation_for_view=KSI2DE0AAAAJ:dshw04ExmUIC",
        "citation_id": "KSI2DE0AAAAJ:dshw04ExmUIC",
        "authors": "V Jamali, A Tulino, J Llorca, E Erkip",
        "publication": "2020 IEEE International Symposium on Information Theory (ISIT), 2807-2812, 2020",
        "year": "2020"
    },
    {
        "title": "Fundamental limits of erasure-coded key-value stores with side information",
        "link": "https://scholar.google.com/citations?view_op=view_citation&hl=en&user=KSI2DE0AAAAJ&cstart=100&citation_for_view=KSI2DE0AAAAJ:nb7KW1ujOQ8C",
        "citation_id": "KSI2DE0AAAAJ:nb7KW1ujOQ8C",
        "authors": "RE Ali, VR Cadambe, J Llorca, AM Tulino",
        "publication": "IEEE Transactions on Communications 68 (7), 4126-4140, 2020",
        "year": "2020"
    },
    {
        "title": "Joint service placement and request routing in multi-cell mobile edge computing networks",
        "link": "https://scholar.google.com/citations?view_op=view_citation&hl=en&user=KSI2DE0AAAAJ&citation_for_view=KSI2DE0AAAAJ:dfsIfKJdRG4C",
        "citation_id": "KSI2DE0AAAAJ:dfsIfKJdRG4C",
        "authors": "K Poularakis, J Llorca, AM Tulino, I Taylor, L Tassiulas",
        "publication": "IEEE INFOCOM 2019-IEEE Conference on Computer Communications, 10-18, 2019",
        "year": "2019"
    },
    {
        "title": "Distribution of cloud services in a cloud environment",
        "link": "https://scholar.google.com/citations?view_op=view_citation&hl=en&user=KSI2DE0AAAAJ&cstart=20&citation_for_view=KSI2DE0AAAAJ:r0BpntZqJG4C",
        "citation_id": "KSI2DE0AAAAJ:r0BpntZqJG4C",
        "authors": "J Llorca, A Tulino",
        "publication": "US Patent 10,218,776, 2019",
        "year": "2019"
    },
    {
        "title": "Dynamic cloud network control under reconfiguration delay and cost",
        "link": "https://scholar.google.com/citations?view_op=view_citation&hl=en&user=KSI2DE0AAAAJ&cstart=40&citation_for_view=KSI2DE0AAAAJ:ldfaerwXgEUC",
        "citation_id": "KSI2DE0AAAAJ:ldfaerwXgEUC",
        "authors": "CH Wang, J Llorca, AM Tulino, T Javidi",
        "publication": "IEEE/ACM Transactions on Networking 27 (2), 491-504, 2019",
        "year": "2019"
    },
    {
        "title": "Approximation algorithms for the optimal distribution of real-time stream-processing services",
        "link": "https://scholar.google.com/citations?view_op=view_citation&hl=en&user=KSI2DE0AAAAJ&cstart=60&citation_for_view=KSI2DE0AAAAJ:xtRiw3GOFMkC",
        "citation_id": "KSI2DE0AAAAJ:xtRiw3GOFMkC",
        "authors": "M Michael, J Llorca, A Tulino",
        "publication": "ICC 2019-2019 IEEE International Conference on Communications (ICC), 1-7, 2019",
        "year": "2019"
    },
    {
        "title": "Efficient algorithms for coded multicasting in heterogeneous caching networks",
        "link": "https://scholar.google.com/citations?view_op=view_citation&hl=en&user=KSI2DE0AAAAJ&cstart=60&citation_for_view=KSI2DE0AAAAJ:abG-DnoFyZgC",
        "citation_id": "KSI2DE0AAAAJ:abG-DnoFyZgC",
        "authors": "G Vettigli, M Ji, K Shanmugam, J Llorca, AM Tulino, G Caire",
        "publication": "Entropy 21 (3), 324, 2019",
        "year": "2019"
    },
    {
        "title": "System and method for correlation-aware cache-aided coded multicast (ca-cacm)",
        "link": "https://scholar.google.com/citations?view_op=view_citation&hl=en&user=KSI2DE0AAAAJ&cstart=80&citation_for_view=KSI2DE0AAAAJ:CHSYGLWDkRkC",
        "citation_id": "KSI2DE0AAAAJ:CHSYGLWDkRkC",
        "authors": "AM Tulino, J Llorca, A Divekar",
        "publication": "US Patent App. 16/329,450, 2019",
        "year": "2019"
    },
    {
        "title": "System and method for library compressed cache-aided coded multicast",
        "link": "https://scholar.google.com/citations?view_op=view_citation&hl=en&user=KSI2DE0AAAAJ&cstart=80&citation_for_view=KSI2DE0AAAAJ:P5F9QuxV20EC",
        "citation_id": "KSI2DE0AAAAJ:P5F9QuxV20EC",
        "authors": "AM Tulino, J Llorca",
        "publication": "US Patent 10,237,366, 2019",
        "year": "2019"
    },
    {
        "title": "Optimal dynamic cloud network control",
        "link": "https://scholar.google.com/citations?view_op=view_citation&hl=en&user=KSI2DE0AAAAJ&cstart=100&citation_for_view=KSI2DE0AAAAJ:RYcK_YlVTxYC",
        "citation_id": "KSI2DE0AAAAJ:RYcK_YlVTxYC",
        "authors": "J Llorca, AM Tulino",
        "publication": "US Patent 10,356,185, 2019",
        "year": "2019"
    },
    {
        "title": "Supporting services in distributed networks",
        "link": "https://scholar.google.com/citations?view_op=view_citation&hl=en&user=KSI2DE0AAAAJ&cstart=100&citation_for_view=KSI2DE0AAAAJ:mvPsJ3kp5DgC",
        "citation_id": "KSI2DE0AAAAJ:mvPsJ3kp5DgC",
        "authors": "J Llorca, A Tulino",
        "publication": null,
        "year": "2019"
    },
    {
        "title": "Optimal dynamic cloud network control",
        "link": "https://scholar.google.com/citations?view_op=view_citation&hl=en&user=KSI2DE0AAAAJ&citation_for_view=KSI2DE0AAAAJ:maZDTaKrznsC",
        "citation_id": "KSI2DE0AAAAJ:maZDTaKrznsC",
        "authors": "H Feng, J Llorca, AM Tulino, AF Molisch",
        "publication": "IEEE/ACM Transactions on Networking 26 (5), 2118-2131, 2018",
        "year": "2018"
    },
    {
        "title": "Optimal control of wireless computing networks",
        "link": "https://scholar.google.com/citations?view_op=view_citation&hl=en&user=KSI2DE0AAAAJ&cstart=20&citation_for_view=KSI2DE0AAAAJ:lSLTfruPkqcC",
        "citation_id": "KSI2DE0AAAAJ:lSLTfruPkqcC",
        "authors": "H Feng, J Llorca, AM Tulino, AF Molisch",
        "publication": "IEEE Transactions on Wireless Communications 17 (12), 8283-8298, 2018",
        "year": "2018"
    },
    {
        "title": "On coding for cache-aided delivery of dynamic correlated content",
        "link": "https://scholar.google.com/citations?view_op=view_citation&hl=en&user=KSI2DE0AAAAJ&cstart=20&citation_for_view=KSI2DE0AAAAJ:2P1L_qKh6hAC",
        "citation_id": "KSI2DE0AAAAJ:2P1L_qKh6hAC",
        "authors": "P Hassanzadeh, AM Tulino, J Llorca, E Erkip",
        "publication": "IEEE Journal on Selected Areas in Communications 36 (8), 1666-1681, 2018",
        "year": "2018"
    },
    {
        "title": "Feasible transmission strategies for downlink MIMO in sparse millimeter-wave channels",
        "link": "https://scholar.google.com/citations?view_op=view_citation&hl=en&user=KSI2DE0AAAAJ&cstart=60&citation_for_view=KSI2DE0AAAAJ:u_35RYKgDlwC",
        "citation_id": "KSI2DE0AAAAJ:u_35RYKgDlwC",
        "authors": "AV Delgado, M Sanchez-Fernandez, J Llorca, A Tulino",
        "publication": "IEEE Communications Magazine 56 (7), 49-55, 2018",
        "year": "2018"
    },
    {
        "title": "Service function placement and routing",
        "link": "https://scholar.google.com/citations?view_op=view_citation&hl=en&user=KSI2DE0AAAAJ&cstart=60&citation_for_view=KSI2DE0AAAAJ:fPk4N6BV_jEC",
        "citation_id": "KSI2DE0AAAAJ:fPk4N6BV_jEC",
        "authors": "J Llorca, A Tulino",
        "publication": "US Patent App. 15/581,362, 2018",
        "year": "2018"
    },
    {
        "title": "Online control of cloud and edge resources using inaccurate predictions",
        "link": "https://scholar.google.com/citations?view_op=view_citation&hl=en&user=KSI2DE0AAAAJ&cstart=80&citation_for_view=KSI2DE0AAAAJ:SeFeTyx0c_EC",
        "citation_id": "KSI2DE0AAAAJ:SeFeTyx0c_EC",
        "authors": "L Jiao, A Tulino, J Llorca, Y Jin, A Sala, J Li",
        "publication": "2018 IEEE/ACM 26th International Symposium on Quality of Service (IWQoS), 1-6, 2018",
        "year": "2018"
    },
    {
        "title": "Multi-version coding with side information",
        "link": "https://scholar.google.com/citations?view_op=view_citation&hl=en&user=KSI2DE0AAAAJ&cstart=80&citation_for_view=KSI2DE0AAAAJ:ZHo1McVdvXMC",
        "citation_id": "KSI2DE0AAAAJ:ZHo1McVdvXMC",
        "authors": "RE Ali, VR Cadambe, J Llorca, AM Tulino",
        "publication": "2018 IEEE International Symposium on Information Theory (ISIT), 1934-1938, 2018",
        "year": "2018"
    },
    {
        "title": "Dynamic service optimization over computing networks",
        "link": "https://scholar.google.com/citations?view_op=view_citation&hl=en&user=KSI2DE0AAAAJ&cstart=100&citation_for_view=KSI2DE0AAAAJ:4OULZ7Gr8RgC",
        "citation_id": "KSI2DE0AAAAJ:4OULZ7Gr8RgC",
        "authors": "J Llorca, AM Tulino",
        "publication": "US Patent App. 15/600,397, 2018",
        "year": "2018"
    },
    {
        "title": "Channel-aware caching-aided coded multicast",
        "link": "https://scholar.google.com/citations?view_op=view_citation&hl=en&user=KSI2DE0AAAAJ&cstart=100&citation_for_view=KSI2DE0AAAAJ:J_g5lzvAfSwC",
        "citation_id": "KSI2DE0AAAAJ:J_g5lzvAfSwC",
        "authors": "AM Tulino, J Llorca",
        "publication": "US Patent 10,097,602, 2018",
        "year": "2018"
    },
    {
        "title": "Corrections to \u201cSmoothed Online Resource Allocation in Multi-Tier Distributed Cloud Networks\u201d",
        "link": "https://scholar.google.com/citations?view_op=view_citation&hl=en&user=KSI2DE0AAAAJ&cstart=100&citation_for_view=KSI2DE0AAAAJ:rO6llkc54NcC",
        "citation_id": "KSI2DE0AAAAJ:rO6llkc54NcC",
        "authors": "L Jiao, AM Tulino, J Llorca, Y Jin, A Sala",
        "publication": "IEEE/ACM Transactions on Networking 26 (3), 1531-1531, 2018",
        "year": "2018"
    },
    {
        "title": "Smoothed Online Resource Allocation in Multi-Tier Distributed Cloud Networks (vol 25, pg 2556, 2017)",
        "link": "https://scholar.google.com/citations?view_op=view_citation&hl=en&user=KSI2DE0AAAAJ&cstart=100&citation_for_view=KSI2DE0AAAAJ:eJXPG6dFmWUC",
        "citation_id": "KSI2DE0AAAAJ:eJXPG6dFmWUC",
        "authors": "L Jiao, AM Tulino, J Llorca, Y Jin, A Sala",
        "publication": "IEEE-ACM TRANSACTIONS ON NETWORKING 26 (3), 1531-1531, 2018",
        "year": "2018"
    },
    {
        "title": "Order-optimal rate of caching and coded multicasting with random demands",
        "link": "https://scholar.google.com/citations?view_op=view_citation&hl=en&user=KSI2DE0AAAAJ&citation_for_view=KSI2DE0AAAAJ:ZeXyd9-uunAC",
        "citation_id": "KSI2DE0AAAAJ:ZeXyd9-uunAC",
        "authors": "M Ji, AM Tulino, J Llorca, G Caire",
        "publication": "IEEE Transactions on Information Theory 63 (6), 3923-3949, 2017",
        "year": "2017"
    },
    {
        "title": "Approximation algorithms for the NFV service distribution problem",
        "link": "https://scholar.google.com/citations?view_op=view_citation&hl=en&user=KSI2DE0AAAAJ&citation_for_view=KSI2DE0AAAAJ:NaGl4SEjCO4C",
        "citation_id": "KSI2DE0AAAAJ:NaGl4SEjCO4C",
        "authors": "H Feng, J Llorca, AM Tulino, D Raz, AF Molisch",
        "publication": "IEEE INFOCOM 2017-IEEE Conference on Computer Communications, 1-9, 2017",
        "year": "2017"
    },
    {
        "title": "Coding for caching in 5G networks",
        "link": "https://scholar.google.com/citations?view_op=view_citation&hl=en&user=KSI2DE0AAAAJ&citation_for_view=KSI2DE0AAAAJ:BqipwSGYUEgC",
        "citation_id": "KSI2DE0AAAAJ:BqipwSGYUEgC",
        "authors": "Y Fadlallah, AM Tulino, D Barone, G Vettigli, J Llorca, JM Gorce",
        "publication": "IEEE Communications Magazine 55 (2), 106-113, 2017",
        "year": "2017"
    },
    {
        "title": "Smoothed online resource allocation in multi-tier distributed cloud networks",
        "link": "https://scholar.google.com/citations?view_op=view_citation&hl=en&user=KSI2DE0AAAAJ&citation_for_view=KSI2DE0AAAAJ:M3NEmzRMIkIC",
        "citation_id": "KSI2DE0AAAAJ:M3NEmzRMIkIC",
        "authors": "L Jiao, AM Tulino, J Llorca, Y Jin, A Sala",
        "publication": "IEEE/ACM Transactions On Networking 25 (4), 2556-2570, 2017",
        "year": "2017"
    },
    {
        "title": "A unified Ruzsa-Szemer\u00e9di framework for finite-length coded caching",
        "link": "https://scholar.google.com/citations?view_op=view_citation&hl=en&user=KSI2DE0AAAAJ&cstart=20&citation_for_view=KSI2DE0AAAAJ:pqnbT2bcN3wC",
        "citation_id": "KSI2DE0AAAAJ:pqnbT2bcN3wC",
        "authors": "K Shanmugam, AG Dimakis, J Llorca, AM Tulino",
        "publication": "2017 51st Asilomar Conference on Signals, Systems, and Computers, 631-635, 2017",
        "year": "2017"
    },
    {
        "title": "Devices and methods for content distribution in a communications network",
        "link": "https://scholar.google.com/citations?view_op=view_citation&hl=en&user=KSI2DE0AAAAJ&cstart=40&citation_for_view=KSI2DE0AAAAJ:hC7cP41nSMkC",
        "citation_id": "KSI2DE0AAAAJ:hC7cP41nSMkC",
        "authors": "J Llorca, A Tulino",
        "publication": "US Patent 9,578,099, 2017",
        "year": "2017"
    },
    {
        "title": "Blended antenna wearables for an unconstrained mobile experience",
        "link": "https://scholar.google.com/citations?view_op=view_citation&hl=en&user=KSI2DE0AAAAJ&cstart=40&citation_for_view=KSI2DE0AAAAJ:GnPB-g6toBAC",
        "citation_id": "KSI2DE0AAAAJ:GnPB-g6toBAC",
        "authors": "M Sanchez-Fernandez, A Tulino, E Rajo-Iglesias, J Llorca, AG Armada",
        "publication": "IEEE Communications Magazine 55 (4), 160-168, 2017",
        "year": "2017"
    },
    {
        "title": "Rate-memory trade-off for the two-user broadcast caching network with correlated sources",
        "link": "https://scholar.google.com/citations?view_op=view_citation&hl=en&user=KSI2DE0AAAAJ&cstart=60&citation_for_view=KSI2DE0AAAAJ:ns9cj8rnVeAC",
        "citation_id": "KSI2DE0AAAAJ:ns9cj8rnVeAC",
        "authors": "P Hassanzadeh, AM Tulino, J Llorca, E Erkip",
        "publication": "2017 IEEE International Symposium on Information Theory (ISIT), 1227-1231, 2017",
        "year": "2017"
    },
    {
        "title": "On the delivery of augmented information services over wireless computing networks",
        "link": "https://scholar.google.com/citations?view_op=view_citation&hl=en&user=KSI2DE0AAAAJ&cstart=60&citation_for_view=KSI2DE0AAAAJ:RGFaLdJalmkC",
        "citation_id": "KSI2DE0AAAAJ:RGFaLdJalmkC",
        "authors": "H Feng, J Llorca, AM Tulino, AF Molisch",
        "publication": "2017 IEEE International Conference on Communications (ICC), 1-7, 2017",
        "year": "2017"
    },
    {
        "title": "Broadcast caching networks with two receivers and multiple correlated sources",
        "link": "https://scholar.google.com/citations?view_op=view_citation&hl=en&user=KSI2DE0AAAAJ&cstart=60&citation_for_view=KSI2DE0AAAAJ:35N4QoGY0k4C",
        "citation_id": "KSI2DE0AAAAJ:35N4QoGY0k4C",
        "authors": "P Hassanzadeh, AM Tulino, J Llorca, E Erkip",
        "publication": "2017 51st Asilomar Conference on Signals, Systems, and Computers, 1449-1454, 2017",
        "year": "2017"
    },
    {
        "title": "Optimal content distribution and multi-resource allocation in software defined virtual CDNs",
        "link": "https://scholar.google.com/citations?view_op=view_citation&hl=en&user=KSI2DE0AAAAJ&cstart=60&citation_for_view=KSI2DE0AAAAJ:vV6vV6tmYwMC",
        "citation_id": "KSI2DE0AAAAJ:vV6vV6tmYwMC",
        "authors": "J Llorca, AM Tulino, A Sforza, C Sterle",
        "publication": "Optimization and Decision Science: Methodologies and Applications: ODS \u2026, 2017",
        "year": "2017"
    },
    {
        "title": "Impact of channel state information on wireless computing network control",
        "link": "https://scholar.google.com/citations?view_op=view_citation&hl=en&user=KSI2DE0AAAAJ&cstart=80&citation_for_view=KSI2DE0AAAAJ:HoB7MX3m0LUC",
        "citation_id": "KSI2DE0AAAAJ:HoB7MX3m0LUC",
        "authors": "H Feng, J Llorca, AM Tulino, AF Molisch",
        "publication": "2017 51st Asilomar Conference on Signals, Systems, and Computers, 519-525, 2017",
        "year": "2017"
    },
    {
        "title": "IoT-cloud service optimization in next generation smart environments",
        "link": "https://scholar.google.com/citations?view_op=view_citation&hl=en&user=KSI2DE0AAAAJ&citation_for_view=KSI2DE0AAAAJ:YFjsv_pBGBYC",
        "citation_id": "KSI2DE0AAAAJ:YFjsv_pBGBYC",
        "authors": "M Barcelo, A Correa, J Llorca, AM Tulino, JL Vicario, A Morell",
        "publication": "IEEE Journal on Selected Areas in Communications 34 (12), 4077-4090, 2016",
        "year": "2016"
    },
    {
        "title": "Finite-length analysis of caching-aided coded multicasting",
        "link": "https://scholar.google.com/citations?view_op=view_citation&hl=en&user=KSI2DE0AAAAJ&citation_for_view=KSI2DE0AAAAJ:7PzlFSSx8tAC",
        "citation_id": "KSI2DE0AAAAJ:7PzlFSSx8tAC",
        "authors": "K Shanmugam, M Ji, AM Tulino, J Llorca, AG Dimakis",
        "publication": "IEEE Transactions on Information Theory 62 (10), 5524-5537, 2016",
        "year": "2016"
    },
    {
        "title": "Speeding up future video distribution via channel-aware caching-aided coded multicast",
        "link": "https://scholar.google.com/citations?view_op=view_citation&hl=en&user=KSI2DE0AAAAJ&cstart=20&citation_for_view=KSI2DE0AAAAJ:TFP_iSt0sucC",
        "citation_id": "KSI2DE0AAAAJ:TFP_iSt0sucC",
        "authors": "AS Cacciapuoti, M Caleffi, M Ji, J Llorca, AM Tulino",
        "publication": "IEEE Journal on Selected Areas in Communications 34 (8), 2207-2218, 2016",
        "year": "2016"
    },
    {
        "title": "Dynamic network service optimization in distributed cloud networks",
        "link": "https://scholar.google.com/citations?view_op=view_citation&hl=en&user=KSI2DE0AAAAJ&cstart=20&citation_for_view=KSI2DE0AAAAJ:hMod-77fHWUC",
        "citation_id": "KSI2DE0AAAAJ:hMod-77fHWUC",
        "authors": "H Feng, J Llorca, AM Tulino, AF Molisch",
        "publication": "2016 IEEE Conference on Computer Communications Workshops (INFOCOM WKSHPS \u2026, 2016",
        "year": "2016"
    },
    {
        "title": "Cache-aided coded multicast for correlated sources",
        "link": "https://scholar.google.com/citations?view_op=view_citation&hl=en&user=KSI2DE0AAAAJ&cstart=20&citation_for_view=KSI2DE0AAAAJ:NMxIlDl6LWMC",
        "citation_id": "KSI2DE0AAAAJ:NMxIlDl6LWMC",
        "authors": "P Hassanzadeh, A Tulino, J Llorca, E Erkip",
        "publication": "2016 9th International Symposium on Turbo Codes and Iterative Information \u2026, 2016",
        "year": "2016"
    },
    {
        "title": "Correlation-aware distributed caching and coded delivery",
        "link": "https://scholar.google.com/citations?view_op=view_citation&hl=en&user=KSI2DE0AAAAJ&cstart=20&citation_for_view=KSI2DE0AAAAJ:bEWYMUwI8FkC",
        "citation_id": "KSI2DE0AAAAJ:bEWYMUwI8FkC",
        "authors": "P Hassanzadeh, A Tulino, J Llorca, E Erkip",
        "publication": "2016 IEEE Information Theory Workshop (ITW), 166-170, 2016",
        "year": "2016"
    },
    {
        "title": "MC3: A cloud caching strategy for next generation virtual content distribution networks",
        "link": "https://scholar.google.com/citations?view_op=view_citation&hl=en&user=KSI2DE0AAAAJ&cstart=40&citation_for_view=KSI2DE0AAAAJ:iH-uZ7U-co4C",
        "citation_id": "KSI2DE0AAAAJ:iH-uZ7U-co4C",
        "authors": "P Marchetta, J Llorca, AM Tulino, A Pescap\u00e9",
        "publication": "2016 IFIP Networking Conference (IFIP Networking) and Workshops, 332-340, 2016",
        "year": "2016"
    },
    {
        "title": "Devices and methods for network-coded and caching-aided content distribution",
        "link": "https://scholar.google.com/citations?view_op=view_citation&hl=en&user=KSI2DE0AAAAJ&cstart=80&citation_for_view=KSI2DE0AAAAJ:qUcmZB5y_30C",
        "citation_id": "KSI2DE0AAAAJ:qUcmZB5y_30C",
        "authors": "A Tulino, J Llorca, K Shanmugam",
        "publication": "US Patent 9,503,525, 2016",
        "year": "2016"
    },
    {
        "title": "Devices and methods for network-coded and caching-aided content distribution",
        "link": "https://scholar.google.com/citations?view_op=view_citation&hl=en&user=KSI2DE0AAAAJ&cstart=80&citation_for_view=KSI2DE0AAAAJ:hFOr9nPyWt4C",
        "citation_id": "KSI2DE0AAAAJ:hFOr9nPyWt4C",
        "authors": "A Tulino, J Llorca",
        "publication": "US Patent 9,509,774, 2016",
        "year": "2016"
    },
    {
        "title": "Memory-rate trade-off for caching and delivery of correlated sources",
        "link": "https://scholar.google.com/citations?view_op=view_citation&hl=en&user=KSI2DE0AAAAJ&cstart=100&citation_for_view=KSI2DE0AAAAJ:O3NaXMp0MMsC",
        "citation_id": "KSI2DE0AAAAJ:O3NaXMp0MMsC",
        "authors": "P Hassanzadeh, A Tulino, J Llorca, E Erkip",
        "publication": "2016 IEEE 37th Sarnoff Symposium, 1-2, 2016",
        "year": "2016"
    },
    {
        "title": "On the impact of lossy channels in wireless edge caching",
        "link": "https://scholar.google.com/citations?view_op=view_citation&hl=en&user=KSI2DE0AAAAJ&cstart=100&citation_for_view=KSI2DE0AAAAJ:k_IJM867U9cC",
        "citation_id": "KSI2DE0AAAAJ:k_IJM867U9cC",
        "authors": "AS Cacciapuoti, M Caleffi, M Ji, J Llorca, AM Tulino",
        "publication": "2016 IEEE International Conference on Communications (ICC), 1-7, 2016",
        "year": "2016"
    },
    {
        "title": "Optimal dynamic cloud network control",
        "link": "https://scholar.google.com/citations?view_op=view_citation&hl=en&user=KSI2DE0AAAAJ&cstart=100&citation_for_view=KSI2DE0AAAAJ:q3oQSFYPqjQC",
        "citation_id": "KSI2DE0AAAAJ:q3oQSFYPqjQC",
        "authors": "J Llorca, A Tulino",
        "publication": null,
        "year": "2016"
    },
    {
        "title": "On the fundamental limits of caching in combination networks",
        "link": "https://scholar.google.com/citations?view_op=view_citation&hl=en&user=KSI2DE0AAAAJ&citation_for_view=KSI2DE0AAAAJ:HDshCWvjkbEC",
        "citation_id": "KSI2DE0AAAAJ:HDshCWvjkbEC",
        "authors": "M Ji, MF Wong, AM Tulino, J Llorca, G Caire, M Effros, M Langberg",
        "publication": "2015 IEEE 16th International Workshop on Signal Processing Advances in \u2026, 2015",
        "year": "2015"
    },
    {
        "title": "Caching-aided coded multicasting with multiple random requests",
        "link": "https://scholar.google.com/citations?view_op=view_citation&hl=en&user=KSI2DE0AAAAJ&citation_for_view=KSI2DE0AAAAJ:IWHjjKOFINEC",
        "citation_id": "KSI2DE0AAAAJ:IWHjjKOFINEC",
        "authors": "M Ji, A Tulino, J Llorca, G Caire",
        "publication": "2015 IEEE Information Theory Workshop (ITW), 1-5, 2015",
        "year": "2015"
    },
    {
        "title": "An efficient multiple-groupcast coded multicasting scheme for finite fractional caching",
        "link": "https://scholar.google.com/citations?view_op=view_citation&hl=en&user=KSI2DE0AAAAJ&citation_for_view=KSI2DE0AAAAJ:TQgYirikUcIC",
        "citation_id": "KSI2DE0AAAAJ:TQgYirikUcIC",
        "authors": "M Ji, K Shanmugam, G Vettigli, J Llorca, AM Tulino, G Caire",
        "publication": "2015 IEEE International Conference on Communications (ICC), 3801-3806, 2015",
        "year": "2015"
    },
    {
        "title": "The cloud service distribution problem in distributed cloud networks",
        "link": "https://scholar.google.com/citations?view_op=view_citation&hl=en&user=KSI2DE0AAAAJ&cstart=20&citation_for_view=KSI2DE0AAAAJ:R3hNpaxXUhUC",
        "citation_id": "KSI2DE0AAAAJ:R3hNpaxXUhUC",
        "authors": "M Barcelo, J Llorca, AM Tulino, N Raman",
        "publication": "2015 IEEE International Conference on Communications (ICC), 344-350, 2015",
        "year": "2015"
    },
    {
        "title": "Caching in combination networks",
        "link": "https://scholar.google.com/citations?view_op=view_citation&hl=en&user=KSI2DE0AAAAJ&cstart=20&citation_for_view=KSI2DE0AAAAJ:j3f4tGmQtD8C",
        "citation_id": "KSI2DE0AAAAJ:j3f4tGmQtD8C",
        "authors": "M Ji, AM Tulino, J Llorca, G Caire",
        "publication": "2015 49th Asilomar Conference on Signals, Systems and Computers, 1269-1273, 2015",
        "year": "2015"
    },
    {
        "title": "Distortion-memory tradeoffs in cache-aided wireless video delivery",
        "link": "https://scholar.google.com/citations?view_op=view_citation&hl=en&user=KSI2DE0AAAAJ&cstart=20&citation_for_view=KSI2DE0AAAAJ:4JMBOYKVnBMC",
        "citation_id": "KSI2DE0AAAAJ:4JMBOYKVnBMC",
        "authors": "P Hassanzadeh, E Erkip, J Llorca, A Tulino",
        "publication": "2015 53rd Annual Allerton Conference on Communication, Control, and \u2026, 2015",
        "year": "2015"
    },
    {
        "title": "An efficient coded multicasting scheme preserving the multiplicative caching gain",
        "link": "https://scholar.google.com/citations?view_op=view_citation&hl=en&user=KSI2DE0AAAAJ&cstart=20&citation_for_view=KSI2DE0AAAAJ:mB3voiENLucC",
        "citation_id": "KSI2DE0AAAAJ:mB3voiENLucC",
        "authors": "G Vettigli, M Ji, AM Tulino, J Llorca, P Festa",
        "publication": "2015 IEEE Conference on Computer Communications Workshops (INFOCOM WKSHPS \u2026, 2015",
        "year": "2015"
    },
    {
        "title": "Energy efficient dynamic content distribution",
        "link": "https://scholar.google.com/citations?view_op=view_citation&hl=en&user=KSI2DE0AAAAJ&cstart=40&citation_for_view=KSI2DE0AAAAJ:_Qo2XoVZTnwC",
        "citation_id": "KSI2DE0AAAAJ:_Qo2XoVZTnwC",
        "authors": "J Llorca, AM Tulino, M Varvello, J Esteban, D Perino",
        "publication": "IEEE Journal on Selected Areas in Communications 33 (12), 2826-2836, 2015",
        "year": "2015"
    },
    {
        "title": "A methodology for the design of self-optimizing, decentralized content-caching strategies",
        "link": "https://scholar.google.com/citations?view_op=view_citation&hl=en&user=KSI2DE0AAAAJ&cstart=40&citation_for_view=KSI2DE0AAAAJ:RHpTSmoSYBkC",
        "citation_id": "KSI2DE0AAAAJ:RHpTSmoSYBkC",
        "authors": "K Kvaternik, J Llorca, D Kilper, L Pavel",
        "publication": "IEEE/ACM Transactions on Networking 24 (5), 2634-2647, 2015",
        "year": "2015"
    },
    {
        "title": "Joint content-resource allocation in software defined virtual CDNs",
        "link": "https://scholar.google.com/citations?view_op=view_citation&hl=en&user=KSI2DE0AAAAJ&cstart=40&citation_for_view=KSI2DE0AAAAJ:e5wmG9Sq2KIC",
        "citation_id": "KSI2DE0AAAAJ:e5wmG9Sq2KIC",
        "authors": "J Llorca, C Sterle, AM Tulino, N Choi, A Sforza, AE Amideo",
        "publication": "2015 IEEE International Conference on Communication Workshop (ICCW), 1839-1844, 2015",
        "year": "2015"
    },
    {
        "title": "System and method for managing network information",
        "link": "https://scholar.google.com/citations?view_op=view_citation&hl=en&user=KSI2DE0AAAAJ&cstart=60&citation_for_view=KSI2DE0AAAAJ:dhFuZR0502QC",
        "citation_id": "KSI2DE0AAAAJ:dhFuZR0502QC",
        "authors": "J Llorca, A Tulino",
        "publication": "US Patent 9,112,807, 2015",
        "year": "2015"
    },
    {
        "title": "On the average performance of caching and coded multicasting with random demands",
        "link": "https://scholar.google.com/citations?view_op=view_citation&hl=en&user=KSI2DE0AAAAJ&citation_for_view=KSI2DE0AAAAJ:9ZlFYXVOiuMC",
        "citation_id": "KSI2DE0AAAAJ:9ZlFYXVOiuMC",
        "authors": "M Ji, AM Tulino, J Llorca, G Caire",
        "publication": "2014 11th International Symposium on Wireless Communications Systems (ISWCS \u2026, 2014",
        "year": "2014"
    },
    {
        "title": "Caching and coded multicasting: Multiple groupcast index coding",
        "link": "https://scholar.google.com/citations?view_op=view_citation&hl=en&user=KSI2DE0AAAAJ&citation_for_view=KSI2DE0AAAAJ:L8Ckcad2t8MC",
        "citation_id": "KSI2DE0AAAAJ:L8Ckcad2t8MC",
        "authors": "M Ji, AM Tulino, J Llorca, G Caire",
        "publication": "2014 IEEE Global Conference on Signal and Information Processing (GlobalSIP \u2026, 2014",
        "year": "2014"
    },
    {
        "title": "Systems, methods, devices, and computer program products for control and performance prediction in wireless networks",
        "link": "https://scholar.google.com/citations?view_op=view_citation&hl=en&user=KSI2DE0AAAAJ&cstart=20&citation_for_view=KSI2DE0AAAAJ:8k81kl-MbHgC",
        "citation_id": "KSI2DE0AAAAJ:8k81kl-MbHgC",
        "authors": "SD Milner, CC Davis, J Llorca",
        "publication": "US Patent 8,831,524, 2014",
        "year": "2014"
    },
    {
        "title": "Order optimal coded caching-aided multicast under zipf demand distributions",
        "link": "https://scholar.google.com/citations?view_op=view_citation&hl=en&user=KSI2DE0AAAAJ&cstart=20&citation_for_view=KSI2DE0AAAAJ:aqlVkmm33-oC",
        "citation_id": "KSI2DE0AAAAJ:aqlVkmm33-oC",
        "authors": "M Ji, AM Tulino, J Llorca, G Caire",
        "publication": "The Eleventh International Symposium on Wireless Communication Systems (ISWCS), 2014",
        "year": "2014"
    },
    {
        "title": "Order optimal coded delivery and caching: Multiple groupcast index coding",
        "link": "https://scholar.google.com/citations?view_op=view_citation&hl=en&user=KSI2DE0AAAAJ&cstart=40&citation_for_view=KSI2DE0AAAAJ:qxL8FJ1GzNcC",
        "citation_id": "KSI2DE0AAAAJ:qxL8FJ1GzNcC",
        "authors": "M Ji, AM Tulino, J Llorca, G Caire",
        "publication": "arXiv preprint arXiv:1402.4572, 2014",
        "year": "2014"
    },
    {
        "title": "Decentralized caching strategies for energy-efficient content delivery",
        "link": "https://scholar.google.com/citations?view_op=view_citation&hl=en&user=KSI2DE0AAAAJ&cstart=60&citation_for_view=KSI2DE0AAAAJ:Wp0gIr-vW9MC",
        "citation_id": "KSI2DE0AAAAJ:Wp0gIr-vW9MC",
        "authors": "K Kvaternik, J Llorca, D Kilper, L Pavel",
        "publication": "2014 IEEE International Conference on Communications (ICC), 3707-3713, 2014",
        "year": "2014"
    },
    {
        "title": "Dynamic in-network caching for energy efficient content delivery",
        "link": "https://scholar.google.com/citations?view_op=view_citation&hl=en&user=KSI2DE0AAAAJ&citation_for_view=KSI2DE0AAAAJ:YOwf2qJgpHMC",
        "citation_id": "KSI2DE0AAAAJ:YOwf2qJgpHMC",
        "authors": "J Llorca, AM Tulino, K Guan, J Esteban, M Varvello, N Choi, DC Kilper",
        "publication": "2013 Proceedings IEEE INFOCOM, 245-249, 2013",
        "year": "2013"
    },
    {
        "title": "Network-coded caching-aided multicast for efficient content delivery",
        "link": "https://scholar.google.com/citations?view_op=view_citation&hl=en&user=KSI2DE0AAAAJ&citation_for_view=KSI2DE0AAAAJ:ULOm3_A8WrAC",
        "citation_id": "KSI2DE0AAAAJ:ULOm3_A8WrAC",
        "authors": "J Llorca, AM Tulino, K Guan, DC Kilper",
        "publication": "2013 IEEE international conference on communications (ICC), 3557-3562, 2013",
        "year": "2013"
    },
    {
        "title": "The content distribution problem and its complexity classification",
        "link": "https://scholar.google.com/citations?view_op=view_citation&hl=en&user=KSI2DE0AAAAJ&cstart=40&citation_for_view=KSI2DE0AAAAJ:mVmsd5A6BfQC",
        "citation_id": "KSI2DE0AAAAJ:mVmsd5A6BfQC",
        "authors": "J Llorca, AM Tulino",
        "publication": "Alcatel-Lucent technical report, 2013",
        "year": "2013"
    },
    {
        "title": "The impact of error control on energy-efficient reliable data transfers over optical networks",
        "link": "https://scholar.google.com/citations?view_op=view_citation&hl=en&user=KSI2DE0AAAAJ&cstart=60&citation_for_view=KSI2DE0AAAAJ:4TOpqqG69KYC",
        "citation_id": "KSI2DE0AAAAJ:4TOpqqG69KYC",
        "authors": "K Guan, BSG Pillai, A Vishwanath, DC Kilper, J Llorca",
        "publication": "2013 IEEE International Conference on Communications (ICC), 4083-4088, 2013",
        "year": "2013"
    },
    {
        "title": "Minimum cost caching-aided multicast under arbitrary demand",
        "link": "https://scholar.google.com/citations?view_op=view_citation&hl=en&user=KSI2DE0AAAAJ&cstart=80&citation_for_view=KSI2DE0AAAAJ:4DMP91E08xMC",
        "citation_id": "KSI2DE0AAAAJ:4DMP91E08xMC",
        "authors": "J Llorca, AM Tulino",
        "publication": "2013 Asilomar Conference on Signals, Systems and Computers, 236-237, 2013",
        "year": "2013"
    },
    {
        "title": "Nature-inspired self-organization, control, and optimization in heterogeneous wireless networks",
        "link": "https://scholar.google.com/citations?view_op=view_citation&hl=en&user=KSI2DE0AAAAJ&citation_for_view=KSI2DE0AAAAJ:zYLM7Y9cAGgC",
        "citation_id": "KSI2DE0AAAAJ:zYLM7Y9cAGgC",
        "authors": "S Milner, C Davis, H Zhang, J Llorca",
        "publication": "IEEE transactions on mobile computing 11 (7), 1207-1222, 2012",
        "year": "2012"
    },
    {
        "title": "Energy efficient delivery of immersive video centric services",
        "link": "https://scholar.google.com/citations?view_op=view_citation&hl=en&user=KSI2DE0AAAAJ&cstart=40&citation_for_view=KSI2DE0AAAAJ:kNdYIx-mwKoC",
        "citation_id": "KSI2DE0AAAAJ:kNdYIx-mwKoC",
        "authors": "J Llorca, K Guan, G Atkinson, DC Kilper",
        "publication": "2012 Proceedings IEEE INFOCOM, 1656-1664, 2012",
        "year": "2012"
    },
    {
        "title": "A decentralized coordination strategy for networked multiagent systems",
        "link": "https://scholar.google.com/citations?view_op=view_citation&hl=en&user=KSI2DE0AAAAJ&cstart=60&citation_for_view=KSI2DE0AAAAJ:_kc_bZDykSQC",
        "citation_id": "KSI2DE0AAAAJ:_kc_bZDykSQC",
        "authors": "K Kvaternik, J Llorca, D Kilper, L Pavel",
        "publication": "2012 50th Annual Allerton Conference on Communication, Control, and \u2026, 2012",
        "year": "2012"
    },
    {
        "title": "Energy benefit of distributed in-network processing for personalized media service delivery",
        "link": "https://scholar.google.com/citations?view_op=view_citation&hl=en&user=KSI2DE0AAAAJ&cstart=80&citation_for_view=KSI2DE0AAAAJ:M3ejUd6NZC8C",
        "citation_id": "KSI2DE0AAAAJ:M3ejUd6NZC8C",
        "authors": "J Llorca, K Guan, G Atkinson, DC Kilper",
        "publication": "2012 IEEE International Conference on Communications (ICC), 2901-2906, 2012",
        "year": "2012"
    },
    {
        "title": "System and method for managing network information",
        "link": "https://scholar.google.com/citations?view_op=view_citation&hl=en&user=KSI2DE0AAAAJ&cstart=100&citation_for_view=KSI2DE0AAAAJ:VOx2b1Wkg3QC",
        "citation_id": "KSI2DE0AAAAJ:VOx2b1Wkg3QC",
        "authors": "J Llorca, A Tulino",
        "publication": null,
        "year": "2012"
    }
]