[
    {
        "title": "The BLV App Arcade: a new curated repository and evaluation rubric for mobile applications supporting blindness and low vision",
        "link": "https://scholar.google.com/citations?view_op=view_citation&hl=en&user=TmPZ5uEAAAAJ&cstart=80&citation_for_view=TmPZ5uEAAAAJ:AXPGKjj_ei8C",
        "citation_id": "TmPZ5uEAAAAJ:AXPGKjj_ei8C",
        "authors": "BM Liu, M Beheshti, T Naeimi, Z Zhu, R Vedanthan, W Seiple, JR Rizzo",
        "publication": "Disability and Rehabilitation: Assistive Technology 19 (4), 1405-1414, 2024",
        "year": "2024"
    },
    {
        "title": "Spatial neglect is not a visual field defect: A guide for clinicians",
        "link": "https://scholar.google.com/citations?view_op=view_citation&hl=en&user=TmPZ5uEAAAAJ&cstart=80&citation_for_view=TmPZ5uEAAAAJ:WqliGbK-hY8C",
        "citation_id": "TmPZ5uEAAAAJ:WqliGbK-hY8C",
        "authors": "K Hreha, L Singsomphone, J Kaldenberg, JP Fielder, K Watters, K Weden, ...",
        "publication": "Archives of Physical Medicine and Rehabilitation 105 (3), 621-626, 2024",
        "year": "2024"
    },
    {
        "title": "Accuracy and Usability of Smartphone-Based Distance Estimation Approaches for Visual Assistive Technology Development",
        "link": "https://scholar.google.com/citations?view_op=view_citation&hl=en&user=TmPZ5uEAAAAJ&cstart=80&citation_for_view=TmPZ5uEAAAAJ:Fu2w8maKXqMC",
        "citation_id": "TmPZ5uEAAAAJ:Fu2w8maKXqMC",
        "authors": "G Hamilton-Fletcher, M Liu, D Sheng, C Feng, TE Hudson, JR Rizzo, ...",
        "publication": "IEEE Open Journal of Engineering in Medicine and Biology, 2024",
        "year": "2024"
    },
    {
        "title": "Can Foundation Models Reliably Identify Spatial Hazards? A Case Study on Curb Segmentation",
        "link": "https://scholar.google.com/citations?view_op=view_citation&hl=en&user=TmPZ5uEAAAAJ&cstart=100&citation_for_view=TmPZ5uEAAAAJ:-_dYPAW6P2MC",
        "citation_id": "TmPZ5uEAAAAJ:-_dYPAW6P2MC",
        "authors": "D Sheng, G Hamilton-Fletcher, M Beheshti, C Feng, JR Rizzo",
        "publication": "arXiv preprint arXiv:2406.07202, 2024",
        "year": "2024"
    },
    {
        "title": "Visualizing simultaneous eye-hand movements in a MATLAB dashboard",
        "link": "https://scholar.google.com/citations?view_op=view_citation&hl=en&user=TmPZ5uEAAAAJ&cstart=100&citation_for_view=TmPZ5uEAAAAJ:2KloaMYe4IUC",
        "citation_id": "TmPZ5uEAAAAJ:2KloaMYe4IUC",
        "authors": "TE Hudson, A Seiple, M Beheshti, JR Rizzo",
        "publication": "MethodsX 12, 102722, 2024",
        "year": "2024"
    },
    {
        "title": "Characterizing the response of piezoelectric-polymer composite haptic actuators and their interaction with skin",
        "link": "https://scholar.google.com/citations?view_op=view_citation&hl=en&user=TmPZ5uEAAAAJ&cstart=100&citation_for_view=TmPZ5uEAAAAJ:evX43VCCuoAC",
        "citation_id": "TmPZ5uEAAAAJ:evX43VCCuoAC",
        "authors": "A Boldini, JR Rizzo, M Porfiri",
        "publication": "Electroactive Polymer Actuators and Devices (EAPAD) XXVI 12945, 22-27, 2024",
        "year": "2024"
    },
    {
        "title": "A Multi-Modal Foundation Model to Assist People with Blindness and Low Vision in Environmental Interaction",
        "link": "https://scholar.google.com/citations?view_op=view_citation&hl=en&user=TmPZ5uEAAAAJ&cstart=100&citation_for_view=TmPZ5uEAAAAJ:tzM49s52ZIMC",
        "citation_id": "TmPZ5uEAAAAJ:tzM49s52ZIMC",
        "authors": "Y Hao, F Yang, H Huang, S Yuan, S Rangan, JR Rizzo, Y Wang, Y Fang",
        "publication": "Journal of Imaging 10 (5), 103, 2024",
        "year": "2024"
    },
    {
        "title": "Disparities in Care for Surgical Patients with Blindness and Low Vision: A Call for Inclusive Wound Care Strategies in the Post-Operative Period",
        "link": "https://scholar.google.com/citations?view_op=view_citation&hl=en&user=TmPZ5uEAAAAJ&cstart=120&citation_for_view=TmPZ5uEAAAAJ:_Re3VWB3Y0AC",
        "citation_id": "TmPZ5uEAAAAJ:_Re3VWB3Y0AC",
        "authors": "G Keegan, JR Rizzo, MA Morris, J Panarelli, KA Joseph",
        "publication": "Annals of Surgery, 10.1097, 2024",
        "year": "2024"
    },
    {
        "title": "5G Edge Vision: Wearable Assistive Technology for People with Blindness and Low Vision",
        "link": "https://scholar.google.com/citations?view_op=view_citation&hl=en&user=TmPZ5uEAAAAJ&cstart=120&citation_for_view=TmPZ5uEAAAAJ:hkOj_22Ku90C",
        "citation_id": "TmPZ5uEAAAAJ:hkOj_22Ku90C",
        "authors": "T Azzino, M Mezzavilla, S Rangan, Y Wang, JR Rizzo",
        "publication": "2024 IEEE Wireless Communications and Networking Conference (WCNC), 1-6, 2024",
        "year": "2024"
    },
    {
        "title": "Evidence-based practice education in physical medicine and rehabilitation residency programs: A Canadian national survey",
        "link": "https://scholar.google.com/citations?view_op=view_citation&hl=en&user=TmPZ5uEAAAAJ&cstart=120&citation_for_view=TmPZ5uEAAAAJ:kzcrU_BdoSEC",
        "citation_id": "TmPZ5uEAAAAJ:kzcrU_BdoSEC",
        "authors": "D Kumbhare, JR Rizzo, A Bean, T Annaswamy",
        "publication": "American Journal of Physical Medicine & Rehabilitation, 10.1097, 2024",
        "year": "2024"
    },
    {
        "title": "Eye Movement Characteristics of Congenital Myasthenic Syndromes (P4-10.001)",
        "link": "https://scholar.google.com/citations?view_op=view_citation&hl=en&user=TmPZ5uEAAAAJ&cstart=120&citation_for_view=TmPZ5uEAAAAJ:ZfRJV9d4-WMC",
        "citation_id": "TmPZ5uEAAAAJ:ZfRJV9d4-WMC",
        "authors": "R Jauregui, N Abreu, JR Rizzo, T Hudson, J Rucker, S Grossman",
        "publication": "Neurology 102 (17_supplement_1), 3631, 2024",
        "year": "2024"
    },
    {
        "title": "NYC-Indoor-VPR: A Long-Term Indoor Visual Place Recognition Dataset with Semi-Automatic Annotation",
        "link": "https://scholar.google.com/citations?view_op=view_citation&hl=en&user=TmPZ5uEAAAAJ&cstart=120&citation_for_view=TmPZ5uEAAAAJ:tKAzc9rXhukC",
        "citation_id": "TmPZ5uEAAAAJ:tKAzc9rXhukC",
        "authors": "D Sheng, A Yang, JR Rizzo, C Feng",
        "publication": "arXiv preprint arXiv:2404.00504, 2024",
        "year": "2024"
    },
    {
        "title": "Wearables for persons with blindness and low vision: form factor matters",
        "link": "https://scholar.google.com/citations?view_op=view_citation&hl=en&user=TmPZ5uEAAAAJ&cstart=120&citation_for_view=TmPZ5uEAAAAJ:tkaPQYYpVKoC",
        "citation_id": "TmPZ5uEAAAAJ:tkaPQYYpVKoC",
        "authors": "Y Han, M Beheshti, B Jones, TE Hudson, WH Seiple, JR Rizzo",
        "publication": "Assistive Technology 36 (1), 60-63, 2024",
        "year": "2024"
    },
    {
        "title": "Feasibility and Clinician Perspectives of the Visual Symptoms and Signs Screen: A Multisite Pilot Study",
        "link": "https://scholar.google.com/citations?view_op=view_citation&hl=en&user=TmPZ5uEAAAAJ&cstart=120&citation_for_view=TmPZ5uEAAAAJ:W5xh706n7nkC",
        "citation_id": "TmPZ5uEAAAAJ:W5xh706n7nkC",
        "authors": "PS Roberts, J Wertheimer, D Ouellette, K Hreha, K Watters, J Fielder, ...",
        "publication": "Topics in Geriatric Rehabilitation 40 (1), 69-76, 2024",
        "year": "2024"
    },
    {
        "title": "Understanding the impact of image quality and distance of objects to object detection performance",
        "link": "https://scholar.google.com/citations?view_op=view_citation&hl=en&user=TmPZ5uEAAAAJ&cstart=40&citation_for_view=TmPZ5uEAAAAJ:D_sINldO8mEC",
        "citation_id": "TmPZ5uEAAAAJ:D_sINldO8mEC",
        "authors": "Y Hao, H Pei, Y Lyu, Z Yuan, JR Rizzo, Y Wang, Y Fang",
        "publication": "2023 IEEE/RSJ International Conference on Intelligent Robots and Systems \u2026, 2023",
        "year": "2023"
    },
    {
        "title": "A virtual reality platform to simulate orientation and mobility training for the visually impaired",
        "link": "https://scholar.google.com/citations?view_op=view_citation&hl=en&user=TmPZ5uEAAAAJ&cstart=40&citation_for_view=TmPZ5uEAAAAJ:eJXPG6dFmWUC",
        "citation_id": "TmPZ5uEAAAAJ:eJXPG6dFmWUC",
        "authors": "FS Ricci, A Boldini, M Beheshti, JR Rizzo, M Porfiri",
        "publication": "Virtual Reality 27 (2), 797-814, 2023",
        "year": "2023"
    },
    {
        "title": "Art therapy as a comprehensive complementary treatment for Parkinson\u2019s disease",
        "link": "https://scholar.google.com/citations?view_op=view_citation&hl=en&user=TmPZ5uEAAAAJ&cstart=40&citation_for_view=TmPZ5uEAAAAJ:eMMeJKvmdy0C",
        "citation_id": "TmPZ5uEAAAAJ:eMMeJKvmdy0C",
        "authors": "T Ettinger, M Berberian, I Acosta, A Cucca, A Feigin, D Genovese, ...",
        "publication": "Frontiers in human neuroscience 17, 1110531, 2023",
        "year": "2023"
    },
    {
        "title": "The global crisis of visual impairment: an emerging global health priority requiring urgent action",
        "link": "https://scholar.google.com/citations?view_op=view_citation&hl=en&user=TmPZ5uEAAAAJ&cstart=40&citation_for_view=TmPZ5uEAAAAJ:_xSYboBqXhAC",
        "citation_id": "TmPZ5uEAAAAJ:_xSYboBqXhAC",
        "authors": "JR Rizzo, M Beheshti, TE Hudson, P Mongkolwat, W Riewpaiboon, ...",
        "publication": "Disability and Rehabilitation: Assistive Technology 18 (3), 240-245, 2023",
        "year": "2023"
    },
    {
        "title": "Virtual reality as a means to explore assistive technologies for the visually impaired",
        "link": "https://scholar.google.com/citations?view_op=view_citation&hl=en&user=TmPZ5uEAAAAJ&cstart=60&citation_for_view=TmPZ5uEAAAAJ:_B80troHkn4C",
        "citation_id": "TmPZ5uEAAAAJ:_B80troHkn4C",
        "authors": "FS Ricci, A Boldini, X Ma, M Beheshti, DR Geruschat, WH Seiple, ...",
        "publication": "PLOS Digital Health 2 (6), e0000275, 2023",
        "year": "2023"
    },
    {
        "title": "Efficient real-time localization in prior indoor maps using semantic SLAM",
        "link": "https://scholar.google.com/citations?view_op=view_citation&hl=en&user=TmPZ5uEAAAAJ&cstart=60&citation_for_view=TmPZ5uEAAAAJ:PELIpwtuRlgC",
        "citation_id": "TmPZ5uEAAAAJ:PELIpwtuRlgC",
        "authors": "RG Goswami, PV Amith, J Hari, A Dhaygude, P Krishnamurthy, J Rizzo, ...",
        "publication": "2023 9th International Conference on Automation, Robotics and Applications \u2026, 2023",
        "year": "2023"
    },
    {
        "title": "A Smart Service System for Spatial Intelligence and Onboard Navigation for Individuals with Visual Impairment (VIS4ION Thailand): study protocol of a randomized \u2026",
        "link": "https://scholar.google.com/citations?view_op=view_citation&hl=en&user=TmPZ5uEAAAAJ&cstart=60&citation_for_view=TmPZ5uEAAAAJ:kRWSkSYxWN8C",
        "citation_id": "TmPZ5uEAAAAJ:kRWSkSYxWN8C",
        "authors": "M Beheshti, T Naeimi, TE Hudson, C Feng, P Mongkolwat, ...",
        "publication": "Trials 24 (1), 169, 2023",
        "year": "2023"
    },
    {
        "title": "Disparities in breast cancer among patients with disabilities: care gaps, accessibility, and best practices",
        "link": "https://scholar.google.com/citations?view_op=view_citation&hl=en&user=TmPZ5uEAAAAJ&cstart=60&citation_for_view=TmPZ5uEAAAAJ:PR6Y55bgFSsC",
        "citation_id": "TmPZ5uEAAAAJ:PR6Y55bgFSsC",
        "authors": "G Keegan, JR Rizzo, KA Joseph",
        "publication": "JNCI: Journal of the National Cancer Institute 115 (10), 1139-1144, 2023",
        "year": "2023"
    },
    {
        "title": "Commute booster: a mobile application for first/last mile and middle mile navigation support for people with blindness and low vision",
        "link": "https://scholar.google.com/citations?view_op=view_citation&hl=en&user=TmPZ5uEAAAAJ&cstart=60&citation_for_view=TmPZ5uEAAAAJ:SdhP9T11ey4C",
        "citation_id": "TmPZ5uEAAAAJ:SdhP9T11ey4C",
        "authors": "J Feng, M Beheshti, M Philipson, Y Ramsaywack, M Porfiri, JR Rizzo",
        "publication": "IEEE Journal of Translational Engineering in Health and Medicine, 2023",
        "year": "2023"
    },
    {
        "title": "Training AI to Recognize Objects of Interest to the Blind and Low Vision Community",
        "link": "https://scholar.google.com/citations?view_op=view_citation&hl=en&user=TmPZ5uEAAAAJ&cstart=60&citation_for_view=TmPZ5uEAAAAJ:5awf1xo2G04C",
        "citation_id": "TmPZ5uEAAAAJ:5awf1xo2G04C",
        "authors": "T Sankarnarayanan, L Paciorkowski, K Parikh, G Hamilton-Fletcher, ...",
        "publication": "2023 45th Annual International Conference of the IEEE Engineering in \u2026, 2023",
        "year": "2023"
    },
    {
        "title": "Enhanced cognitive interference during visuomotor tasks may cause eye\u2013hand dyscoordination",
        "link": "https://scholar.google.com/citations?view_op=view_citation&hl=en&user=TmPZ5uEAAAAJ&cstart=60&citation_for_view=TmPZ5uEAAAAJ:sSrBHYA8nusC",
        "citation_id": "TmPZ5uEAAAAJ:sSrBHYA8nusC",
        "authors": "T Singh, JR Rizzo, C Bonnet, JA Semrau, TM Herter",
        "publication": "Experimental brain research 241 (2), 547-558, 2023",
        "year": "2023"
    },
    {
        "title": "VisPercep: A Vision-Language Approach to Enhance Visual Perception for People with Blindness and Low Vision",
        "link": "https://scholar.google.com/citations?view_op=view_citation&hl=en&user=TmPZ5uEAAAAJ&cstart=80&citation_for_view=TmPZ5uEAAAAJ:1yQoGdGgb4wC",
        "citation_id": "TmPZ5uEAAAAJ:1yQoGdGgb4wC",
        "authors": "Y Hao, F Yang, H Huang, S Yuan, S Rangan, JR Rizzo, Y Wang, Y Fang",
        "publication": "arXiv preprint arXiv:2310.20225, 2023",
        "year": "2023"
    },
    {
        "title": "Distillation Improves Visual Place Recognition for Low-Quality Queries",
        "link": "https://scholar.google.com/citations?view_op=view_citation&hl=en&user=TmPZ5uEAAAAJ&cstart=80&citation_for_view=TmPZ5uEAAAAJ:ye4kPcJQO24C",
        "citation_id": "TmPZ5uEAAAAJ:ye4kPcJQO24C",
        "authors": "A Yang, Y Wang, JR Rizzo, C Feng",
        "publication": "arXiv preprint arXiv:2310.06906, 2023",
        "year": "2023"
    },
    {
        "title": "Macro-fiber composite-based tactors for haptic applications",
        "link": "https://scholar.google.com/citations?view_op=view_citation&hl=en&user=TmPZ5uEAAAAJ&cstart=80&citation_for_view=TmPZ5uEAAAAJ:LjlpjdlvIbIC",
        "citation_id": "TmPZ5uEAAAAJ:LjlpjdlvIbIC",
        "authors": "A Boldini, JR Rizzo, M Porfiri",
        "publication": "IEEE Transactions on Haptics, 2023",
        "year": "2023"
    },
    {
        "title": "Methodological Issues Relevant to Blinding in Physical Medicine and Rehabilitation Research",
        "link": "https://scholar.google.com/citations?view_op=view_citation&hl=en&user=TmPZ5uEAAAAJ&cstart=80&citation_for_view=TmPZ5uEAAAAJ:Mojj43d5GZwC",
        "citation_id": "TmPZ5uEAAAAJ:Mojj43d5GZwC",
        "authors": "TM Annaswamy, K Cunniff, JR Rizzo, T Naeimi, D Kumbhare, M Batavia",
        "publication": "American Journal of Physical Medicine & Rehabilitation 102 (7), 636-644, 2023",
        "year": "2023"
    },
    {
        "title": "What Happens When Pneu-Net Soft Robotic Actuators Get Fatigued?",
        "link": "https://scholar.google.com/citations?view_op=view_citation&hl=en&user=TmPZ5uEAAAAJ&cstart=100&citation_for_view=TmPZ5uEAAAAJ:9vf0nzSNQJEC",
        "citation_id": "TmPZ5uEAAAAJ:9vf0nzSNQJEC",
        "authors": "J Libby, AA Somwanshi, F Stancati, G Tyagi, A Patel, N Bhatt, JR Rizzo, ...",
        "publication": "2023 International Symposium on Medical Robotics (ISMR), 1-6, 2023",
        "year": "2023"
    },
    {
        "title": "Implementing Remote Patient Monitoring of Physical Activity in Clinical Practice",
        "link": "https://scholar.google.com/citations?view_op=view_citation&hl=en&user=TmPZ5uEAAAAJ&cstart=120&citation_for_view=TmPZ5uEAAAAJ:_Ybze24A_UAC",
        "citation_id": "TmPZ5uEAAAAJ:_Ybze24A_UAC",
        "authors": "M McCarthy, D Jevotovsky, D Mann, A Veerubhotla, E Muise, J Whiteson, ...",
        "publication": "Rehabilitation Nursing Journal 48 (6), 209-215, 2023",
        "year": "2023"
    },
    {
        "title": "Exploring Roundabout Navigation Training with 3D-Printed Tactile Maps",
        "link": "https://scholar.google.com/citations?view_op=view_citation&hl=en&user=TmPZ5uEAAAAJ&cstart=120&citation_for_view=TmPZ5uEAAAAJ:VL0QpB8kHFEC",
        "citation_id": "TmPZ5uEAAAAJ:VL0QpB8kHFEC",
        "authors": "G Seth, V Zhong, L Franck, A Perr, JR Rizzo, A Hurst",
        "publication": "Proceedings of the 25th International ACM SIGACCESS Conference on Computers \u2026, 2023",
        "year": "2023"
    },
    {
        "title": "A multiplayer virtual reality platform to evaluate electronic travel aid performance for persons with blindness and low vision",
        "link": "https://scholar.google.com/citations?view_op=view_citation&hl=en&user=TmPZ5uEAAAAJ&cstart=120&citation_for_view=TmPZ5uEAAAAJ:Y5dfb0dijaUC",
        "citation_id": "TmPZ5uEAAAAJ:Y5dfb0dijaUC",
        "authors": "FS Ricci, A Boldini, JR Rizzo, M Porfiri",
        "publication": "Nano-, Bio-, Info-Tech Sensors, and Wearable Systems 2023 12485, 11-17, 2023",
        "year": "2023"
    },
    {
        "title": "\u2018Are they doing better in the clinic or at home?\u2019: understanding clinicians\u2019 needs when visualizing wearable sensor data used in remote gait assessments for people with \u2026",
        "link": "https://scholar.google.com/citations?view_op=view_citation&hl=en&user=TmPZ5uEAAAAJ&cstart=20&citation_for_view=TmPZ5uEAAAAJ:vRqMK49ujn8C",
        "citation_id": "TmPZ5uEAAAAJ:vRqMK49ujn8C",
        "authors": "A Seals, G Pilloni, J Kim, R Sanchez, JR Rizzo, L Charvet, O Nov, G Dove",
        "publication": "Proceedings of the 2022 CHI Conference on Human Factors in Computing Systems \u2026, 2022",
        "year": "2022"
    },
    {
        "title": "Network-aware 5G edge computing for object detection: Augmenting wearables to \u201csee\u201d more, farther and faster",
        "link": "https://scholar.google.com/citations?view_op=view_citation&hl=en&user=TmPZ5uEAAAAJ&cstart=40&citation_for_view=TmPZ5uEAAAAJ:738O_yMBCRsC",
        "citation_id": "TmPZ5uEAAAAJ:738O_yMBCRsC",
        "authors": "Z Yuan, T Azzino, Y Hao, Y Lyu, H Pei, A Boldini, M Mezzavilla, ...",
        "publication": "IEEE Access 10, 29612-29632, 2022",
        "year": "2022"
    },
    {
        "title": "Real-time loosely coupled 3DMA GNSS/Doppler measurements integration using a graph optimization and its performance assessments in urban canyons of New York",
        "link": "https://scholar.google.com/citations?view_op=view_citation&hl=en&user=TmPZ5uEAAAAJ&cstart=40&citation_for_view=TmPZ5uEAAAAJ:fQNAKQ3IYiAC",
        "citation_id": "TmPZ5uEAAAAJ:fQNAKQ3IYiAC",
        "authors": "HF Ng, LT Hsu, MJL Lee, J Feng, T Naeimi, M Beheshti, JR Rizzo",
        "publication": "Sensors 22 (17), 6533, 2022",
        "year": "2022"
    },
    {
        "title": "The MICK (Mobile integrated cognitive kit) app: Digital rapid automatized naming for visual assessment across the spectrum of neurological disorders",
        "link": "https://scholar.google.com/citations?view_op=view_citation&hl=en&user=TmPZ5uEAAAAJ&cstart=40&citation_for_view=TmPZ5uEAAAAJ:l7t_Zn2s7bgC",
        "citation_id": "TmPZ5uEAAAAJ:l7t_Zn2s7bgC",
        "authors": "G Park, MJ Balcer, JR Colcombe, L Hasanaj, B Joseph, R Kenney, ...",
        "publication": "Journal of the Neurological Sciences 434, 120150, 2022",
        "year": "2022"
    },
    {
        "title": "Detect and approach: Close-range navigation support for people with blindness and low vision",
        "link": "https://scholar.google.com/citations?view_op=view_citation&hl=en&user=TmPZ5uEAAAAJ&cstart=40&citation_for_view=TmPZ5uEAAAAJ:VOx2b1Wkg3QC",
        "citation_id": "TmPZ5uEAAAAJ:VOx2b1Wkg3QC",
        "authors": "Y Hao, J Feng, JR Rizzo, Y Wang, Y Fang",
        "publication": "European Conference on Computer Vision, 607-622, 2022",
        "year": "2022"
    },
    {
        "title": "Deep augmentation for electrode shift compensation in transient high-density sEMG: towards application in neurorobotics",
        "link": "https://scholar.google.com/citations?view_op=view_citation&hl=en&user=TmPZ5uEAAAAJ&cstart=40&citation_for_view=TmPZ5uEAAAAJ:t6usbXjVLHcC",
        "citation_id": "TmPZ5uEAAAAJ:t6usbXjVLHcC",
        "authors": "T Sun, J Libby, JR Rizzo, SF Atashzar",
        "publication": "2022 IEEE/RSJ International Conference on Intelligent Robots and Systems \u2026, 2022",
        "year": "2022"
    },
    {
        "title": "UNav: An infrastructure-independent vision-based navigation system for people with blindness and low vision",
        "link": "https://scholar.google.com/citations?view_op=view_citation&hl=en&user=TmPZ5uEAAAAJ&cstart=60&citation_for_view=TmPZ5uEAAAAJ:BrmTIyaxlBUC",
        "citation_id": "TmPZ5uEAAAAJ:BrmTIyaxlBUC",
        "authors": "A Yang, M Beheshti, TE Hudson, R Vedanthan, W Riewpaiboon, ...",
        "publication": "Sensors 22 (22), 8894, 2022",
        "year": "2022"
    },
    {
        "title": "Let\u2019s Write a manuscript: a primer with tips and tricks for penning an original article",
        "link": "https://scholar.google.com/citations?view_op=view_citation&hl=en&user=TmPZ5uEAAAAJ&cstart=60&citation_for_view=TmPZ5uEAAAAJ:SP6oXDckpogC",
        "citation_id": "TmPZ5uEAAAAJ:SP6oXDckpogC",
        "authors": "L \u00d6z\u00e7akar, JR Rizzo, F Franchignoni, S Negrini, WR Frontera",
        "publication": "American journal of physical medicine & rehabilitation 101 (7), 698-701, 2022",
        "year": "2022"
    },
    {
        "title": "Learning to use electronic travel aids for visually impaired in virtual reality",
        "link": "https://scholar.google.com/citations?view_op=view_citation&hl=en&user=TmPZ5uEAAAAJ&cstart=60&citation_for_view=TmPZ5uEAAAAJ:08ZZubdj9fEC",
        "citation_id": "TmPZ5uEAAAAJ:08ZZubdj9fEC",
        "authors": "FS Ricci, A Boldini, JR Rizzo, M Porfiri",
        "publication": "Nano-, Bio-, Info-Tech Sensors, and Wearable Systems 2022 12045, 9-15, 2022",
        "year": "2022"
    },
    {
        "title": "Evidence-Based Medicine Training in United States\u2013Based Physiatry Residency Programs",
        "link": "https://scholar.google.com/citations?view_op=view_citation&hl=en&user=TmPZ5uEAAAAJ&cstart=60&citation_for_view=TmPZ5uEAAAAJ:dshw04ExmUIC",
        "citation_id": "TmPZ5uEAAAAJ:dshw04ExmUIC",
        "authors": "TM Annaswamy, JR Rizzo, A Schnappinger, DC Morgenroth, ...",
        "publication": "American journal of physical medicine & rehabilitation 101 (7), S40-S44, 2022",
        "year": "2022"
    },
    {
        "title": "MICK (Mobile Integrated Cognitive Kit) app: Feasibility of an accessible tablet-based rapid picture and number naming task for concussion assessment in a division 1 college \u2026",
        "link": "https://scholar.google.com/citations?view_op=view_citation&hl=en&user=TmPZ5uEAAAAJ&cstart=80&citation_for_view=TmPZ5uEAAAAJ:q3oQSFYPqjQC",
        "citation_id": "TmPZ5uEAAAAJ:q3oQSFYPqjQC",
        "authors": "CA Bell, L Rice, MJ Balcer, R Pearson, B Penning, A Alexander, ...",
        "publication": "Journal of the neurological sciences 442, 120445, 2022",
        "year": "2022"
    },
    {
        "title": "Wearables to Command More Access and Inclusion in a Smarter Transportation System",
        "link": "https://scholar.google.com/citations?view_op=view_citation&hl=en&user=TmPZ5uEAAAAJ&cstart=80&citation_for_view=TmPZ5uEAAAAJ:HE397vMXCloC",
        "citation_id": "TmPZ5uEAAAAJ:HE397vMXCloC",
        "authors": "JR Rizzo, C Feng, R Wang, D Sheng",
        "publication": "Connected Cities for Smart Mobility toward Accessible and Resilient \u2026, 2022",
        "year": "2022"
    },
    {
        "title": "Rapid automatized picture naming in an outpatient concussion center: quantitative eye movements during the Mobile Universal Lexicon Evaluation System (MULES) Test",
        "link": "https://scholar.google.com/citations?view_op=view_citation&hl=en&user=TmPZ5uEAAAAJ&cstart=80&citation_for_view=TmPZ5uEAAAAJ:LPZeul_q3PIC",
        "citation_id": "TmPZ5uEAAAAJ:LPZeul_q3PIC",
        "authors": "TE Hudson, J Conway, JR Rizzo, J Martone, LT Chou, LJ Balcer, ...",
        "publication": "Clinical and Translational Neuroscience 6 (3), 18, 2022",
        "year": "2022"
    },
    {
        "title": "A multi-site feasibility and validation study of visual signs and symptoms screen (V-SASS)",
        "link": "https://scholar.google.com/citations?view_op=view_citation&hl=en&user=TmPZ5uEAAAAJ&cstart=100&citation_for_view=TmPZ5uEAAAAJ:J-pR_7NvFogC",
        "citation_id": "TmPZ5uEAAAAJ:J-pR_7NvFogC",
        "authors": "J Wertheimer, P Roberts, K Hreha, D Oullette, J Fielder, MJ Graf, ...",
        "publication": "Archives of Physical Medicine and Rehabilitation 103 (12), e120, 2022",
        "year": "2022"
    },
    {
        "title": "Accuracy of clinical versus oculographic detection of pathological saccadic slowing",
        "link": "https://scholar.google.com/citations?view_op=view_citation&hl=en&user=TmPZ5uEAAAAJ&cstart=100&citation_for_view=TmPZ5uEAAAAJ:eflP2zaiRacC",
        "citation_id": "TmPZ5uEAAAAJ:eflP2zaiRacC",
        "authors": "SN Grossman, R Calix, T Hudson, JR Rizzo, I Selesnick, S Frucht, ...",
        "publication": "Journal of the Neurological Sciences 442, 120436, 2022",
        "year": "2022"
    },
    {
        "title": "Digital Technologies in Orientation and Mobility Instruction for People Who are Blind or Have Low Vision",
        "link": "https://scholar.google.com/citations?view_op=view_citation&hl=en&user=TmPZ5uEAAAAJ&cstart=100&citation_for_view=TmPZ5uEAAAAJ:V3AGJWp-ZtQC",
        "citation_id": "TmPZ5uEAAAAJ:V3AGJWp-ZtQC",
        "authors": "G Dove, A Fernando, K Hertz, J Kim, JR Rizzo, WH Seiple, O Nov",
        "publication": "Proceedings of the ACM on Human-Computer Interaction 6 (CSCW2), 1-25, 2022",
        "year": "2022"
    },
    {
        "title": "Building Innovation Capacity and Acumen: Re-thinking How to Converge Engineering and Clinical Medicine",
        "link": "https://scholar.google.com/citations?view_op=view_citation&hl=en&user=TmPZ5uEAAAAJ&cstart=120&citation_for_view=TmPZ5uEAAAAJ:XiVPGOgt02cC",
        "citation_id": "TmPZ5uEAAAAJ:XiVPGOgt02cC",
        "authors": "C Nunziata, M Beheshti, R Branski, S Kuyan, K Becker, JR Rizzo",
        "publication": "Technology & Innovation 22 (3), 375-383, 2022",
        "year": "2022"
    },
    {
        "title": "The Utopia of Disability Inclusion in the Rehabilitation Sciences: An Insider's Perspective",
        "link": "https://scholar.google.com/citations?view_op=view_citation&hl=en&user=TmPZ5uEAAAAJ&cstart=120&citation_for_view=TmPZ5uEAAAAJ:wbdj-CoPYUoC",
        "citation_id": "TmPZ5uEAAAAJ:wbdj-CoPYUoC",
        "authors": "S Kim, JR Rizzo, AJ Forber-Pratt, C Capo-Lugo, PC Heyn",
        "publication": "Journal of Allied Health 51 (4), 285-291, 2022",
        "year": "2022"
    },
    {
        "title": "Rapid Picture and Number Naming App for Concussion Assessment in a Division 1 Football Cohort",
        "link": "https://scholar.google.com/citations?view_op=view_citation&hl=en&user=TmPZ5uEAAAAJ&cstart=120&citation_for_view=TmPZ5uEAAAAJ:1qzjygNMrQYC",
        "citation_id": "TmPZ5uEAAAAJ:1qzjygNMrQYC",
        "authors": "SN Grossman, L Rice, G Park, JR Rizzo, T Hudson, M Balcer, R Pearson, ...",
        "publication": "ANNALS OF NEUROLOGY 92, S215-S216, 2022",
        "year": "2022"
    },
    {
        "title": "Mobile Integrated Cognitive Kit (MICK): A Digitized Visual Rapid Automatized Naming (RAN) Task for Concussion on the Sidelines (P15-12.003)",
        "link": "https://scholar.google.com/citations?view_op=view_citation&hl=en&user=TmPZ5uEAAAAJ&cstart=120&citation_for_view=TmPZ5uEAAAAJ:8AbLer7MMksC",
        "citation_id": "TmPZ5uEAAAAJ:8AbLer7MMksC",
        "authors": "S Grossman, G Park, L Hasanaj, M Balcer, T Hudson, JR Rizzo, J Rucker, ...",
        "publication": "Neurology 98 (18_supplement), 2256, 2022",
        "year": "2022"
    },
    {
        "title": "Eye movement abnormalities in patients with Parkinson\u2019s disease (PD) and heterozygous GBA variants versus non-carrier PD (P8-11.007)",
        "link": "https://scholar.google.com/citations?view_op=view_citation&hl=en&user=TmPZ5uEAAAAJ&cstart=120&citation_for_view=TmPZ5uEAAAAJ:geHnlv5EZngC",
        "citation_id": "TmPZ5uEAAAAJ:geHnlv5EZngC",
        "authors": "H Conn, G Riboldi, T Hudson, JR Rizzo, J Martone, K Astudillo, J Rucker",
        "publication": "Neurology 98 (18_supplement), 1268, 2022",
        "year": "2022"
    },
    {
        "title": "Visual dysfunction in survivors of COVID-19: Case series",
        "link": "https://scholar.google.com/citations?view_op=view_citation&hl=en&user=TmPZ5uEAAAAJ&cstart=120&citation_for_view=TmPZ5uEAAAAJ:tOudhMTPpwUC",
        "citation_id": "TmPZ5uEAAAAJ:tOudhMTPpwUC",
        "authors": "J Perea, MJ Graf, JR Rizzo",
        "publication": "Archives of Physical Medicine and Rehabilitation 103 (3), e8, 2022",
        "year": "2022"
    },
    {
        "title": "JOURNAL OF ALLIED HEALTH",
        "link": "https://scholar.google.com/citations?view_op=view_citation&hl=en&user=TmPZ5uEAAAAJ&cstart=120&citation_for_view=TmPZ5uEAAAAJ:bnK-pcrLprsC",
        "citation_id": "TmPZ5uEAAAAJ:bnK-pcrLprsC",
        "authors": "TW Elwood, A Ortiz, CE Capo-Lugo, JV Brown, JZ Gonz\u00e1lez, ...",
        "publication": null,
        "year": "2022"
    },
    {
        "title": "Research Posters III",
        "link": "https://scholar.google.com/citations?view_op=view_citation&hl=en&user=TmPZ5uEAAAAJ&cstart=120&citation_for_view=TmPZ5uEAAAAJ:5ugPr518TE4C",
        "citation_id": "TmPZ5uEAAAAJ:5ugPr518TE4C",
        "authors": "J Wertheimer, P Roberts, K Hreha, D Oullette, J Fielder, MJ Graf, ...",
        "publication": "Archives of Physical Medicine and Rehabilitation 103, e120-e45, 2022",
        "year": "2022"
    },
    {
        "title": "Art therapy for Parkinson's disease",
        "link": "https://scholar.google.com/citations?view_op=view_citation&hl=en&user=TmPZ5uEAAAAJ&citation_for_view=TmPZ5uEAAAAJ:xtRiw3GOFMkC",
        "citation_id": "TmPZ5uEAAAAJ:xtRiw3GOFMkC",
        "authors": "A Cucca, A Di Rocco, I Acosta, M Beheshti, M Berberian, HC Bertisch, ...",
        "publication": "Parkinsonism & Related Disorders 84, 148-154, 2021",
        "year": "2021"
    },
    {
        "title": "COVID-19 and visual disability: Can\u2019t look and now don\u2019t touch",
        "link": "https://scholar.google.com/citations?view_op=view_citation&hl=en&user=TmPZ5uEAAAAJ&cstart=20&citation_for_view=TmPZ5uEAAAAJ:b0M2c_1WBrUC",
        "citation_id": "TmPZ5uEAAAAJ:b0M2c_1WBrUC",
        "authors": "JR Rizzo, M Beheshti, Y Fang, S Flanagan, NA Giudice",
        "publication": "PM&R 13 (4), 2021",
        "year": "2021"
    },
    {
        "title": "An inconspicuous, integrated electronic travel aid for visual impairment",
        "link": "https://scholar.google.com/citations?view_op=view_citation&hl=en&user=TmPZ5uEAAAAJ&cstart=20&citation_for_view=TmPZ5uEAAAAJ:1sJd4Hv_s6UC",
        "citation_id": "TmPZ5uEAAAAJ:1sJd4Hv_s6UC",
        "authors": "A Boldini, AL Garcia, M Sorrentino, M Beheshti, O Ogedegbe, Y Fang, ...",
        "publication": "ASME Letters in Dynamic Systems and Control 1 (4), 041004, 2021",
        "year": "2021"
    },
    {
        "title": "How sandbag-able are concussion sideline assessments? A close look at eye movements to uncover strategies",
        "link": "https://scholar.google.com/citations?view_op=view_citation&hl=en&user=TmPZ5uEAAAAJ&cstart=20&citation_for_view=TmPZ5uEAAAAJ:CHSYGLWDkRkC",
        "citation_id": "TmPZ5uEAAAAJ:CHSYGLWDkRkC",
        "authors": "JR Rizzo, TE Hudson, J Martone, W Dai, O Ihionu, Y Chaudhry, ...",
        "publication": "Brain injury 35 (4), 426-435, 2021",
        "year": "2021"
    },
    {
        "title": "NYU-VPR: Long-term visual place recognition benchmark with view direction and data anonymization influences",
        "link": "https://scholar.google.com/citations?view_op=view_citation&hl=en&user=TmPZ5uEAAAAJ&cstart=40&citation_for_view=TmPZ5uEAAAAJ:XiSMed-E-HIC",
        "citation_id": "TmPZ5uEAAAAJ:XiSMed-E-HIC",
        "authors": "D Sheng, Y Chai, X Li, C Feng, J Lin, C Silva, JR Rizzo",
        "publication": "2021 IEEE/RSJ International Conference on Intelligent Robots and Systems \u2026, 2021",
        "year": "2021"
    },
    {
        "title": "The transformation of patient-clinician relationships with ai-based medical advice",
        "link": "https://scholar.google.com/citations?view_op=view_citation&hl=en&user=TmPZ5uEAAAAJ&cstart=60&citation_for_view=TmPZ5uEAAAAJ:P5F9QuxV20EC",
        "citation_id": "TmPZ5uEAAAAJ:P5F9QuxV20EC",
        "authors": "O Nov, Y Aphinyanaphongs, YW Lui, D Mann, M Porfiri, M Riedl, JR Rizzo, ...",
        "publication": "Communications of the ACM 64 (3), 46-48, 2021",
        "year": "2021"
    },
    {
        "title": "King-Devick test performance and cognitive dysfunction after concussion: a pilot eye movement study",
        "link": "https://scholar.google.com/citations?view_op=view_citation&hl=en&user=TmPZ5uEAAAAJ&cstart=60&citation_for_view=TmPZ5uEAAAAJ:Tiz5es2fbqcC",
        "citation_id": "TmPZ5uEAAAAJ:Tiz5es2fbqcC",
        "authors": "DM Gold, JR Rizzo, YSC Lee, A Childs, TE Hudson, J Martone, ...",
        "publication": "Brain sciences 11 (12), 1571, 2021",
        "year": "2021"
    },
    {
        "title": "A virtual reality interface to test wearable electronic travel aids for the visually impaired",
        "link": "https://scholar.google.com/citations?view_op=view_citation&hl=en&user=TmPZ5uEAAAAJ&cstart=60&citation_for_view=TmPZ5uEAAAAJ:nb7KW1ujOQ8C",
        "citation_id": "TmPZ5uEAAAAJ:nb7KW1ujOQ8C",
        "authors": "A Boldini, X Ma, JR Rizzo, M Porfiri",
        "publication": "Nano-, Bio-, Info-Tech Sensors and Wearable Systems 11590, 50-56, 2021",
        "year": "2021"
    },
    {
        "title": "Detection of normal and slow saccades using implicit piecewise polynomial approximation",
        "link": "https://scholar.google.com/citations?view_op=view_citation&hl=en&user=TmPZ5uEAAAAJ&cstart=60&citation_for_view=TmPZ5uEAAAAJ:UxriW0iASnsC",
        "citation_id": "TmPZ5uEAAAAJ:UxriW0iASnsC",
        "authors": "W Dai, I Selesnick, JR Rizzo, J Rucker, T Hudson",
        "publication": "Journal of vision 21 (6), 8-8, 2021",
        "year": "2021"
    },
    {
        "title": "Dysfunctional mode switching between fixation and saccades: collaborative insights into two unusual clinical disorders",
        "link": "https://scholar.google.com/citations?view_op=view_citation&hl=en&user=TmPZ5uEAAAAJ&cstart=100&citation_for_view=TmPZ5uEAAAAJ:KxtntwgDAa4C",
        "citation_id": "TmPZ5uEAAAAJ:KxtntwgDAa4C",
        "authors": "JC Rucker, JR Rizzo, TE Hudson, AKE Horn, JA Buettner-Ennever, ...",
        "publication": "Journal of Computational Neuroscience 49, 283-293, 2021",
        "year": "2021"
    },
    {
        "title": "Rapid Yet Thorough Bedside Assessment of Eye-Hand Coordination",
        "link": "https://scholar.google.com/citations?view_op=view_citation&hl=en&user=TmPZ5uEAAAAJ&cstart=100&citation_for_view=TmPZ5uEAAAAJ:bFI3QPDXJZMC",
        "citation_id": "TmPZ5uEAAAAJ:bFI3QPDXJZMC",
        "authors": "JR Rizzo, M Beheshti, S Magasi, HB Coslett, P Amorapanth",
        "publication": "Archives of Physical Medicine and Rehabilitation 102 (3), 563-567, 2021",
        "year": "2021"
    },
    {
        "title": "Enhancement of visuospatial function underlies motor improvement following art therapy in PD",
        "link": "https://scholar.google.com/citations?view_op=view_citation&hl=en&user=TmPZ5uEAAAAJ&cstart=120&citation_for_view=TmPZ5uEAAAAJ:u9iWguZQMMsC",
        "citation_id": "TmPZ5uEAAAAJ:u9iWguZQMMsC",
        "authors": "A Cucca, A Di Rocco, I Acosta, M Berberian, H Bertish, M Inglese, ...",
        "publication": "MOVEMENT DISORDERS 36, S483-S483, 2021",
        "year": "2021"
    },
    {
        "title": "Art Therapy for Parkinson's disease: preliminary findings from the ExplorARTPD Study",
        "link": "https://scholar.google.com/citations?view_op=view_citation&hl=en&user=TmPZ5uEAAAAJ&cstart=120&citation_for_view=TmPZ5uEAAAAJ:OU6Ihb5iCvQC",
        "citation_id": "TmPZ5uEAAAAJ:OU6Ihb5iCvQC",
        "authors": "A Cucca, A Di Rocco, I Acosta, M Berberian, H Bertish, M Inglese, ...",
        "publication": "EUROPEAN JOURNAL OF NEUROLOGY 28, 278-278, 2021",
        "year": "2021"
    },
    {
        "title": "A Model for Vision Rehabilitation and the Role of the Physiatrist on the Interdisciplinary Team",
        "link": "https://scholar.google.com/citations?view_op=view_citation&hl=en&user=TmPZ5uEAAAAJ&cstart=140&citation_for_view=TmPZ5uEAAAAJ:yD5IFk8b50cC",
        "citation_id": "TmPZ5uEAAAAJ:yD5IFk8b50cC",
        "authors": "K Hreha, K Weden, J Perea, P Roberts, JR Rizzo",
        "publication": "American journal of physical medicine & rehabilitation 100 (6), e80-e81, 2021",
        "year": "2021"
    },
    {
        "title": "Appreciation to Reviewers in 2020",
        "link": "https://scholar.google.com/citations?view_op=view_citation&hl=en&user=TmPZ5uEAAAAJ&cstart=140&citation_for_view=TmPZ5uEAAAAJ:JQOojiI6XY0C",
        "citation_id": "TmPZ5uEAAAAJ:JQOojiI6XY0C",
        "authors": "D Adam, D Anderson, R Assi, MMSSC Body, FMA Borger, O Bouchot, ...",
        "publication": null,
        "year": "2021"
    },
    {
        "title": "Looking \u201cCherry Red Spot Myoclonus\u201d in the Eyes: Clinical Phenotype, Treatment Response, and Eye Movements in Sialidosis Type 1",
        "link": "https://scholar.google.com/citations?view_op=view_citation&hl=en&user=TmPZ5uEAAAAJ&cstart=140&citation_for_view=TmPZ5uEAAAAJ:WbkHhVStYXYC",
        "citation_id": "TmPZ5uEAAAAJ:WbkHhVStYXYC",
        "authors": "GM Riboldi, J Martone, JR Rizzo, TE Hudson, JC Rucker, SJ Frucht",
        "publication": "Tremor and Other Hyperkinetic Movements 11, 2021",
        "year": "2021"
    },
    {
        "title": "Cross-Safe: A computer vision-based approach to make all intersection-related pedestrian signals accessible for the visually impaired",
        "link": "https://scholar.google.com/citations?view_op=view_citation&hl=en&user=TmPZ5uEAAAAJ&citation_for_view=TmPZ5uEAAAAJ:RYcK_YlVTxYC",
        "citation_id": "TmPZ5uEAAAAJ:RYcK_YlVTxYC",
        "authors": "X Li, H Cui, JR Rizzo, E Wong, Y Fang",
        "publication": "Advances in Computer Vision: Proceedings of the 2019 Computer Vision \u2026, 2020",
        "year": "2020"
    },
    {
        "title": "Somatosensory feedback wearable object",
        "link": "https://scholar.google.com/citations?view_op=view_citation&hl=en&user=TmPZ5uEAAAAJ&citation_for_view=TmPZ5uEAAAAJ:B3FOqHPlNUQC",
        "citation_id": "TmPZ5uEAAAAJ:B3FOqHPlNUQC",
        "authors": "JR Rizzo",
        "publication": "US Patent 10,537,490, 2020",
        "year": "2020"
    },
    {
        "title": "A piezoelectric-based advanced wearable: obstacle avoidance for the visually impaired built into a backpack",
        "link": "https://scholar.google.com/citations?view_op=view_citation&hl=en&user=TmPZ5uEAAAAJ&cstart=20&citation_for_view=TmPZ5uEAAAAJ:rO6llkc54NcC",
        "citation_id": "TmPZ5uEAAAAJ:rO6llkc54NcC",
        "authors": "A Boldini, JR Rizzo, M Porfiri",
        "publication": "Nano-, Bio-, Info-Tech Sensors, and 3D Systems IV 11378, 1137806, 2020",
        "year": "2020"
    },
    {
        "title": "The complexity of eye-hand coordination: a perspective on cortico-cerebellar cooperation",
        "link": "https://scholar.google.com/citations?view_op=view_citation&hl=en&user=TmPZ5uEAAAAJ&cstart=40&citation_for_view=TmPZ5uEAAAAJ:f2IySw72cVMC",
        "citation_id": "TmPZ5uEAAAAJ:f2IySw72cVMC",
        "authors": "JR Rizzo, M Beheshti, T Naeimi, F Feiz, G Fatterpekar, LJ Balcer, ...",
        "publication": "Cerebellum & Ataxias 7, 1-9, 2020",
        "year": "2020"
    },
    {
        "title": "The SUN test of vision: Investigation in healthy volunteers and comparison to the mobile universal lexicon evaluation system (MULES)",
        "link": "https://scholar.google.com/citations?view_op=view_citation&hl=en&user=TmPZ5uEAAAAJ&cstart=40&citation_for_view=TmPZ5uEAAAAJ:4OULZ7Gr8RgC",
        "citation_id": "TmPZ5uEAAAAJ:4OULZ7Gr8RgC",
        "authors": "N Dahan, N Moehringer, L Hasanaj, L Serrano, B Joseph, S Wu, ...",
        "publication": "Journal of the Neurological Sciences 415, 116953, 2020",
        "year": "2020"
    },
    {
        "title": "Rapid picture naming in Parkinson's disease using the Mobile Universal Lexicon Evaluation System (MULES)",
        "link": "https://scholar.google.com/citations?view_op=view_citation&hl=en&user=TmPZ5uEAAAAJ&cstart=40&citation_for_view=TmPZ5uEAAAAJ:SeFeTyx0c_EC",
        "citation_id": "TmPZ5uEAAAAJ:SeFeTyx0c_EC",
        "authors": "J Conway, M Ilardi, C Gonzalez, N Dahan, S Fallon, N Moehringer, ...",
        "publication": "Journal of the Neurological Sciences 410, 116680, 2020",
        "year": "2020"
    },
    {
        "title": "Active crowd analysis for pandemic risk mitigation for blind or visually impaired persons",
        "link": "https://scholar.google.com/citations?view_op=view_citation&hl=en&user=TmPZ5uEAAAAJ&cstart=60&citation_for_view=TmPZ5uEAAAAJ:NhqRSupF_l8C",
        "citation_id": "TmPZ5uEAAAAJ:NhqRSupF_l8C",
        "authors": "S Shrestha, D Lu, H Tian, Q Cao, J Liu, JR Rizzo, WH Seiple, M Porfiri, ...",
        "publication": "Computer Vision\u2013ECCV 2020 Workshops: Glasgow, UK, August 23\u201328, 2020 \u2026, 2020",
        "year": "2020"
    },
    {
        "title": "What\u2019s the Deal With Eye-Hand Coordination Post-stroke?",
        "link": "https://scholar.google.com/citations?view_op=view_citation&hl=en&user=TmPZ5uEAAAAJ&cstart=60&citation_for_view=TmPZ5uEAAAAJ:dfsIfKJdRG4C",
        "citation_id": "TmPZ5uEAAAAJ:dfsIfKJdRG4C",
        "authors": "M Beheshti, TE Hudson, JR Rizzo",
        "publication": "American Journal of Physical Medicine & Rehabilitation 99 (10), 968-969, 2020",
        "year": "2020"
    },
    {
        "title": "A low-vision navigation platform for economies in transition countries",
        "link": "https://scholar.google.com/citations?view_op=view_citation&hl=en&user=TmPZ5uEAAAAJ&cstart=80&citation_for_view=TmPZ5uEAAAAJ:EUQCXRtRnyEC",
        "citation_id": "TmPZ5uEAAAAJ:EUQCXRtRnyEC",
        "authors": "JR Rizzo, C Feng, W Riewpaiboon, P Mongkolwat",
        "publication": "2020 IEEE World Congress on Services (SERVICES), 1-3, 2020",
        "year": "2020"
    },
    {
        "title": "Concerning Vision Therapy and Ocular Motor Training in Mild Traumatic Brain Injury",
        "link": "https://scholar.google.com/citations?view_op=view_citation&hl=en&user=TmPZ5uEAAAAJ&cstart=100&citation_for_view=TmPZ5uEAAAAJ:D03iK_w7-QYC",
        "citation_id": "TmPZ5uEAAAAJ:D03iK_w7-QYC",
        "authors": "JC Rucker, JR Rizzo, TE Hudson, LJ Balcer, SL Galetta",
        "publication": "Annals of neurology 88 (5), 1053-1054, 2020",
        "year": "2020"
    },
    {
        "title": "The Transformation of Patient-Clinician Relationships With AI-Based Medical Advice: A\" Bring Your Own Algorithm\" Era in Healthcare",
        "link": "https://scholar.google.com/citations?view_op=view_citation&hl=en&user=TmPZ5uEAAAAJ&cstart=100&citation_for_view=TmPZ5uEAAAAJ:a0OBvERweLwC",
        "citation_id": "TmPZ5uEAAAAJ:a0OBvERweLwC",
        "authors": "O Nov, Y Aphinyanaphongs, YW Lui, D Mann, M Porfiri, M Riedl, JR Rizzo, ...",
        "publication": "arXiv preprint arXiv:2008.05855, 2020",
        "year": "2020"
    },
    {
        "title": "Visual-Spatial Dysfunction in Parkinson\u2019s Disease: an Exploratory Multimodal Biomarker Study (4024)",
        "link": "https://scholar.google.com/citations?view_op=view_citation&hl=en&user=TmPZ5uEAAAAJ&cstart=100&citation_for_view=TmPZ5uEAAAAJ:3s1wT3WcHBgC",
        "citation_id": "TmPZ5uEAAAAJ:3s1wT3WcHBgC",
        "authors": "A Cucca, A Droby, M Beheshti, I Acosta, D Mania, K Sharma, M Berberian, ...",
        "publication": "Neurology 94 (15_supplement), 4024, 2020",
        "year": "2020"
    },
    {
        "title": "Looking \u201ccherry red spot myoclonus\u201d in the eyes (1268)",
        "link": "https://scholar.google.com/citations?view_op=view_citation&hl=en&user=TmPZ5uEAAAAJ&cstart=100&citation_for_view=TmPZ5uEAAAAJ:ldfaerwXgEUC",
        "citation_id": "TmPZ5uEAAAAJ:ldfaerwXgEUC",
        "authors": "G Riboldi, J Martone, JR Rizzo, T Hudson, C Toro, S Frucht, J Rucker",
        "publication": "Neurology 94 (15_supplement), 1268, 2020",
        "year": "2020"
    },
    {
        "title": "Evidence-synthesis tools to inform evidence-based physiatry",
        "link": "https://scholar.google.com/citations?view_op=view_citation&hl=en&user=TmPZ5uEAAAAJ&cstart=140&citation_for_view=TmPZ5uEAAAAJ:cFHS6HbyZ2cC",
        "citation_id": "TmPZ5uEAAAAJ:cFHS6HbyZ2cC",
        "authors": "JP Engkasan, JR Rizzo, W Levack, TM Annaswamy",
        "publication": "American Journal of Physical Medicine & Rehabilitation 99 (11), 1072-1073, 2020",
        "year": "2020"
    },
    {
        "title": "Neural correlates of visuospatial dysfunction in Parkinson's Disease: A multimodal biomarker study",
        "link": "https://scholar.google.com/citations?view_op=view_citation&hl=en&user=TmPZ5uEAAAAJ&cstart=140&citation_for_view=TmPZ5uEAAAAJ:abG-DnoFyZgC",
        "citation_id": "TmPZ5uEAAAAJ:abG-DnoFyZgC",
        "authors": "A Cucca, D Mania, K Sharma, I Acosta, M Berberian, M Beheshti, ...",
        "publication": "Parkinsonism & Related Disorders 79, e40, 2020",
        "year": "2020"
    },
    {
        "title": "Saccadic Latencies in Progressive Supranuclear Palsy (264)",
        "link": "https://scholar.google.com/citations?view_op=view_citation&hl=en&user=TmPZ5uEAAAAJ&cstart=140&citation_for_view=TmPZ5uEAAAAJ:fPk4N6BV_jEC",
        "citation_id": "TmPZ5uEAAAAJ:fPk4N6BV_jEC",
        "authors": "S Grossman, S Ghosh, T Hudson, JR Rizzo, J Rucker",
        "publication": "Neurology 94 (15_supplement), 264, 2020",
        "year": "2020"
    },
    {
        "title": "The Accuracy of Clinician Detection of Saccadic Slowing: A Corroboration with Eye Movement Recordings (266)",
        "link": "https://scholar.google.com/citations?view_op=view_citation&hl=en&user=TmPZ5uEAAAAJ&cstart=140&citation_for_view=TmPZ5uEAAAAJ:u_35RYKgDlwC",
        "citation_id": "TmPZ5uEAAAAJ:u_35RYKgDlwC",
        "authors": "S Grossman, R Calix, L Balcer, S Galetta, S Frucht, JR Rizzo, T Hudson, ...",
        "publication": "Neurology 94 (15_supplement), 266, 2020",
        "year": "2020"
    },
    {
        "title": "Survey-Based Investigation of Practice Implications for Vision Assessment: An Initial Look at Eye-Hand Coordination Testing",
        "link": "https://scholar.google.com/citations?view_op=view_citation&hl=en&user=TmPZ5uEAAAAJ&cstart=140&citation_for_view=TmPZ5uEAAAAJ:2P1L_qKh6hAC",
        "citation_id": "TmPZ5uEAAAAJ:2P1L_qKh6hAC",
        "authors": "K Hreha, JR Rizzo, A Abdou, L Truong, J Wertheimer, MJP Graf, ...",
        "publication": "Annals of International Occupational Therapy 3 (1), 29-37, 2020",
        "year": "2020"
    },
    {
        "title": "History and future directions of vision testing in head trauma",
        "link": "https://scholar.google.com/citations?view_op=view_citation&hl=en&user=TmPZ5uEAAAAJ&citation_for_view=TmPZ5uEAAAAJ:NMxIlDl6LWMC",
        "citation_id": "TmPZ5uEAAAAJ:NMxIlDl6LWMC",
        "authors": "O Akhand, JR Rizzo, JC Rucker, L Hasanaj, SL Galetta, LJ Balcer",
        "publication": "Journal of Neuro-Ophthalmology 39 (1), 68-81, 2019",
        "year": "2019"
    },
    {
        "title": "Association between gestational weight gain adequacy and adverse maternal and neonatal outcomes",
        "link": "https://scholar.google.com/citations?view_op=view_citation&hl=en&user=TmPZ5uEAAAAJ&cstart=20&citation_for_view=TmPZ5uEAAAAJ:UHK10RUVsp4C",
        "citation_id": "TmPZ5uEAAAAJ:UHK10RUVsp4C",
        "authors": "HY Chen, SP Chauhan",
        "publication": "American journal of perinatology 36 (06), 615-623, 2019",
        "year": "2019"
    },
    {
        "title": "The role of endonasal endoscopic optic nerve decompression as the initial management of primary optic nerve sheath meningiomas",
        "link": "https://scholar.google.com/citations?view_op=view_citation&hl=en&user=TmPZ5uEAAAAJ&cstart=20&citation_for_view=TmPZ5uEAAAAJ:uLbwQdceFCQC",
        "citation_id": "TmPZ5uEAAAAJ:uLbwQdceFCQC",
        "authors": "G Maza, S Subramaniam, JC Yanez-Siller, BA Otto, DM Prevedello, ...",
        "publication": "Journal of Neurological Surgery Part B: Skull Base 80 (06), 568-576, 2019",
        "year": "2019"
    },
    {
        "title": "Learning domain-invariant feature for robust depth-image-based 3D shape retrieval",
        "link": "https://scholar.google.com/citations?view_op=view_citation&hl=en&user=TmPZ5uEAAAAJ&cstart=20&citation_for_view=TmPZ5uEAAAAJ:_FxGoFyzp5QC",
        "citation_id": "TmPZ5uEAAAAJ:_FxGoFyzp5QC",
        "authors": "J Zhu, JR Rizzo, Y Fang",
        "publication": "Pattern recognition letters 119, 24-33, 2019",
        "year": "2019"
    },
    {
        "title": "MULES on the sidelines: a vision-based assessment tool for sports-related concussion",
        "link": "https://scholar.google.com/citations?view_op=view_citation&hl=en&user=TmPZ5uEAAAAJ&cstart=40&citation_for_view=TmPZ5uEAAAAJ:J_g5lzvAfSwC",
        "citation_id": "TmPZ5uEAAAAJ:J_g5lzvAfSwC",
        "authors": "S Fallon, O Akhand, C Hernandez, MS Galetta, L Hasanaj, J Martone, ...",
        "publication": "Journal of the neurological sciences 402, 52-56, 2019",
        "year": "2019"
    },
    {
        "title": "Eye position-dependent opsoclonus in mild traumatic brain injury",
        "link": "https://scholar.google.com/citations?view_op=view_citation&hl=en&user=TmPZ5uEAAAAJ&cstart=40&citation_for_view=TmPZ5uEAAAAJ:vV6vV6tmYwMC",
        "citation_id": "TmPZ5uEAAAAJ:vV6vV6tmYwMC",
        "authors": "JR Rizzo, TE Hudson, AJ Sequeira, W Dai, Y Chaudhry, J Martone, ...",
        "publication": "Progress in Brain Research 249, 65-78, 2019",
        "year": "2019"
    },
    {
        "title": "Eye-hand re-coordination: a pilot investigation of gaze and reach biofeedback in chronic stroke",
        "link": "https://scholar.google.com/citations?view_op=view_citation&hl=en&user=TmPZ5uEAAAAJ&cstart=40&citation_for_view=TmPZ5uEAAAAJ:35N4QoGY0k4C",
        "citation_id": "TmPZ5uEAAAAJ:35N4QoGY0k4C",
        "authors": "JR Rizzo, M Beheshti, A Shafieesabet, J Fung, M Hosseini, JC Rucker, ...",
        "publication": "Progress in Brain Research 249, 361-374, 2019",
        "year": "2019"
    },
    {
        "title": "Modeling gaze position-dependent opsoclonus",
        "link": "https://scholar.google.com/citations?view_op=view_citation&hl=en&user=TmPZ5uEAAAAJ&cstart=60&citation_for_view=TmPZ5uEAAAAJ:ns9cj8rnVeAC",
        "citation_id": "TmPZ5uEAAAAJ:ns9cj8rnVeAC",
        "authors": "LM Optican, JC Rucker, JR Rizzo, TE Hudson",
        "publication": "Progress in Brain Research 249, 35-61, 2019",
        "year": "2019"
    },
    {
        "title": "Eye movement recordings: Practical applications in neurology",
        "link": "https://scholar.google.com/citations?view_op=view_citation&hl=en&user=TmPZ5uEAAAAJ&cstart=60&citation_for_view=TmPZ5uEAAAAJ:pqnbT2bcN3wC",
        "citation_id": "TmPZ5uEAAAAJ:pqnbT2bcN3wC",
        "authors": "JR Rizzo, M Beheshti, W Dai, JC Rucker",
        "publication": "Seminars in Neurology 39 (06), 775-784, 2019",
        "year": "2019"
    },
    {
        "title": "An assistive low-vision platform that augments spatial cognition through proprioceptive guidance: Point-to-Tell-and-Touch",
        "link": "https://scholar.google.com/citations?view_op=view_citation&hl=en&user=TmPZ5uEAAAAJ&cstart=80&citation_for_view=TmPZ5uEAAAAJ:ZHo1McVdvXMC",
        "citation_id": "TmPZ5uEAAAAJ:ZHo1McVdvXMC",
        "authors": "W Gui, B Li, S Yuan, JR Rizzo, L Sharma, C Feng, A Tzes, Y Fang",
        "publication": "2019 IEEE/RSJ International Conference on Intelligent Robots and Systems \u2026, 2019",
        "year": "2019"
    },
    {
        "title": "The \u201cnuts and bolts\u201d of evidence-based physiatry: Core competencies for trainees and clinicians",
        "link": "https://scholar.google.com/citations?view_op=view_citation&hl=en&user=TmPZ5uEAAAAJ&cstart=80&citation_for_view=TmPZ5uEAAAAJ:70eg2SAEIzsC",
        "citation_id": "TmPZ5uEAAAAJ:70eg2SAEIzsC",
        "authors": "JR Rizzo, S Paganoni, TM Annaswamy",
        "publication": "American journal of physical medicine & rehabilitation 98 (10), 942-943, 2019",
        "year": "2019"
    },
    {
        "title": "Efficiently Recording the Eye-Hand Coordination to Incoordination Spectrum",
        "link": "https://scholar.google.com/citations?view_op=view_citation&hl=en&user=TmPZ5uEAAAAJ&cstart=80&citation_for_view=TmPZ5uEAAAAJ:RGFaLdJalmkC",
        "citation_id": "TmPZ5uEAAAAJ:RGFaLdJalmkC",
        "authors": "JR Rizzo, M Beheshti, J Fung, JC Rucker, TE Hudson",
        "publication": "JoVE (Journal of Visualized Experiments), e58885, 2019",
        "year": "2019"
    },
    {
        "title": "Translational Neurology of Slow Saccades",
        "link": "https://scholar.google.com/citations?view_op=view_citation&hl=en&user=TmPZ5uEAAAAJ&cstart=100&citation_for_view=TmPZ5uEAAAAJ:HoB7MX3m0LUC",
        "citation_id": "TmPZ5uEAAAAJ:HoB7MX3m0LUC",
        "authors": "JC Rucker, T Hudson, JR Rizzo",
        "publication": "Advances in Translational Neuroscience of Eye Movement Disorders, 221-254, 2019",
        "year": "2019"
    },
    {
        "title": "Looking\" cherry red spot myoclonus\" in the eyes",
        "link": "https://scholar.google.com/citations?view_op=view_citation&hl=en&user=TmPZ5uEAAAAJ&cstart=140&citation_for_view=TmPZ5uEAAAAJ:olpn-zPbct0C",
        "citation_id": "TmPZ5uEAAAAJ:olpn-zPbct0C",
        "authors": "GM Riboldi, J Martone, JR Rizzo, T Hudson, S Frucht, J Rucker",
        "publication": "MOVEMENT DISORDERS 34, S224-S225, 2019",
        "year": "2019"
    },
    {
        "title": "GBA and ATP13A mutation and PD: clinical phenotype, eye movements and pathogenic implications",
        "link": "https://scholar.google.com/citations?view_op=view_citation&hl=en&user=TmPZ5uEAAAAJ&cstart=140&citation_for_view=TmPZ5uEAAAAJ:M05iB0D1s5AC",
        "citation_id": "TmPZ5uEAAAAJ:M05iB0D1s5AC",
        "authors": "GM Riboldi, J Martone, J Rucker, JR Rizzo, T Hudson, W Dauer, S Frucht",
        "publication": "MOVEMENT DISORDERS 34, S191-S191, 2019",
        "year": "2019"
    },
    {
        "title": "MULES on the Sidelines: A Vision-Based Assessment Tool for Sports-Related Concussion (P2. 9-053)",
        "link": "https://scholar.google.com/citations?view_op=view_citation&hl=en&user=TmPZ5uEAAAAJ&cstart=140&citation_for_view=TmPZ5uEAAAAJ:dTyEYWd-f8wC",
        "citation_id": "TmPZ5uEAAAAJ:dTyEYWd-f8wC",
        "authors": "S Fallon, L Hasanaj, D Liu, O Akhand, J Martone, J Giles, N Webb, ...",
        "publication": "Neurology 92 (15_supplement), P2. 9-053, 2019",
        "year": "2019"
    },
    {
        "title": "Can Art Therapy improve signs and symptoms of Parkinson\u2019s Disease? Preliminary Results from the \u201cExplorArtPD Study\u201d(P2. 8-013)",
        "link": "https://scholar.google.com/citations?view_op=view_citation&hl=en&user=TmPZ5uEAAAAJ&cstart=140&citation_for_view=TmPZ5uEAAAAJ:NaGl4SEjCO4C",
        "citation_id": "TmPZ5uEAAAAJ:NaGl4SEjCO4C",
        "authors": "A Cucca, K Sharma, I Acosta, M Beheshti, M Berberian, HC Bertish, ...",
        "publication": "Neurology 92 (15_supplement), P2. 8-013, 2019",
        "year": "2019"
    },
    {
        "title": "Evolution of visual outcomes in clinical trials for multiple sclerosis disease-modifying therapies",
        "link": "https://scholar.google.com/citations?view_op=view_citation&hl=en&user=TmPZ5uEAAAAJ&citation_for_view=TmPZ5uEAAAAJ:qxL8FJ1GzNcC",
        "citation_id": "TmPZ5uEAAAAJ:qxL8FJ1GzNcC",
        "authors": "RC Nolan, O Akhand, JR Rizzo, SL Galetta, LJ Balcer",
        "publication": "Journal of Neuro-Ophthalmology 38 (2), 202-209, 2018",
        "year": "2018"
    },
    {
        "title": "Visuospatial exploration and art therapy intervention in patients with Parkinson\u2019s disease: An exploratory therapeutic protocol",
        "link": "https://scholar.google.com/citations?view_op=view_citation&hl=en&user=TmPZ5uEAAAAJ&citation_for_view=TmPZ5uEAAAAJ:YOwf2qJgpHMC",
        "citation_id": "TmPZ5uEAAAAJ:YOwf2qJgpHMC",
        "authors": "A Cucca, I Acosta, M Berberian, AC Lemen, JR Rizzo, MF Ghilardi, ...",
        "publication": "Complementary therapies in medicine 40, 70-76, 2018",
        "year": "2018"
    },
    {
        "title": "The new Mobile Universal Lexicon Evaluation System (MULES): a test of rapid picture naming for concussion sized for the sidelines",
        "link": "https://scholar.google.com/citations?view_op=view_citation&hl=en&user=TmPZ5uEAAAAJ&citation_for_view=TmPZ5uEAAAAJ:7PzlFSSx8tAC",
        "citation_id": "TmPZ5uEAAAAJ:7PzlFSSx8tAC",
        "authors": "O Akhand, MS Galetta, L Cobbs, L Hasanaj, N Webb, J Drattell, ...",
        "publication": "Journal of the neurological sciences 387, 199-204, 2018",
        "year": "2018"
    },
    {
        "title": "A new primary mobility tool for the visually impaired: A white cane\u2014adaptive mobility device hybrid",
        "link": "https://scholar.google.com/citations?view_op=view_citation&hl=en&user=TmPZ5uEAAAAJ&cstart=20&citation_for_view=TmPZ5uEAAAAJ:roLk4NBRz8UC",
        "citation_id": "TmPZ5uEAAAAJ:roLk4NBRz8UC",
        "authors": "JR Rizzo, K Conti, T Thomas, TE Hudson, R Wall Emerson, DS Kim",
        "publication": "Assistive technology 30 (5), 219-225, 2018",
        "year": "2018"
    },
    {
        "title": "Validity of low-resolution eye-tracking to assess eye movements during a rapid number naming task: performance of the eyetribe eye tracker",
        "link": "https://scholar.google.com/citations?view_op=view_citation&hl=en&user=TmPZ5uEAAAAJ&cstart=20&citation_for_view=TmPZ5uEAAAAJ:qjMakFHDy7sC",
        "citation_id": "TmPZ5uEAAAAJ:qjMakFHDy7sC",
        "authors": "J Raynowska, JR Rizzo, JC Rucker, W Dai, J Birkemeier, J Hershowitz, ...",
        "publication": "Brain injury 32 (2), 200-208, 2018",
        "year": "2018"
    },
    {
        "title": "Mobile Universal Lexicon Evaluation System (MULES) in MS: Evaluation of a new visual test of rapid picture naming",
        "link": "https://scholar.google.com/citations?view_op=view_citation&hl=en&user=TmPZ5uEAAAAJ&cstart=40&citation_for_view=TmPZ5uEAAAAJ:kNdYIx-mwKoC",
        "citation_id": "TmPZ5uEAAAAJ:kNdYIx-mwKoC",
        "authors": "M Seay, O Akhand, MS Galetta, L Cobbs, L Hasanaj, P Amorapanth, ...",
        "publication": "Journal of the Neurological Sciences 394, 1-5, 2018",
        "year": "2018"
    },
    {
        "title": "Rapid number naming and quantitative eye movements may reflect contact sport exposure in a collegiate ice hockey cohort",
        "link": "https://scholar.google.com/citations?view_op=view_citation&hl=en&user=TmPZ5uEAAAAJ&cstart=40&citation_for_view=TmPZ5uEAAAAJ:hC7cP41nSMkC",
        "citation_id": "TmPZ5uEAAAAJ:hC7cP41nSMkC",
        "authors": "L Hasanaj, SP Thawani, N Webb, JD Drattell, L Serrano, RC Nolan, ...",
        "publication": "Journal of Neuro-Ophthalmology 38 (1), 24-29, 2018",
        "year": "2018"
    },
    {
        "title": "Increasing velocity slow phases in acquired nystagmus",
        "link": "https://scholar.google.com/citations?view_op=view_citation&hl=en&user=TmPZ5uEAAAAJ&cstart=60&citation_for_view=TmPZ5uEAAAAJ:3fE2CSJIrl8C",
        "citation_id": "TmPZ5uEAAAAJ:3fE2CSJIrl8C",
        "authors": "T Bakaeva, N Desai, W Dai, JR Rizzo, JC Rucker",
        "publication": "Journal of Neuro-Ophthalmology 38 (4), 479-482, 2018",
        "year": "2018"
    },
    {
        "title": "The effect of linguistic background on rapid number naming: implications for native versus non-native English speakers on sideline-focused concussion assessments",
        "link": "https://scholar.google.com/citations?view_op=view_citation&hl=en&user=TmPZ5uEAAAAJ&cstart=80&citation_for_view=TmPZ5uEAAAAJ:hMod-77fHWUC",
        "citation_id": "TmPZ5uEAAAAJ:hMod-77fHWUC",
        "authors": "JR Rizzo, TE Hudson, PX Amorapanth, W Dai, J Birkemeier, R Pasculli, ...",
        "publication": "Brain injury 32 (13-14), 1690-1699, 2018",
        "year": "2018"
    },
    {
        "title": "Professional Art Therapy and Visuospatial Exploration in Parkinson\u2019s Disease: an Experimental Protocol and Preliminary Feasibility Data.(P1. 004)",
        "link": "https://scholar.google.com/citations?view_op=view_citation&hl=en&user=TmPZ5uEAAAAJ&cstart=80&citation_for_view=TmPZ5uEAAAAJ:r0BpntZqJG4C",
        "citation_id": "TmPZ5uEAAAAJ:r0BpntZqJG4C",
        "authors": "A Cucca, DF Mania, I Acosta, M Berberian, HC Bertish, T Hudson, ...",
        "publication": "Neurology 90 (15_supplement), P1. 004, 2018",
        "year": "2018"
    },
    {
        "title": "Vision and Parkinson\u2019s Disease: The Patient\u2019s Perspective",
        "link": "https://scholar.google.com/citations?view_op=view_citation&hl=en&user=TmPZ5uEAAAAJ&cstart=100&citation_for_view=TmPZ5uEAAAAJ:mVmsd5A6BfQC",
        "citation_id": "TmPZ5uEAAAAJ:mVmsd5A6BfQC",
        "authors": "J Wertheimer, R Lesser, E Moniz, JR Rizzo, P Roberts",
        "publication": "Archives of Physical Medicine and Rehabilitation 99 (10), e73, 2018",
        "year": "2018"
    },
    {
        "title": "Successful fluorination of a challenging heterocycle using anhydrous tetramethylammonium fluoride on pilot scale",
        "link": "https://scholar.google.com/citations?view_op=view_citation&hl=en&user=TmPZ5uEAAAAJ&cstart=140&citation_for_view=TmPZ5uEAAAAJ:YFjsv_pBGBYC",
        "citation_id": "TmPZ5uEAAAAJ:YFjsv_pBGBYC",
        "authors": "J Rizzo, S Ryan, Y Lu, M Hawk",
        "publication": "ABSTRACTS OF PAPERS OF THE AMERICAN CHEMICAL SOCIETY 256, 2018",
        "year": "2018"
    },
    {
        "title": "Mobile Universal Lexicon Evaluation System (MULES) in MS: Evaluation of a New Visual Test of Rapid Picture Naming (S16. 003)",
        "link": "https://scholar.google.com/citations?view_op=view_citation&hl=en&user=TmPZ5uEAAAAJ&cstart=140&citation_for_view=TmPZ5uEAAAAJ:JoZmwDi-zQgC",
        "citation_id": "TmPZ5uEAAAAJ:JoZmwDi-zQgC",
        "authors": "M Seay, O Akhand, L Cobbs, L Hasanaj, P Amorapanth, JR Rizzo, ...",
        "publication": "Neurology 90 (15_supplement), S16. 003, 2018",
        "year": "2018"
    },
    {
        "title": "Relation of Quantitative Eye Movements with Cognitive Dysfunction in Patients with Concussion (S16. 004)",
        "link": "https://scholar.google.com/citations?view_op=view_citation&hl=en&user=TmPZ5uEAAAAJ&cstart=140&citation_for_view=TmPZ5uEAAAAJ:W7OEmFMy1HYC",
        "citation_id": "TmPZ5uEAAAAJ:W7OEmFMy1HYC",
        "authors": "D Gold, J Martone, YSC Lee, A Childs, Y Matsuzawa, F Fraser, J Ricker, ...",
        "publication": "Neurology 90 (15_supplement), S16. 004, 2018",
        "year": "2018"
    },
    {
        "title": "\u2018Sandbagging\u2019a Vision Test for Concussion-based Sideline Assessment: An Eye Movement Investigation Objectively Reveals the \u2018Gamers\u2019 Strategies (P2. 154)",
        "link": "https://scholar.google.com/citations?view_op=view_citation&hl=en&user=TmPZ5uEAAAAJ&cstart=140&citation_for_view=TmPZ5uEAAAAJ:Y0pCki6q_DkC",
        "citation_id": "TmPZ5uEAAAAJ:Y0pCki6q_DkC",
        "authors": "J Rucker, L Hasanaj, JR Rizzo, T Hudson, W Dai, J Martone, Y Chaudhry, ...",
        "publication": "Neurology 90 (15_supplement), P2. 154, 2018",
        "year": "2018"
    },
    {
        "title": "The New MULES: A Sideline-Friendly Test of Rapid Picture Naming for Concussion (P2. 169)",
        "link": "https://scholar.google.com/citations?view_op=view_citation&hl=en&user=TmPZ5uEAAAAJ&cstart=140&citation_for_view=TmPZ5uEAAAAJ:zYLM7Y9cAGgC",
        "citation_id": "TmPZ5uEAAAAJ:zYLM7Y9cAGgC",
        "authors": "O Akhand, M Galetta, L Hasanaj, L Cobbs, N Webb, J Brandt, ...",
        "publication": "Neurology 90 (15_supplement), P2. 169, 2018",
        "year": "2018"
    },
    {
        "title": "Visuospatial Impairment",
        "link": "https://scholar.google.com/citations?view_op=view_citation&hl=en&user=TmPZ5uEAAAAJ&cstart=140&citation_for_view=TmPZ5uEAAAAJ:5Ul4iDaHHb8C",
        "citation_id": "TmPZ5uEAAAAJ:5Ul4iDaHHb8C",
        "authors": "JR Rizzo, M Beheshti, N Kapoor",
        "publication": "Stroke Rehabilitation, 169-184, 2018",
        "year": "2018"
    },
    {
        "title": "A nonlinear generalization of the Savitzky-Golay filter and the quantitative analysis of saccades",
        "link": "https://scholar.google.com/citations?view_op=view_citation&hl=en&user=TmPZ5uEAAAAJ&citation_for_view=TmPZ5uEAAAAJ:aqlVkmm33-oC",
        "citation_id": "TmPZ5uEAAAAJ:aqlVkmm33-oC",
        "authors": "W Dai, I Selesnick, JR Rizzo, J Rucker, T Hudson",
        "publication": "Journal of vision 17 (9), 10-10, 2017",
        "year": "2017"
    },
    {
        "title": "Somatosensory feedback wearable object",
        "link": "https://scholar.google.com/citations?view_op=view_citation&hl=en&user=TmPZ5uEAAAAJ&citation_for_view=TmPZ5uEAAAAJ:tS2w5q8j5-wC",
        "citation_id": "TmPZ5uEAAAAJ:tS2w5q8j5-wC",
        "authors": "JR Rizzo",
        "publication": "US Patent 9,646,514, 2017",
        "year": "2017"
    },
    {
        "title": "The intersection between ocular and manual motor control: eye\u2013hand coordination in acquired brain injury",
        "link": "https://scholar.google.com/citations?view_op=view_citation&hl=en&user=TmPZ5uEAAAAJ&citation_for_view=TmPZ5uEAAAAJ:UebtZRa9Y70C",
        "citation_id": "TmPZ5uEAAAAJ:UebtZRa9Y70C",
        "authors": "JR Rizzo, M Hosseini, EA Wong, WE Mackey, JK Fung, E Ahdoot, ...",
        "publication": "Frontiers in neurology 8, 227, 2017",
        "year": "2017"
    },
    {
        "title": "Clinical approach to supranuclear brainstem saccadic gaze palsies",
        "link": "https://scholar.google.com/citations?view_op=view_citation&hl=en&user=TmPZ5uEAAAAJ&citation_for_view=TmPZ5uEAAAAJ:LkGwnXOMwfcC",
        "citation_id": "TmPZ5uEAAAAJ:LkGwnXOMwfcC",
        "authors": "A Lloyd-Smith Sequeira, JR Rizzo, JC Rucker",
        "publication": "Frontiers in Neurology 8, 429, 2017",
        "year": "2017"
    },
    {
        "title": "Sensor fusion for ecologically valid obstacle identification: Building a comprehensive assistive technology platform for the visually impaired",
        "link": "https://scholar.google.com/citations?view_op=view_citation&hl=en&user=TmPZ5uEAAAAJ&citation_for_view=TmPZ5uEAAAAJ:MXK_kJrjxJIC",
        "citation_id": "TmPZ5uEAAAAJ:MXK_kJrjxJIC",
        "authors": "JR Rizzo, Y Pan, T Hudson, EK Wong, Y Fang",
        "publication": "2017 7th International Conference on Modeling, Simulation, and Applied \u2026, 2017",
        "year": "2017"
    },
    {
        "title": "Mobile Universal Lexicon Evaluation System (MULES) test: a new measure of rapid picture naming for concussion",
        "link": "https://scholar.google.com/citations?view_op=view_citation&hl=en&user=TmPZ5uEAAAAJ&citation_for_view=TmPZ5uEAAAAJ:Wp0gIr-vW9MC",
        "citation_id": "TmPZ5uEAAAAJ:Wp0gIr-vW9MC",
        "authors": "L Cobbs, L Hasanaj, P Amorapanth, JR Rizzo, R Nolan, L Serrano, ...",
        "publication": "Journal of the neurological sciences 372, 393-398, 2017",
        "year": "2017"
    },
    {
        "title": "Capturing saccades in multiple sclerosis with a digitized test of rapid number naming",
        "link": "https://scholar.google.com/citations?view_op=view_citation&hl=en&user=TmPZ5uEAAAAJ&citation_for_view=TmPZ5uEAAAAJ:_kc_bZDykSQC",
        "citation_id": "TmPZ5uEAAAAJ:_kc_bZDykSQC",
        "authors": "C Hainline, JR Rizzo, TE Hudson, W Dai, J Birkemeier, J Raynowska, ...",
        "publication": "Journal of neurology 264, 989-998, 2017",
        "year": "2017"
    },
    {
        "title": "Structured Wii protocol for rehabilitation of shoulder impingement syndrome: A pilot study",
        "link": "https://scholar.google.com/citations?view_op=view_citation&hl=en&user=TmPZ5uEAAAAJ&citation_for_view=TmPZ5uEAAAAJ:9ZlFYXVOiuMC",
        "citation_id": "TmPZ5uEAAAAJ:9ZlFYXVOiuMC",
        "authors": "JR Rizzo, P Thai, EJ Li, T Tung, TE Hudson, J Herrera, P Raghavan",
        "publication": "Annals of physical and rehabilitation medicine 60 (6), 363-370, 2017",
        "year": "2017"
    },
    {
        "title": "A wearable assistive technology for the visually impaired with door knob detection and real-time feedback for hand-to-handle manipulation",
        "link": "https://scholar.google.com/citations?view_op=view_citation&hl=en&user=TmPZ5uEAAAAJ&cstart=20&citation_for_view=TmPZ5uEAAAAJ:eQOLeE2rZwMC",
        "citation_id": "TmPZ5uEAAAAJ:eQOLeE2rZwMC",
        "authors": "L Niu, C Qian, JR Rizzo, T Hudson, Z Li, S Enright, E Sperling, K Conti, ...",
        "publication": "Proceedings of the IEEE International Conference on Computer Vision \u2026, 2017",
        "year": "2017"
    },
    {
        "title": "Communicating through touch: Macro fiber composites for tactile stimulation on the abdomen",
        "link": "https://scholar.google.com/citations?view_op=view_citation&hl=en&user=TmPZ5uEAAAAJ&cstart=20&citation_for_view=TmPZ5uEAAAAJ:ULOm3_A8WrAC",
        "citation_id": "TmPZ5uEAAAAJ:ULOm3_A8WrAC",
        "authors": "P Phamduy, JR Rizzo, TE Hudson, M Torre, K Levon, M Porfiri",
        "publication": "IEEE transactions on haptics 11 (2), 174-184, 2017",
        "year": "2017"
    },
    {
        "title": "Eye control deficits coupled to hand control deficits: eye\u2013hand incoordination in chronic cerebral injury",
        "link": "https://scholar.google.com/citations?view_op=view_citation&hl=en&user=TmPZ5uEAAAAJ&cstart=20&citation_for_view=TmPZ5uEAAAAJ:k_IJM867U9cC",
        "citation_id": "TmPZ5uEAAAAJ:k_IJM867U9cC",
        "authors": "JR Rizzo, JK Fung, M Hosseini, A Shafieesabet, E Ahdoot, RM Pasculli, ...",
        "publication": "Frontiers in neurology 8, 330, 2017",
        "year": "2017"
    },
    {
        "title": "Disrupted saccade control in chronic cerebral injury: upper motor neuron-like disinhibition in the ocular motor system",
        "link": "https://scholar.google.com/citations?view_op=view_citation&hl=en&user=TmPZ5uEAAAAJ&cstart=20&citation_for_view=TmPZ5uEAAAAJ:qUcmZB5y_30C",
        "citation_id": "TmPZ5uEAAAAJ:qUcmZB5y_30C",
        "authors": "JR Rizzo, TE Hudson, A Abdou, YW Lui, JC Rucker, P Raghavan, ...",
        "publication": "Frontiers in neurology 8, 12, 2017",
        "year": "2017"
    },
    {
        "title": "Smart wearable systems for enhanced monitoring and mobility",
        "link": "https://scholar.google.com/citations?view_op=view_citation&hl=en&user=TmPZ5uEAAAAJ&cstart=20&citation_for_view=TmPZ5uEAAAAJ:L8Ckcad2t8MC",
        "citation_id": "TmPZ5uEAAAAJ:L8Ckcad2t8MC",
        "authors": "RA Shoureshi, JR Rizzo, TE Hudson",
        "publication": "Advances in Science and Technology 100, 172-178, 2017",
        "year": "2017"
    },
    {
        "title": "Gaze-Position Dependent Opsoclonus in Post-Concussive Syndrome (P6. 037)",
        "link": "https://scholar.google.com/citations?view_op=view_citation&hl=en&user=TmPZ5uEAAAAJ&cstart=140&citation_for_view=TmPZ5uEAAAAJ:fEOibwPWpKIC",
        "citation_id": "TmPZ5uEAAAAJ:fEOibwPWpKIC",
        "authors": "AJ Lloyd-Smith Sequeira, W Dai, JR Rizzo, T Hudson, I Selesnick, D Zee, ...",
        "publication": "Neurology 88 (16_supplement), P6. 037, 2017",
        "year": "2017"
    },
    {
        "title": "Eye Movement Underpinnings of the Mobile Universal Lexicon Evaluation System (MULES): Computerized Analysis of Rapid Picture Naming Using EyeLink (P6. 039)",
        "link": "https://scholar.google.com/citations?view_op=view_citation&hl=en&user=TmPZ5uEAAAAJ&cstart=140&citation_for_view=TmPZ5uEAAAAJ:bEWYMUwI8FkC",
        "citation_id": "TmPZ5uEAAAAJ:bEWYMUwI8FkC",
        "authors": "L Hasanaj, T Hudson, JR Rizzo, WW Dai, J Rucker, S Galetta, L Balcer",
        "publication": "Neurology 88 (16_supplement), P6. 039, 2017",
        "year": "2017"
    },
    {
        "title": "Saccade Sequences and Rapid Number Naming in Chronic Concussion (P6. 040)",
        "link": "https://scholar.google.com/citations?view_op=view_citation&hl=en&user=TmPZ5uEAAAAJ&cstart=160&citation_for_view=TmPZ5uEAAAAJ:ZeXyd9-uunAC",
        "citation_id": "TmPZ5uEAAAAJ:ZeXyd9-uunAC",
        "authors": "D Gold, W Dai, JR Rizzo, T Hudson, I Selesnick, L Hasanaj, L Balcer, ...",
        "publication": "Neurology 88 (16_supplement), P6. 040, 2017",
        "year": "2017"
    },
    {
        "title": "The Validity of an Eye Tracker with Low Temporal Resolution to Assess Eye Movements during a Rapid Number Naming Task: Performance of the EyeTribe versus the EyeLink in \u2026",
        "link": "https://scholar.google.com/citations?view_op=view_citation&hl=en&user=TmPZ5uEAAAAJ&cstart=160&citation_for_view=TmPZ5uEAAAAJ:Se3iqnhoufwC",
        "citation_id": "TmPZ5uEAAAAJ:Se3iqnhoufwC",
        "authors": "J Raynowska, JR Rizzo, J Rucker, W Dai, J Birkemeier, J Hershowitz, ...",
        "publication": "Neurology 88 (16_supplement), P6. 038, 2017",
        "year": "2017"
    },
    {
        "title": "Mobile Universal Lexicon Evaluation System (MULES): Pre-Season Baseline Concussion Testing for a New Measure of Rapid Picture Naming (P6. 036)",
        "link": "https://scholar.google.com/citations?view_op=view_citation&hl=en&user=TmPZ5uEAAAAJ&cstart=160&citation_for_view=TmPZ5uEAAAAJ:Tyk-4Ss8FVUC",
        "citation_id": "TmPZ5uEAAAAJ:Tyk-4Ss8FVUC",
        "authors": "L Cobbs, L Hasanaj, N Webb, J Brandt, P Amorapanth, JR Rizzo, R Nolan, ...",
        "publication": "Neurology 88 (16_supplement), P6. 036, 2017",
        "year": "2017"
    },
    {
        "title": "A nonlinear generalization of the Savitzky-Golay filter",
        "link": "https://scholar.google.com/citations?view_op=view_citation&hl=en&user=TmPZ5uEAAAAJ&cstart=160&citation_for_view=TmPZ5uEAAAAJ:7T2F9Uy0os0C",
        "citation_id": "TmPZ5uEAAAAJ:7T2F9Uy0os0C",
        "authors": "W Dai, I Selesnick, JR Rizzo, J Rucker, T Hudson",
        "publication": null,
        "year": "2017"
    },
    {
        "title": "Gaze-Position Dependent Opsoclonus in Post-Concussive Syndrome (P6. 037)",
        "link": "https://scholar.google.com/citations?view_op=view_citation&hl=en&user=TmPZ5uEAAAAJ&cstart=160&citation_for_view=TmPZ5uEAAAAJ:JV2RwH3_ST0C",
        "citation_id": "TmPZ5uEAAAAJ:JV2RwH3_ST0C",
        "authors": "AJLS Sequeira, W Dai, JR Rizzo, TE Hudson, I Selesnick, DS Zee, ...",
        "publication": "Neurology, 2017",
        "year": "2017"
    },
    {
        "title": "Windows to the brain: Visual systems, rehabilitation and research in concussion",
        "link": "https://scholar.google.com/citations?view_op=view_citation&hl=en&user=TmPZ5uEAAAAJ&cstart=160&citation_for_view=TmPZ5uEAAAAJ:iH-uZ7U-co4C",
        "citation_id": "TmPZ5uEAAAAJ:iH-uZ7U-co4C",
        "authors": "P Amorapanth, JR Rizzo, J Rucker, M Waskiewicz",
        "publication": "BRAIN INJURY 31 (6-7), 887-887, 2017",
        "year": "2017"
    },
    {
        "title": "Rapid number naming in chronic concussion: eye movements in the King\u2013Devick test",
        "link": "https://scholar.google.com/citations?view_op=view_citation&hl=en&user=TmPZ5uEAAAAJ&citation_for_view=TmPZ5uEAAAAJ:j3f4tGmQtD8C",
        "citation_id": "TmPZ5uEAAAAJ:j3f4tGmQtD8C",
        "authors": "JR Rizzo, TE Hudson, W Dai, J Birkemeier, RM Pasculli, I Selesnick, ...",
        "publication": "Annals of clinical and translational neurology 3 (10), 801-811, 2016",
        "year": "2016"
    },
    {
        "title": "Objectifying eye movements during rapid number naming: methodology for assessment of normative data for the King\u2013Devick test",
        "link": "https://scholar.google.com/citations?view_op=view_citation&hl=en&user=TmPZ5uEAAAAJ&citation_for_view=TmPZ5uEAAAAJ:blknAaTinKkC",
        "citation_id": "TmPZ5uEAAAAJ:blknAaTinKkC",
        "authors": "JR Rizzo, TE Hudson, W Dai, N Desai, A Yousefi, D Palsana, I Selesnick, ...",
        "publication": "Journal of the neurological sciences 362, 232-239, 2016",
        "year": "2016"
    },
    {
        "title": "A conceptual model for vision rehabilitation",
        "link": "https://scholar.google.com/citations?view_op=view_citation&hl=en&user=TmPZ5uEAAAAJ&citation_for_view=TmPZ5uEAAAAJ:HDshCWvjkbEC",
        "citation_id": "TmPZ5uEAAAAJ:HDshCWvjkbEC",
        "authors": "PS Roberts, JR Rizzo, K Hreha, J Wertheimer, J Kaldenberg, D Hironaka, ...",
        "publication": "Journal of rehabilitation research and development 53 (6), 693, 2016",
        "year": "2016"
    },
    {
        "title": "A parametric model for saccadic eye movement",
        "link": "https://scholar.google.com/citations?view_op=view_citation&hl=en&user=TmPZ5uEAAAAJ&citation_for_view=TmPZ5uEAAAAJ:mB3voiENLucC",
        "citation_id": "TmPZ5uEAAAAJ:mB3voiENLucC",
        "authors": "W Dai, I Selesnick, JR Rizzo, J Rucker, T Hudson",
        "publication": "2016 IEEE Signal Processing in Medicine and Biology Symposium (SPMB), 1-6, 2016",
        "year": "2016"
    },
    {
        "title": "Effect of blocking tactile information from the fingertips on adaptation and execution of grip forces to friction at the grasping surface",
        "link": "https://scholar.google.com/citations?view_op=view_citation&hl=en&user=TmPZ5uEAAAAJ&citation_for_view=TmPZ5uEAAAAJ:WF5omc3nYNoC",
        "citation_id": "TmPZ5uEAAAAJ:WF5omc3nYNoC",
        "authors": "S Bilaloglu, Y Lu, D Geller, JR Rizzo, V Aluru, EP Gardner, P Raghavan",
        "publication": "Journal of neurophysiology 115 (3), 1122-1131, 2016",
        "year": "2016"
    },
    {
        "title": "Yield of the Clinical Neuro-Ophthalmologic Examination in Patients with Concussion (P4. 274)",
        "link": "https://scholar.google.com/citations?view_op=view_citation&hl=en&user=TmPZ5uEAAAAJ&cstart=80&citation_for_view=TmPZ5uEAAAAJ:ufrVoPGSRksC",
        "citation_id": "TmPZ5uEAAAAJ:ufrVoPGSRksC",
        "authors": "K Dempsey, J Birkemeier, JR Rizzo, L Hasanaj, L Balcer, S Galetta, ...",
        "publication": "Neurology 86 (16_supplement), P4. 274, 2016",
        "year": "2016"
    },
    {
        "title": "Rapid Number Naming and Quantitative Eye Movements May Reflect Contact Sport Exposure in a Collegiate Ice Hockey Cohort (P4. 276)",
        "link": "https://scholar.google.com/citations?view_op=view_citation&hl=en&user=TmPZ5uEAAAAJ&cstart=100&citation_for_view=TmPZ5uEAAAAJ:NJ774b8OgUMC",
        "citation_id": "TmPZ5uEAAAAJ:NJ774b8OgUMC",
        "authors": "L Hasanaj, N Webb, J Birkemeier, L Serrano, R Nolan, J Raynowska, ...",
        "publication": "Neurology 86 (16_supplement), P4. 276, 2016",
        "year": "2016"
    },
    {
        "title": "Visual performance of non-native versus native English speakers on a sideline concussion screen: an objective look at eye movement recordings (I13. 002)",
        "link": "https://scholar.google.com/citations?view_op=view_citation&hl=en&user=TmPZ5uEAAAAJ&cstart=100&citation_for_view=TmPZ5uEAAAAJ:TFP_iSt0sucC",
        "citation_id": "TmPZ5uEAAAAJ:TFP_iSt0sucC",
        "authors": "K Dempsey, J Birkemeier, T Hudson, W Dai, I Selesnick, L Hasanaj, ...",
        "publication": "Neurology 86 (16_supplement), I13. 002, 2016",
        "year": "2016"
    },
    {
        "title": "The Ocular Motor Underpinnings of Rapid Number-Naming as a Sideline Performance Measure for Concussion (P6. 310)",
        "link": "https://scholar.google.com/citations?view_op=view_citation&hl=en&user=TmPZ5uEAAAAJ&cstart=160&citation_for_view=TmPZ5uEAAAAJ:8k81kl-MbHgC",
        "citation_id": "TmPZ5uEAAAAJ:8k81kl-MbHgC",
        "authors": "J Birkemeier, T Hudson, JR Rizzo, W Dai, I Selesnick, L Hasanaj, L Balcer, ...",
        "publication": "Neurology 86 (16_supplement), P6. 310, 2016",
        "year": "2016"
    },
    {
        "title": "Capturing the Efferent Side of Vision in Multiple Sclerosis: New Data from a Digitized Rapid Number Naming Task (P6. 317)",
        "link": "https://scholar.google.com/citations?view_op=view_citation&hl=en&user=TmPZ5uEAAAAJ&cstart=160&citation_for_view=TmPZ5uEAAAAJ:d1gkVwhDpl0C",
        "citation_id": "TmPZ5uEAAAAJ:d1gkVwhDpl0C",
        "authors": "C Hainline, JR Rizzo, T Hudson, W Dai, B Joel, R Nolan, L Hasanaj, ...",
        "publication": "Neurology 86 (16_supplement), P6. 317, 2016",
        "year": "2016"
    },
    {
        "title": "Neurophysiology of Tactile Perception: A Tribute to Steven Hsiao: Effect of blocking tactile information from the fingertips on adaptation and execution of grip forces to \u2026",
        "link": "https://scholar.google.com/citations?view_op=view_citation&hl=en&user=TmPZ5uEAAAAJ&cstart=160&citation_for_view=TmPZ5uEAAAAJ:_Qo2XoVZTnwC",
        "citation_id": "TmPZ5uEAAAAJ:_Qo2XoVZTnwC",
        "authors": "S Bilaloglu, Y Lu, D Geller, JR Rizzo, V Aluru, EP Gardner, P Raghavan",
        "publication": "Journal of Neurophysiology 115 (3), 1122, 2016",
        "year": "2016"
    },
    {
        "title": "Effects of emotionally charged auditory stimulation on gait performance in the elderly: a preliminary study",
        "link": "https://scholar.google.com/citations?view_op=view_citation&hl=en&user=TmPZ5uEAAAAJ&cstart=20&citation_for_view=TmPZ5uEAAAAJ:0EnyYjriUFMC",
        "citation_id": "TmPZ5uEAAAAJ:0EnyYjriUFMC",
        "authors": "JR Rizzo, P Raghavan, JR McCrery, M Oh-Park, J Verghese",
        "publication": "Archives of physical medicine and rehabilitation 96 (4), 690-696, 2015",
        "year": "2015"
    },
    {
        "title": "The visual perception of natural motion: abnormal task-related neural activity in DYT1 dystonia",
        "link": "https://scholar.google.com/citations?view_op=view_citation&hl=en&user=TmPZ5uEAAAAJ&cstart=20&citation_for_view=TmPZ5uEAAAAJ:hFOr9nPyWt4C",
        "citation_id": "TmPZ5uEAAAAJ:hFOr9nPyWt4C",
        "authors": "W Sako, K Fujita, A Vo, JC Rucker, JR Rizzo, M Niethammer, M Carbon, ...",
        "publication": "Brain 138 (12), 3598-3609, 2015",
        "year": "2015"
    },
    {
        "title": "Motor and neurocognitive recovery in the syndrome of the trephined: a case report",
        "link": "https://scholar.google.com/citations?view_op=view_citation&hl=en&user=TmPZ5uEAAAAJ&cstart=20&citation_for_view=TmPZ5uEAAAAJ:4TOpqqG69KYC",
        "citation_id": "TmPZ5uEAAAAJ:4TOpqqG69KYC",
        "authors": "A Abdou, J Liu, M Carroll, G Vivaldi, JR Rizzo, B Im",
        "publication": "Annals of physical and rehabilitation medicine 58 (3), 183-185, 2015",
        "year": "2015"
    },
    {
        "title": "Rehabilitation essential in the recovery of multifactorial subacute combined degeneration",
        "link": "https://scholar.google.com/citations?view_op=view_citation&hl=en&user=TmPZ5uEAAAAJ&cstart=20&citation_for_view=TmPZ5uEAAAAJ:Zph67rFs4hoC",
        "citation_id": "TmPZ5uEAAAAJ:Zph67rFs4hoC",
        "authors": "J Chin, B Forzani, N Chowdhury, S Lombardo, JR Rizzo, M Ragucci",
        "publication": "Annals of physical and rehabilitation medicine 58 (3), 190-192, 2015",
        "year": "2015"
    },
    {
        "title": "Motor planning poststroke: impairment in vector\u2010coded reach plans",
        "link": "https://scholar.google.com/citations?view_op=view_citation&hl=en&user=TmPZ5uEAAAAJ&cstart=40&citation_for_view=TmPZ5uEAAAAJ:-f6ydRqryjwC",
        "citation_id": "TmPZ5uEAAAAJ:-f6ydRqryjwC",
        "authors": "JR Rizzo, TE Hudson, A Abdou, IG Rashbaum, AE George, P Raghavan, ...",
        "publication": "Physiological reports 3 (12), e12650, 2015",
        "year": "2015"
    },
    {
        "title": "Feasibility of a Cost\u2010Effective, Video Analysis Software\u2013Based Mobility Protocol for Objective Spine Kinematics and Gait Metrics: A Proof of Concept Study",
        "link": "https://scholar.google.com/citations?view_op=view_citation&hl=en&user=TmPZ5uEAAAAJ&cstart=40&citation_for_view=TmPZ5uEAAAAJ:M3NEmzRMIkIC",
        "citation_id": "TmPZ5uEAAAAJ:M3NEmzRMIkIC",
        "authors": "JC Paul, A Petrizzo, JR Rizzo, K Bianco, S Maier, TJ Errico, V Lafage",
        "publication": "PM&R 7 (3), 336-339, 2015",
        "year": "2015"
    },
    {
        "title": "Somatosensory terminal feedback cane",
        "link": "https://scholar.google.com/citations?view_op=view_citation&hl=en&user=TmPZ5uEAAAAJ&cstart=80&citation_for_view=TmPZ5uEAAAAJ:4fKUyHm3Qg0C",
        "citation_id": "TmPZ5uEAAAAJ:4fKUyHm3Qg0C",
        "authors": "JR Rizzo",
        "publication": "US Patent App. 14/404,275, 2015",
        "year": "2015"
    },
    {
        "title": "Sideline Testing in Youth and Collegiate Athletes: What Does Vision Add to the Concussion Puzzle?(S26. 002)",
        "link": "https://scholar.google.com/citations?view_op=view_citation&hl=en&user=TmPZ5uEAAAAJ&cstart=100&citation_for_view=TmPZ5uEAAAAJ:IWHjjKOFINEC",
        "citation_id": "TmPZ5uEAAAAJ:IWHjjKOFINEC",
        "authors": "A Bohm, L Hasanaj, JR Rizzo, L Serrano, R Nolan, N Moehringer, ...",
        "publication": "Neurology 84 (14_supplement), S26. 002, 2015",
        "year": "2015"
    },
    {
        "title": "Sensory and system deficits following brain injury",
        "link": "https://scholar.google.com/citations?view_op=view_citation&hl=en&user=TmPZ5uEAAAAJ&cstart=160&citation_for_view=TmPZ5uEAAAAJ:35r97b3x0nAC",
        "citation_id": "TmPZ5uEAAAAJ:35r97b3x0nAC",
        "authors": "N Kapoor, JR Rizzo, D Allred, CA Jaramillo",
        "publication": "Future Medicine Ltd, 2015",
        "year": "2015"
    },
    {
        "title": "2015 AAP Annual Meeting",
        "link": "https://scholar.google.com/citations?view_op=view_citation&hl=en&user=TmPZ5uEAAAAJ&cstart=160&citation_for_view=TmPZ5uEAAAAJ:4JMBOYKVnBMC",
        "citation_id": "TmPZ5uEAAAAJ:4JMBOYKVnBMC",
        "authors": "JR Rizzo, T Hudson, P Raghavan",
        "publication": null,
        "year": "2015"
    },
    {
        "title": "Abstract W P140: Post-stroke Oculomotor Abnormalities evident during Objective Eye Tracking but Not under Clinical Assessment",
        "link": "https://scholar.google.com/citations?view_op=view_citation&hl=en&user=TmPZ5uEAAAAJ&cstart=160&citation_for_view=TmPZ5uEAAAAJ:QIV2ME_5wuYC",
        "citation_id": "TmPZ5uEAAAAJ:QIV2ME_5wuYC",
        "authors": "JR Rizzo, T Hudson, B Kowal, M Wiseman, P Raghavan",
        "publication": "Stroke 46 (suppl_1), AWP140-AWP140, 2015",
        "year": "2015"
    },
    {
        "title": "Obtaining a Pain History",
        "link": "https://scholar.google.com/citations?view_op=view_citation&hl=en&user=TmPZ5uEAAAAJ&cstart=160&citation_for_view=TmPZ5uEAAAAJ:2osOgNQ5qMEC",
        "citation_id": "TmPZ5uEAAAAJ:2osOgNQ5qMEC",
        "authors": "AK Abdou, JR Rizzo, J Liu",
        "publication": "Pain Management and Palliative Care: A Comprehensive Guide, 7-11, 2015",
        "year": "2015"
    },
    {
        "title": "Mechanical force redistribution: enabling seamless, large-format, high-accuracy surface interaction",
        "link": "https://scholar.google.com/citations?view_op=view_citation&hl=en&user=TmPZ5uEAAAAJ&cstart=20&citation_for_view=TmPZ5uEAAAAJ:IjCSPb-OGe4C",
        "citation_id": "TmPZ5uEAAAAJ:IjCSPb-OGe4C",
        "authors": "AM Grau, C Hendee, JR Rizzo, K Perlin",
        "publication": "Proceedings of the SIGCHI Conference on Human Factors in Computing Systems \u2026, 2014",
        "year": "2014"
    },
    {
        "title": "Objective Mobility in Idiopathic Adolescent Scoliosis: A How-To on Objectifying Function to Facilitate Management Decisions",
        "link": "https://scholar.google.com/citations?view_op=view_citation&hl=en&user=TmPZ5uEAAAAJ&cstart=100&citation_for_view=TmPZ5uEAAAAJ:hqOjcs7Dif8C",
        "citation_id": "TmPZ5uEAAAAJ:hqOjcs7Dif8C",
        "authors": "G Burkard, JC Paul, JR Rizzo",
        "publication": "J Pain Relief 3 (165), 2167-0846.1000165, 2014",
        "year": "2014"
    },
    {
        "title": "Prosthetics",
        "link": "https://scholar.google.com/citations?view_op=view_citation&hl=en&user=TmPZ5uEAAAAJ&cstart=80&citation_for_view=TmPZ5uEAAAAJ:RHpTSmoSYBkC",
        "citation_id": "TmPZ5uEAAAAJ:RHpTSmoSYBkC",
        "authors": "G Burkard, JR Rizzo, J Heckman, J Cohen",
        "publication": "Rehab Clinical Pocket Guide: Rehabilitation Medicine, 529-555, 2013",
        "year": "2013"
    },
    {
        "title": "Musculoskeletal pelvic pain and pelvic floor dysfunction",
        "link": "https://scholar.google.com/citations?view_op=view_citation&hl=en&user=TmPZ5uEAAAAJ&cstart=80&citation_for_view=TmPZ5uEAAAAJ:4DMP91E08xMC",
        "citation_id": "TmPZ5uEAAAAJ:4DMP91E08xMC",
        "authors": "J Bonder, JR Rizzo, N Chowdhury, S Sayegh",
        "publication": "Rehab clinical pocket guide: rehabilitation medicine, 467-486, 2013",
        "year": "2013"
    },
    {
        "title": "Using Multiple Leadership Roles in a Residency Training Program to Develop Future Leaders in Physiatry",
        "link": "https://scholar.google.com/citations?view_op=view_citation&hl=en&user=TmPZ5uEAAAAJ&cstart=160&citation_for_view=TmPZ5uEAAAAJ:9yKSN-GCB0IC",
        "citation_id": "TmPZ5uEAAAAJ:9yKSN-GCB0IC",
        "authors": "J Liu, BR Forzani, JR Rizzo, A Moroz",
        "publication": "PM&R 5, S314-S314, 2013",
        "year": "2013"
    },
    {
        "title": "Medical Acupuncture",
        "link": "https://scholar.google.com/citations?view_op=view_citation&hl=en&user=TmPZ5uEAAAAJ&cstart=160&citation_for_view=TmPZ5uEAAAAJ:UeHWp8X0CEIC",
        "citation_id": "TmPZ5uEAAAAJ:UeHWp8X0CEIC",
        "authors": "S Babeendran, JR Rizzo, A Moroz",
        "publication": "Rehab Clinical Pocket Guide: Rehabilitation Medicine, 615-625, 2013",
        "year": "2013"
    },
    {
        "title": "Poster 283 Autoimmune Cerebellar Ataxia Associated with Glutamic Acid Decarboxylase Antibodies Minimally Responsive to Immunotherapy and Acute Rehabilitation: A Case Report",
        "link": "https://scholar.google.com/citations?view_op=view_citation&hl=en&user=TmPZ5uEAAAAJ&cstart=160&citation_for_view=TmPZ5uEAAAAJ:maZDTaKrznsC",
        "citation_id": "TmPZ5uEAAAAJ:maZDTaKrznsC",
        "authors": "J Liu, M Ragucci, JR Rizzo",
        "publication": "PM&R 4, S286-S286, 2012",
        "year": "2012"
    },
    {
        "title": "Poster 32 Remarkable Motor and Neurocognitive Recovery in the Syndrome of the Trephined After Cranioplasty and Acute Rehabilitation: A Case Report",
        "link": "https://scholar.google.com/citations?view_op=view_citation&hl=en&user=TmPZ5uEAAAAJ&cstart=160&citation_for_view=TmPZ5uEAAAAJ:5nxA0vEk-isC",
        "citation_id": "TmPZ5uEAAAAJ:5nxA0vEk-isC",
        "authors": "J Liu, M Carroll, B Im, JR Rizzo",
        "publication": "PM&R 10 (4), S200-S201, 2012",
        "year": "2012"
    }
]