[
    {
        "title": "NaijaHate: Evaluating Hate Speech Detection on Nigerian Twitter Using Representative Data",
        "link": "https://scholar.google.com/citations?view_op=view_citation&hl=en&user=sNeVyqoAAAAJ&cstart=160&citation_for_view=sNeVyqoAAAAJ:_5tno0g5mFcC",
        "citation_id": "sNeVyqoAAAAJ:_5tno0g5mFcC",
        "authors": "M Tonneau, PVQ de Castro, K Lasri, I Farouq, L Subramanian, ...",
        "publication": "arXiv preprint arXiv:2403.19260, 2024",
        "year": "2024"
    },
    {
        "title": "Frontiers in Operations: News Event-Driven Forecasting of Commodity Prices",
        "link": "https://scholar.google.com/citations?view_op=view_citation&hl=en&user=sNeVyqoAAAAJ&cstart=160&citation_for_view=sNeVyqoAAAAJ:6ZxmRoH8BuwC",
        "citation_id": "sNeVyqoAAAAJ:6ZxmRoH8BuwC",
        "authors": "S Chakraborty, S Jagabathula, L Subramanian, A Venkataraman",
        "publication": "Manufacturing & Service Operations Management, 2024",
        "year": "2024"
    },
    {
        "title": "Designing Informative Metrics for Few-Shot Example Selection",
        "link": "https://scholar.google.com/citations?view_op=view_citation&hl=en&user=sNeVyqoAAAAJ&cstart=180&citation_for_view=sNeVyqoAAAAJ:DUooU5lO8OsC",
        "citation_id": "sNeVyqoAAAAJ:DUooU5lO8OsC",
        "authors": "R Adiga, L Subramanian, V Chandrasekaran",
        "publication": "arXiv preprint arXiv:2403.03861, 2024",
        "year": "2024"
    },
    {
        "title": "News event-driven forecasting of commodity prices",
        "link": "https://scholar.google.com/citations?view_op=view_citation&hl=en&user=sNeVyqoAAAAJ&cstart=180&citation_for_view=sNeVyqoAAAAJ:sNmaIFBj_lkC",
        "citation_id": "sNeVyqoAAAAJ:sNmaIFBj_lkC",
        "authors": "S Chakraborty, S Jagabathula, L Subramanian, A Venkataraman",
        "publication": "Available at SSRN 4716473, 2024",
        "year": "2024"
    },
    {
        "title": "Predicting food crises using news streams",
        "link": "https://scholar.google.com/citations?view_op=view_citation&hl=en&user=sNeVyqoAAAAJ&cstart=100&citation_for_view=sNeVyqoAAAAJ:HtEfBTGE9r8C",
        "citation_id": "sNeVyqoAAAAJ:HtEfBTGE9r8C",
        "authors": "A Balashankar, L Subramanian, SP Fraiberger",
        "publication": "Science Advances 9 (9), eabm3449, 2023",
        "year": "2023"
    },
    {
        "title": "Understanding sudden traffic jams: From emergence to impact",
        "link": "https://scholar.google.com/citations?view_op=view_citation&hl=en&user=sNeVyqoAAAAJ&cstart=100&citation_for_view=sNeVyqoAAAAJ:8d8msizDQcsC",
        "citation_id": "sNeVyqoAAAAJ:8d8msizDQcsC",
        "authors": "A Bhardwaj, SR Iyer, S Ramesh, J White, L Subramanian",
        "publication": "Development Engineering 8, 100105, 2023",
        "year": "2023"
    },
    {
        "title": "Fast kernel-based association testing of non-linear genetic effects for biobank-scale data",
        "link": "https://scholar.google.com/citations?view_op=view_citation&hl=en&user=sNeVyqoAAAAJ&cstart=120&citation_for_view=sNeVyqoAAAAJ:_axFR9aDTf0C",
        "citation_id": "sNeVyqoAAAAJ:_axFR9aDTf0C",
        "authors": "B Fu, A Pazokitoroudi, M Sudarshan, Z Liu, L Subramanian, ...",
        "publication": "Nature communications 14 (1), 4936, 2023",
        "year": "2023"
    },
    {
        "title": "Generation of a Compendium of Transcription Factor Cascades and Identification of Potential Therapeutic Targets using Graph Machine Learning",
        "link": "https://scholar.google.com/citations?view_op=view_citation&hl=en&user=sNeVyqoAAAAJ&cstart=180&citation_for_view=sNeVyqoAAAAJ:XvxMoLDsR5gC",
        "citation_id": "sNeVyqoAAAAJ:XvxMoLDsR5gC",
        "authors": "S Sivarajkumar, P Tandale, A Bhardwaj, KW Johnson, A Titus, ...",
        "publication": "arXiv preprint arXiv:2311.17969, 2023",
        "year": "2023"
    },
    {
        "title": "Breakthroughs and applications of organ-on-a-chip technology",
        "link": "https://scholar.google.com/citations?view_op=view_citation&hl=en&user=sNeVyqoAAAAJ&cstart=40&citation_for_view=sNeVyqoAAAAJ:YohjEiUPhakC",
        "citation_id": "sNeVyqoAAAAJ:YohjEiUPhakC",
        "authors": "MC Koyilot, P Natarajan, CR Hunt, S Sivarajkumar, R Roy, S Joglekar, ...",
        "publication": "Cells 11 (11), 1828, 2022",
        "year": "2022"
    },
    {
        "title": "To block or not to block: Accelerating mobile web pages on-the-fly through javascript classification",
        "link": "https://scholar.google.com/citations?view_op=view_citation&hl=en&user=sNeVyqoAAAAJ&cstart=60&citation_for_view=sNeVyqoAAAAJ:a9-T7VOCCH8C",
        "citation_id": "sNeVyqoAAAAJ:a9-T7VOCCH8C",
        "authors": "M Chaqfeh, M Haseeb, W Hashmi, P Inshuti, M Ramesh, M Varvello, ...",
        "publication": "Proceedings of the 2022 international conference on information and \u2026, 2022",
        "year": "2022"
    },
    {
        "title": "Qlue: A computer vision tool for uniform qualitative evaluation of web pages",
        "link": "https://scholar.google.com/citations?view_op=view_citation&hl=en&user=sNeVyqoAAAAJ&cstart=100&citation_for_view=sNeVyqoAAAAJ:rmuvC79q63oC",
        "citation_id": "sNeVyqoAAAAJ:rmuvC79q63oC",
        "authors": "W Hashmi, M Chaqfeh, L Subramanian, Y Zaki",
        "publication": "Proceedings of the ACM Web Conference 2022, 2400-2410, 2022",
        "year": "2022"
    },
    {
        "title": "Modeling fine-grained spatio-temporal pollution maps with low-cost sensors",
        "link": "https://scholar.google.com/citations?view_op=view_citation&hl=en&user=sNeVyqoAAAAJ&cstart=100&citation_for_view=sNeVyqoAAAAJ:FAceZFleit8C",
        "citation_id": "sNeVyqoAAAAJ:FAceZFleit8C",
        "authors": "SR Iyer, A Balashankar, WH Aeberhard, S Bhattacharyya, G Rusconi, ...",
        "publication": "npj Climate and Atmospheric Science 5 (1), 76, 2022",
        "year": "2022"
    },
    {
        "title": "Drug-food interactions in the era of molecular big data, machine intelligence, and personalized health",
        "link": "https://scholar.google.com/citations?view_op=view_citation&hl=en&user=sNeVyqoAAAAJ&cstart=120&citation_for_view=sNeVyqoAAAAJ:0izLItjtcgwC",
        "citation_id": "sNeVyqoAAAAJ:0izLItjtcgwC",
        "authors": "R Roy, S Marakkar, MP Vayalil, A Shahanaz, AP Anil, ...",
        "publication": "Recent Advances in Food, Nutrition & Agriculture 13 (1), 27, 2022",
        "year": "2022"
    },
    {
        "title": "Targeted Policy Recommendations using Outcome-aware Clustering",
        "link": "https://scholar.google.com/citations?view_op=view_citation&hl=en&user=sNeVyqoAAAAJ&cstart=180&citation_for_view=sNeVyqoAAAAJ:kh2fBNsKQNwC",
        "citation_id": "sNeVyqoAAAAJ:kh2fBNsKQNwC",
        "authors": "A Balashankar, S Fraiberger, E Deregt, M Gorgens, L Subramanian",
        "publication": "Proceedings of the 5th ACM SIGCAS/SIGCHI Conference on Computing and \u2026, 2022",
        "year": "2022"
    },
    {
        "title": "Learning Pollution Maps from Mobile Phone Images.",
        "link": "https://scholar.google.com/citations?view_op=view_citation&hl=en&user=sNeVyqoAAAAJ&cstart=180&citation_for_view=sNeVyqoAAAAJ:GtLg2Ama23sC",
        "citation_id": "sNeVyqoAAAAJ:GtLg2Ama23sC",
        "authors": "A Bhardwaj, SR Iyer, Y Jalan, L Subramanian",
        "publication": "IJCAI, 5024-5030, 2022",
        "year": "2022"
    },
    {
        "title": "Understanding Sudden Traffic Jams: A Tale of Two Cities",
        "link": "https://scholar.google.com/citations?view_op=view_citation&hl=en&user=sNeVyqoAAAAJ&cstart=180&citation_for_view=sNeVyqoAAAAJ:hCrLmN-GePgC",
        "citation_id": "sNeVyqoAAAAJ:hCrLmN-GePgC",
        "authors": "SR Iyer, S Ramesh, J White, L Subramanian",
        "publication": "Available at SSRN 3994248, 2022",
        "year": "2022"
    },
    {
        "title": "Predictive modelling of susceptibility to substance abuse, mortality and drug-drug interactions in opioid patients",
        "link": "https://scholar.google.com/citations?view_op=view_citation&hl=en&user=sNeVyqoAAAAJ&cstart=60&citation_for_view=sNeVyqoAAAAJ:AvfA0Oy_GE0C",
        "citation_id": "sNeVyqoAAAAJ:AvfA0Oy_GE0C",
        "authors": "R Vunikili, BS Glicksberg, KW Johnson, JT Dudley, L Subramanian, ...",
        "publication": "Frontiers in Artificial Intelligence 4, 742723, 2021",
        "year": "2021"
    },
    {
        "title": "Learning faithful representations of causal graphs",
        "link": "https://scholar.google.com/citations?view_op=view_citation&hl=en&user=sNeVyqoAAAAJ&cstart=80&citation_for_view=sNeVyqoAAAAJ:q3CdL3IzO_QC",
        "citation_id": "sNeVyqoAAAAJ:q3CdL3IzO_QC",
        "authors": "A Balashankar, L Subramanian",
        "publication": "Proceedings of the 59th Annual Meeting of the Association for Computational \u2026, 2021",
        "year": "2021"
    },
    {
        "title": "Systems, methods and computer-accessible mediums for authentication and verification of physical objects",
        "link": "https://scholar.google.com/citations?view_op=view_citation&hl=en&user=sNeVyqoAAAAJ&cstart=100&citation_for_view=sNeVyqoAAAAJ:J_g5lzvAfSwC",
        "citation_id": "sNeVyqoAAAAJ:J_g5lzvAfSwC",
        "authors": "A Sharma, L Subramanian, E Brewer",
        "publication": "US Patent 11,210,495, 2021",
        "year": "2021"
    },
    {
        "title": "Deep significance clustering: a novel approach for identifying risk-stratified and predictive patient subgroups",
        "link": "https://scholar.google.com/citations?view_op=view_citation&hl=en&user=sNeVyqoAAAAJ&cstart=100&citation_for_view=sNeVyqoAAAAJ:Ug5p-4gJ2f0C",
        "citation_id": "sNeVyqoAAAAJ:Ug5p-4gJ2f0C",
        "authors": "Y Huang, Y Liu, PAD Steel, KM Axsom, JR Lee, SL Tummalapalli, F Wang, ...",
        "publication": "Journal of the American Medical Informatics Association 28 (12), 2641-2653, 2021",
        "year": "2021"
    },
    {
        "title": "Fine-grained prediction of food insecurity using news streams",
        "link": "https://scholar.google.com/citations?view_op=view_citation&hl=en&user=sNeVyqoAAAAJ&cstart=140&citation_for_view=sNeVyqoAAAAJ:0N-VGjzr574C",
        "citation_id": "sNeVyqoAAAAJ:0N-VGjzr574C",
        "authors": "A Balashankar, L Subramanian, SP Fraiberger",
        "publication": "arXiv preprint arXiv:2111.15602, 2021",
        "year": "2021"
    },
    {
        "title": "Enhancing neural recommender models through domain-specific concordance",
        "link": "https://scholar.google.com/citations?view_op=view_citation&hl=en&user=sNeVyqoAAAAJ&cstart=140&citation_for_view=sNeVyqoAAAAJ:xtoqd-5pKcoC",
        "citation_id": "sNeVyqoAAAAJ:xtoqd-5pKcoC",
        "authors": "A Balashankar, A Beutel, L Subramanian",
        "publication": "Proceedings of the 14th ACM International Conference on Web Search and Data \u2026, 2021",
        "year": "2021"
    },
    {
        "title": "DICE: Deep Significance Clustering for Outcome-Aware Stratification",
        "link": "https://scholar.google.com/citations?view_op=view_citation&hl=en&user=sNeVyqoAAAAJ&cstart=140&citation_for_view=sNeVyqoAAAAJ:SpbeaW3--B0C",
        "citation_id": "sNeVyqoAAAAJ:SpbeaW3--B0C",
        "authors": "Y Huang, KM Axsom, J Lee, L Subramanian, Y Zhang",
        "publication": "arXiv preprint arXiv:2101.02344, 2021",
        "year": "2021"
    },
    {
        "title": "High precision mammography lesion identification from imprecise medical annotations",
        "link": "https://scholar.google.com/citations?view_op=view_citation&hl=en&user=sNeVyqoAAAAJ&cstart=160&citation_for_view=sNeVyqoAAAAJ:FPJr55Dyh1AC",
        "citation_id": "sNeVyqoAAAAJ:FPJr55Dyh1AC",
        "authors": "U An, A Bhardwaj, K Shameer, L Subramanian",
        "publication": "Frontiers in big Data 4, 742779, 2021",
        "year": "2021"
    },
    {
        "title": "Collectiveteach: a system to generate and sequence web-annotated lesson plans",
        "link": "https://scholar.google.com/citations?view_op=view_citation&hl=en&user=sNeVyqoAAAAJ&cstart=160&citation_for_view=sNeVyqoAAAAJ:XoXfffV-tXoC",
        "citation_id": "sNeVyqoAAAAJ:XoXfffV-tXoC",
        "authors": "R Ranawat, A Venkataraman, L Subramanian",
        "publication": "Proceedings of the 4th ACM SIGCAS Conference on Computing and Sustainable \u2026, 2021",
        "year": "2021"
    },
    {
        "title": "Predicting Angiographic Disease Status: Drawing the line between demographically decoupled and jointly trained models",
        "link": "https://scholar.google.com/citations?view_op=view_citation&hl=en&user=sNeVyqoAAAAJ&cstart=180&citation_for_view=sNeVyqoAAAAJ:ClCfbGk0d_YC",
        "citation_id": "sNeVyqoAAAAJ:ClCfbGk0d_YC",
        "authors": "A Balashankar, A Lees, S Jagabathula, L Subramanian",
        "publication": null,
        "year": "2021"
    },
    {
        "title": "Sepsis in the era of data-driven medicine: personalizing risks, diagnoses, treatments and prognoses",
        "link": "https://scholar.google.com/citations?view_op=view_citation&hl=en&user=sNeVyqoAAAAJ&cstart=40&citation_for_view=sNeVyqoAAAAJ:WZBGuue-350C",
        "citation_id": "sNeVyqoAAAAJ:WZBGuue-350C",
        "authors": "AC Liu, K Patel, RD Vunikili, KW Johnson, F Abdu, SK Belman, ...",
        "publication": "Briefings in Bioinformatics 21 (4), 1182-1195, 2020",
        "year": "2020"
    },
    {
        "title": "The importance of long-term care populations in models of COVID-19",
        "link": "https://scholar.google.com/citations?view_op=view_citation&hl=en&user=sNeVyqoAAAAJ&cstart=40&citation_for_view=sNeVyqoAAAAJ:-FonjvnnhkoC",
        "citation_id": "sNeVyqoAAAAJ:-FonjvnnhkoC",
        "authors": "K Pillemer, L Subramanian, N Hupert",
        "publication": "Jama 324 (1), 25-26, 2020",
        "year": "2020"
    },
    {
        "title": "Forecasting sparse traffic congestion patterns using message-passing rnns",
        "link": "https://scholar.google.com/citations?view_op=view_citation&hl=en&user=sNeVyqoAAAAJ&cstart=100&citation_for_view=sNeVyqoAAAAJ:M7yex6snE4oC",
        "citation_id": "sNeVyqoAAAAJ:M7yex6snE4oC",
        "authors": "SR Iyer, U An, L Subramanian",
        "publication": "ICASSP 2020-2020 IEEE International Conference on Acoustics, Speech and \u2026, 2020",
        "year": "2020"
    },
    {
        "title": "Quantifying the localized relationship between vector containment activities and dengue incidence in a real-world setting: A spatial and time series modelling analysis based on \u2026",
        "link": "https://scholar.google.com/citations?view_op=view_citation&hl=en&user=sNeVyqoAAAAJ&cstart=100&citation_for_view=sNeVyqoAAAAJ:oNZyr7d5Mn4C",
        "citation_id": "sNeVyqoAAAAJ:oNZyr7d5Mn4C",
        "authors": "N Abdur Rehman, H Salje, MUG Kraemer, L Subramanian, U Saif, ...",
        "publication": "PLoS neglected tropical diseases 14 (5), e0008273, 2020",
        "year": "2020"
    },
    {
        "title": "Beyond the text: Analysis of privacy statements through syntactic and semantic role labeling",
        "link": "https://scholar.google.com/citations?view_op=view_citation&hl=en&user=sNeVyqoAAAAJ&cstart=120&citation_for_view=sNeVyqoAAAAJ:e_rmSamDkqQC",
        "citation_id": "sNeVyqoAAAAJ:e_rmSamDkqQC",
        "authors": "Y Shvartzshnaider, A Balashankar, V Patidar, T Wies, L Subramanian",
        "publication": "arXiv preprint arXiv:2010.00678, 2020",
        "year": "2020"
    },
    {
        "title": "Dice: Deep significance clustering for outcome-driven stratification",
        "link": "https://scholar.google.com/citations?view_op=view_citation&hl=en&user=sNeVyqoAAAAJ&cstart=140&citation_for_view=sNeVyqoAAAAJ:S16KYo8Pm5AC",
        "citation_id": "sNeVyqoAAAAJ:S16KYo8Pm5AC",
        "authors": "Y Huang, JC Park, KM Axsom, L Subramanian, Y Zhang",
        "publication": "medRxiv, 2020.10. 04.20204321, 2020",
        "year": "2020"
    },
    {
        "title": "Vaccine: Using contextual integrity for data leakage detection",
        "link": "https://scholar.google.com/citations?view_op=view_citation&hl=en&user=sNeVyqoAAAAJ&cstart=40&citation_for_view=sNeVyqoAAAAJ:kuK5TVdYjLIC",
        "citation_id": "sNeVyqoAAAAJ:kuK5TVdYjLIC",
        "authors": "Y Shvartzshnaider, Z Pavlinovic, A Balashankar, T Wies, L Subramanian, ...",
        "publication": "The World Wide Web Conference, 1702-1712, 2019",
        "year": "2019"
    },
    {
        "title": "What is fair? exploring pareto-efficiency for fairness constrained classifiers",
        "link": "https://scholar.google.com/citations?view_op=view_citation&hl=en&user=sNeVyqoAAAAJ&cstart=40&citation_for_view=sNeVyqoAAAAJ:VaXvl8Fpj5cC",
        "citation_id": "sNeVyqoAAAAJ:VaXvl8Fpj5cC",
        "authors": "A Balashankar, A Lees, C Welty, L Subramanian",
        "publication": "arXiv preprint arXiv:1910.14120, 2019",
        "year": "2019"
    },
    {
        "title": "Identifying predictive causal factors from news streams",
        "link": "https://scholar.google.com/citations?view_op=view_citation&hl=en&user=sNeVyqoAAAAJ&cstart=60&citation_for_view=sNeVyqoAAAAJ:lmc2jWPfTJgC",
        "citation_id": "sNeVyqoAAAAJ:lmc2jWPfTJgC",
        "authors": "A Balashankar, S Chakraborty, S Fraiberger, L Subramanian",
        "publication": "Proceedings of the 2019 conference on empirical methods in natural language \u2026, 2019",
        "year": "2019"
    },
    {
        "title": "Pareto-efficient fairness for skewed subgroup data",
        "link": "https://scholar.google.com/citations?view_op=view_citation&hl=en&user=sNeVyqoAAAAJ&cstart=80&citation_for_view=sNeVyqoAAAAJ:tuHXwOkdijsC",
        "citation_id": "sNeVyqoAAAAJ:tuHXwOkdijsC",
        "authors": "A Balashankar, A Lees, C Welty, L Subramanian",
        "publication": "International Conference on Machine Learning AI for Social Good Workshop \u2026, 2019",
        "year": "2019"
    },
    {
        "title": "Learning Congestion State For mmWave Channels",
        "link": "https://scholar.google.com/citations?view_op=view_citation&hl=en&user=sNeVyqoAAAAJ&cstart=120&citation_for_view=sNeVyqoAAAAJ:LI9QrySNdTsC",
        "citation_id": "sNeVyqoAAAAJ:LI9QrySNdTsC",
        "authors": "T Ahmad, SR Iyer, L Diez, Y Zaki, R Ag\u00fcero, L Subramanian",
        "publication": "Proceedings of the 3rd ACM Workshop on Millimeter-wave Networks and Sensing \u2026, 2019",
        "year": "2019"
    },
    {
        "title": "Gaius: a new mobile content creation and diffusion ecosystem for emerging regions",
        "link": "https://scholar.google.com/citations?view_op=view_citation&hl=en&user=sNeVyqoAAAAJ&cstart=120&citation_for_view=sNeVyqoAAAAJ:BUYA1_V_uYcC",
        "citation_id": "sNeVyqoAAAAJ:BUYA1_V_uYcC",
        "authors": "T Ahmad, Y Zaki, T P\u00f6tsh, J Chen, A Sathiaseelan, L Subramanian",
        "publication": "Proceedings of the Tenth International Conference on Information and \u2026, 2019",
        "year": "2019"
    },
    {
        "title": "Reconstructing the MERS disease outbreak from news",
        "link": "https://scholar.google.com/citations?view_op=view_citation&hl=en&user=sNeVyqoAAAAJ&cstart=120&citation_for_view=sNeVyqoAAAAJ:MLfJN-KU85MC",
        "citation_id": "sNeVyqoAAAAJ:MLfJN-KU85MC",
        "authors": "A Balashankar, A Dugar, L Subramanian, S Fraiberger",
        "publication": "Proceedings of the 2nd ACM SIGCAS Conference on Computing and Sustainable \u2026, 2019",
        "year": "2019"
    },
    {
        "title": "What is Fair? Exploring Pareto-Efficiency for Fairness Constraint Classifiers",
        "link": "https://scholar.google.com/citations?view_op=view_citation&hl=en&user=sNeVyqoAAAAJ&cstart=160&citation_for_view=sNeVyqoAAAAJ:k8Z6L05lTy4C",
        "citation_id": "sNeVyqoAAAAJ:k8Z6L05lTy4C",
        "authors": "AW Lees, A Balashankar, C Welty, L Subramanian",
        "publication": null,
        "year": "2019"
    },
    {
        "title": "Pareto-Efficient Fairness for Skewed Subgroup Data",
        "link": "https://scholar.google.com/citations?view_op=view_citation&hl=en&user=sNeVyqoAAAAJ&cstart=180&citation_for_view=sNeVyqoAAAAJ:b1wdh0AR-JQC",
        "citation_id": "sNeVyqoAAAAJ:b1wdh0AR-JQC",
        "authors": "AW Lees, A Balashankar, C Welty, L Subramanian",
        "publication": null,
        "year": "2019"
    },
    {
        "title": "A model-based embedding technique for segmenting customers",
        "link": "https://scholar.google.com/citations?view_op=view_citation&hl=en&user=sNeVyqoAAAAJ&cstart=60&citation_for_view=sNeVyqoAAAAJ:8AbLer7MMksC",
        "citation_id": "sNeVyqoAAAAJ:8AbLer7MMksC",
        "authors": "S Jagabathula, L Subramanian, A Venkataraman",
        "publication": "Operations Research 66 (5), 1247-1267, 2018",
        "year": "2018"
    },
    {
        "title": "RECIPE: Applying open domain question answering to privacy policies",
        "link": "https://scholar.google.com/citations?view_op=view_citation&hl=en&user=sNeVyqoAAAAJ&cstart=60&citation_for_view=sNeVyqoAAAAJ:uc_IGeMz5qoC",
        "citation_id": "sNeVyqoAAAAJ:uc_IGeMz5qoC",
        "authors": "Y Shvartzshanider, A Balashankar, T Wies, L Subramanian",
        "publication": "Proceedings of the Workshop on Machine Reading for Question Answering, 71-77, 2018",
        "year": "2018"
    },
    {
        "title": "Urban Traffic Congestion Mapping Using Bus Mobility Data.",
        "link": "https://scholar.google.com/citations?view_op=view_citation&hl=en&user=sNeVyqoAAAAJ&cstart=100&citation_for_view=sNeVyqoAAAAJ:URolC5Kub84C",
        "citation_id": "sNeVyqoAAAAJ:URolC5Kub84C",
        "authors": "SR Iyer, K Boxer, L Subramanian",
        "publication": "UMCit@ KDD, 7-13, 2018",
        "year": "2018"
    },
    {
        "title": "GreenApps: A platform for cellular edge applications",
        "link": "https://scholar.google.com/citations?view_op=view_citation&hl=en&user=sNeVyqoAAAAJ&cstart=120&citation_for_view=sNeVyqoAAAAJ:t7zJ5fGR-2UC",
        "citation_id": "sNeVyqoAAAAJ:t7zJ5fGR-2UC",
        "authors": "T Ahmad, E Reed-Sanchez, F Zarinni, A Afutu, K Adjaho, Y Nyarko, ...",
        "publication": "Proceedings of the 1st ACM SIGCAS Conference on Computing and Sustainable \u2026, 2018",
        "year": "2018"
    },
    {
        "title": "Quantifying the impact of dengue containment activities using high-resolution observational data",
        "link": "https://scholar.google.com/citations?view_op=view_citation&hl=en&user=sNeVyqoAAAAJ&cstart=140&citation_for_view=sNeVyqoAAAAJ:zLWjf1WUPmwC",
        "citation_id": "sNeVyqoAAAAJ:zLWjf1WUPmwC",
        "authors": "NA Rehman, H Salje, MUG Kraemer, L Subramanian, S Cauchemez, ...",
        "publication": "bioRxiv, 401653, 2018",
        "year": "2018"
    },
    {
        "title": "The Case for MUSIC: A Programmable IoT Framework for Mobile Urban Sensing Applications",
        "link": "https://scholar.google.com/citations?view_op=view_citation&hl=en&user=sNeVyqoAAAAJ&cstart=180&citation_for_view=sNeVyqoAAAAJ:epqYDVWIO7EC",
        "citation_id": "sNeVyqoAAAAJ:epqYDVWIO7EC",
        "authors": "SR Iyer, S Kumar, K Boxer, F Zarinni, L Subramanian",
        "publication": "arXiv preprint arXiv:1809.11120, 2018",
        "year": "2018"
    },
    {
        "title": "Unsupervised Word Influencer Networks from News Streams",
        "link": "https://scholar.google.com/citations?view_op=view_citation&hl=en&user=sNeVyqoAAAAJ&cstart=180&citation_for_view=sNeVyqoAAAAJ:ipzZ9siozwsC",
        "citation_id": "sNeVyqoAAAAJ:ipzZ9siozwsC",
        "authors": "A Balashankar, S Chakraborty, L Subramanian",
        "publication": "Proceedings of the First Workshop on Economics and Natural Language \u2026, 2018",
        "year": "2018"
    },
    {
        "title": "Mammography Assessment using Multi-Scale Deep Classifiers",
        "link": "https://scholar.google.com/citations?view_op=view_citation&hl=en&user=sNeVyqoAAAAJ&cstart=180&citation_for_view=sNeVyqoAAAAJ:0KyAp5RtaNEC",
        "citation_id": "sNeVyqoAAAAJ:0KyAp5RtaNEC",
        "authors": "U An, K Shameer, L Subramanian",
        "publication": "arXiv preprint arXiv:1807.03095, 2018",
        "year": "2018"
    },
    {
        "title": "Authenticating physical objects using machine learning from microscopic variations",
        "link": "https://scholar.google.com/citations?view_op=view_citation&hl=en&user=sNeVyqoAAAAJ&cstart=20&citation_for_view=sNeVyqoAAAAJ:7T2F9Uy0os0C",
        "citation_id": "sNeVyqoAAAAJ:7T2F9Uy0os0C",
        "authors": "A Sharma, L Subramanian, Y Srinivasan",
        "publication": "US Patent App. 15/302,866, 2017",
        "year": "2017"
    },
    {
        "title": "The fake vs real goods problem: microscopy and machine learning to the rescue",
        "link": "https://scholar.google.com/citations?view_op=view_citation&hl=en&user=sNeVyqoAAAAJ&cstart=40&citation_for_view=sNeVyqoAAAAJ:_Re3VWB3Y0AC",
        "citation_id": "sNeVyqoAAAAJ:_Re3VWB3Y0AC",
        "authors": "A Sharma, V Srinivasan, V Kanchan, L Subramanian",
        "publication": "Proceedings of the 23rd ACM sigkdd international conference on knowledge \u2026, 2017",
        "year": "2017"
    },
    {
        "title": "Systems, method and computer-accessible mediums for providing secure paper transactions using paper fiber identifiers",
        "link": "https://scholar.google.com/citations?view_op=view_citation&hl=en&user=sNeVyqoAAAAJ&cstart=40&citation_for_view=sNeVyqoAAAAJ:EUQCXRtRnyEC",
        "citation_id": "sNeVyqoAAAAJ:EUQCXRtRnyEC",
        "authors": "A Sharma, L Subramanian, E Brewer",
        "publication": "US Patent 9,727,911, 2017",
        "year": "2017"
    },
    {
        "title": "Identifying unreliable and adversarial workers in crowdsourced labeling tasks",
        "link": "https://scholar.google.com/citations?view_op=view_citation&hl=en&user=sNeVyqoAAAAJ&cstart=40&citation_for_view=sNeVyqoAAAAJ:LPZeul_q3PIC",
        "citation_id": "sNeVyqoAAAAJ:LPZeul_q3PIC",
        "authors": "S Jagabathula, L Subramanian, A Venkataraman",
        "publication": "Journal of Machine Learning Research 18 (93), 1-67, 2017",
        "year": "2017"
    },
    {
        "title": "xcache: Rethinking edge caching for developing regions",
        "link": "https://scholar.google.com/citations?view_op=view_citation&hl=en&user=sNeVyqoAAAAJ&cstart=100&citation_for_view=sNeVyqoAAAAJ:35r97b3x0nAC",
        "citation_id": "sNeVyqoAAAAJ:35r97b3x0nAC",
        "authors": "A Raza, Y Zaki, T P\u00f6tsch, J Chen, L Subramanian",
        "publication": "Proceedings of the Ninth International Conference on Information and \u2026, 2017",
        "year": "2017"
    },
    {
        "title": "More than a feeling: the miface framework for defining facial communication mappings",
        "link": "https://scholar.google.com/citations?view_op=view_citation&hl=en&user=sNeVyqoAAAAJ&cstart=100&citation_for_view=sNeVyqoAAAAJ:evX43VCCuoAC",
        "citation_id": "sNeVyqoAAAAJ:evX43VCCuoAC",
        "authors": "C Butler, S Michalowicz, L Subramanian, W Burleson",
        "publication": "Proceedings of the 30th Annual ACM Symposium on User Interface Software and \u2026, 2017",
        "year": "2017"
    },
    {
        "title": "Virtual Cellular ISPs",
        "link": "https://scholar.google.com/citations?view_op=view_citation&hl=en&user=sNeVyqoAAAAJ&cstart=120&citation_for_view=sNeVyqoAAAAJ:j8SEvjWlNXcC",
        "citation_id": "sNeVyqoAAAAJ:j8SEvjWlNXcC",
        "authors": "T Ahmad, L Subramanian",
        "publication": "Proceedings of the 3rd Workshop on Experiences with the Design and \u2026, 2017",
        "year": "2017"
    },
    {
        "title": "A model-based projection technique for segmenting customers",
        "link": "https://scholar.google.com/citations?view_op=view_citation&hl=en&user=sNeVyqoAAAAJ&cstart=120&citation_for_view=sNeVyqoAAAAJ:NJ774b8OgUMC",
        "citation_id": "sNeVyqoAAAAJ:NJ774b8OgUMC",
        "authors": "S Jagabathula, L Subramanian, A Venkataraman",
        "publication": "arXiv preprint arXiv:1701.07483, 2017",
        "year": "2017"
    },
    {
        "title": "The vaccine framework for building dlp systems",
        "link": "https://scholar.google.com/citations?view_op=view_citation&hl=en&user=sNeVyqoAAAAJ&cstart=140&citation_for_view=sNeVyqoAAAAJ:2KloaMYe4IUC",
        "citation_id": "sNeVyqoAAAAJ:2KloaMYe4IUC",
        "authors": "Y Shvartzshnaider, Z Pavlinovic, T Wies, L Subramanian, P Mittal, ...",
        "publication": "arXiv preprint arXiv:1711.02742, 2017",
        "year": "2017"
    },
    {
        "title": "CollectiveTeach: Crowdsourcing Lesson Plans",
        "link": "https://scholar.google.com/citations?view_op=view_citation&hl=en&user=sNeVyqoAAAAJ&cstart=140&citation_for_view=sNeVyqoAAAAJ:i2xiXl-TujoC",
        "citation_id": "sNeVyqoAAAAJ:i2xiXl-TujoC",
        "authors": "A Venkataraman, R Ranawat, S Vakil, J Chen, S Jagabathula, ...",
        "publication": "Workshop on Advancing Education with Data, KDD\u201917, 2017",
        "year": "2017"
    },
    {
        "title": "A decentralized PKI in A mobile ecosystem",
        "link": "https://scholar.google.com/citations?view_op=view_citation&hl=en&user=sNeVyqoAAAAJ&cstart=140&citation_for_view=sNeVyqoAAAAJ:W5xh706n7nkC",
        "citation_id": "sNeVyqoAAAAJ:W5xh706n7nkC",
        "authors": "V Chandrasekaran, L Subramanian",
        "publication": "Cryptology ePrint Archive, 2017",
        "year": "2017"
    },
    {
        "title": "System, method and computer-accessible medium for authenticating physical objects using microscopic textures",
        "link": "https://scholar.google.com/citations?view_op=view_citation&hl=en&user=sNeVyqoAAAAJ&cstart=160&citation_for_view=sNeVyqoAAAAJ:VL0QpB8kHFEC",
        "citation_id": "sNeVyqoAAAAJ:VL0QpB8kHFEC",
        "authors": "A Sharma, V Srinivasan, L Subramanian",
        "publication": "US Patent 9,759,902, 2017",
        "year": "2017"
    },
    {
        "title": "Secure transactions using alphacodes",
        "link": "https://scholar.google.com/citations?view_op=view_citation&hl=en&user=sNeVyqoAAAAJ&cstart=180&citation_for_view=sNeVyqoAAAAJ:fQNAKQ3IYiAC",
        "citation_id": "sNeVyqoAAAAJ:fQNAKQ3IYiAC",
        "authors": "A Sharma, L Subramanian, D Shasha",
        "publication": "US Patent 9,680,806, 2017",
        "year": "2017"
    },
    {
        "title": "Learning privacy expectations by crowdsourcing contextual informational norms",
        "link": "https://scholar.google.com/citations?view_op=view_citation&hl=en&user=sNeVyqoAAAAJ&cstart=20&citation_for_view=sNeVyqoAAAAJ:JQOojiI6XY0C",
        "citation_id": "sNeVyqoAAAAJ:JQOojiI6XY0C",
        "authors": "Y Shvartzshnaider, S Tong, T Wies, P Kift, H Nissenbaum, L Subramanian, ...",
        "publication": "Proceedings of the AAAI Conference on Human Computation and Crowdsourcing 4 \u2026, 2016",
        "year": "2016"
    },
    {
        "title": "Predicting socio-economic indicators using news events",
        "link": "https://scholar.google.com/citations?view_op=view_citation&hl=en&user=sNeVyqoAAAAJ&cstart=40&citation_for_view=sNeVyqoAAAAJ:ZuybSZzF8UAC",
        "citation_id": "sNeVyqoAAAAJ:ZuybSZzF8UAC",
        "authors": "S Chakraborty, A Venkataraman, S Jagabathula, L Subramanian",
        "publication": "Proceedings of the 22nd ACM SIGKDD international conference on knowledge \u2026, 2016",
        "year": "2016"
    },
    {
        "title": "Fine-grained dengue forecasting using telephone triage services",
        "link": "https://scholar.google.com/citations?view_op=view_citation&hl=en&user=sNeVyqoAAAAJ&cstart=40&citation_for_view=sNeVyqoAAAAJ:N5tVd3kTz84C",
        "citation_id": "sNeVyqoAAAAJ:N5tVd3kTz84C",
        "authors": "N Abdur Rehman, S Kalyanaraman, T Ahmad, F Pervaiz, U Saif, ...",
        "publication": "Science advances 2 (7), e1501215, 2016",
        "year": "2016"
    },
    {
        "title": "The effects of the content of fomc communications on us treasury rates",
        "link": "https://scholar.google.com/citations?view_op=view_citation&hl=en&user=sNeVyqoAAAAJ&cstart=80&citation_for_view=sNeVyqoAAAAJ:dQ2og3OwTAUC",
        "citation_id": "sNeVyqoAAAAJ:dQ2og3OwTAUC",
        "authors": "C Rohlfs, S Chakraborty, L Subramanian",
        "publication": "Proceedings of the 2016 Conference on Empirical Methods in Natural Language \u2026, 2016",
        "year": "2016"
    },
    {
        "title": "Extracting signals from news streams for disease outbreak prediction",
        "link": "https://scholar.google.com/citations?view_op=view_citation&hl=en&user=sNeVyqoAAAAJ&cstart=120&citation_for_view=sNeVyqoAAAAJ:UHK10RUVsp4C",
        "citation_id": "sNeVyqoAAAAJ:UHK10RUVsp4C",
        "authors": "S Chakraborty, L Subramanian",
        "publication": "2016 IEEE Global Conference on Signal and Information Processing (GlobalSIP \u2026, 2016",
        "year": "2016"
    },
    {
        "title": "Crowdsourced facial expression mapping using a 3d avatar",
        "link": "https://scholar.google.com/citations?view_op=view_citation&hl=en&user=sNeVyqoAAAAJ&cstart=140&citation_for_view=sNeVyqoAAAAJ:SdhP9T11ey4C",
        "citation_id": "sNeVyqoAAAAJ:SdhP9T11ey4C",
        "authors": "C Butler, L Subramanian, S Michalowicz",
        "publication": "Proceedings of the 2016 CHI Conference Extended Abstracts on Human Factors \u2026, 2016",
        "year": "2016"
    },
    {
        "title": "Secure mobile identities",
        "link": "https://scholar.google.com/citations?view_op=view_citation&hl=en&user=sNeVyqoAAAAJ&cstart=140&citation_for_view=sNeVyqoAAAAJ:PELIpwtuRlgC",
        "citation_id": "sNeVyqoAAAAJ:PELIpwtuRlgC",
        "authors": "V Chandrasekaran, F Amjad, A Sharma, L Subramanian",
        "publication": "arXiv preprint arXiv:1604.04667, 2016",
        "year": "2016"
    },
    {
        "title": "Satellite image analytics, land change and food security",
        "link": "https://scholar.google.com/citations?view_op=view_citation&hl=en&user=sNeVyqoAAAAJ&cstart=140&citation_for_view=sNeVyqoAAAAJ:PR6Y55bgFSsC",
        "citation_id": "sNeVyqoAAAAJ:PR6Y55bgFSsC",
        "authors": "S Chakraborty, Z Jabbar, L Subramanian, Y Nyarko",
        "publication": "ACM SIGKDD Workshop on Data Science for Food, Energy and Water, co-located \u2026, 2016",
        "year": "2016"
    },
    {
        "title": "Technical report: design, implementation and deployment of intermittency-aware cellular edge services for rural areas",
        "link": "https://scholar.google.com/citations?view_op=view_citation&hl=en&user=sNeVyqoAAAAJ&cstart=140&citation_for_view=sNeVyqoAAAAJ:_B80troHkn4C",
        "citation_id": "sNeVyqoAAAAJ:_B80troHkn4C",
        "authors": "T Ahmad, A Afutu, K Adjaho, Y Nyarko, L Subramanian",
        "publication": "arXiv preprint arXiv:1604.05355, 2016",
        "year": "2016"
    },
    {
        "title": "Crowdsourced, actionable and verifiable contextual informational norms",
        "link": "https://scholar.google.com/citations?view_op=view_citation&hl=en&user=sNeVyqoAAAAJ&cstart=140&citation_for_view=sNeVyqoAAAAJ:q3oQSFYPqjQC",
        "citation_id": "sNeVyqoAAAAJ:q3oQSFYPqjQC",
        "authors": "Y Shvartzshnaider, S Tong, T Wies, P Kift, H Nissenbaum, L Subramanian, ...",
        "publication": "arXiv preprint arXiv:1601.04740, 2016",
        "year": "2016"
    },
    {
        "title": "Introduction to the ACM digital library proceedings of ICTD 2016",
        "link": "https://scholar.google.com/citations?view_op=view_citation&hl=en&user=sNeVyqoAAAAJ&cstart=160&citation_for_view=sNeVyqoAAAAJ:VLnqNzywnoUC",
        "citation_id": "sNeVyqoAAAAJ:VLnqNzywnoUC",
        "authors": "K Toyama, S Wyche, L Subramanian, J Srinivasan, R Sterling",
        "publication": "ACM International Conference Proceeding Series 3, 2909646, 2016",
        "year": "2016"
    },
    {
        "title": "Model-driven Delay-based Congestion Control for Cellular Networks",
        "link": "https://scholar.google.com/citations?view_op=view_citation&hl=en&user=sNeVyqoAAAAJ&cstart=160&citation_for_view=sNeVyqoAAAAJ:PoWvk5oyLR8C",
        "citation_id": "sNeVyqoAAAAJ:PoWvk5oyLR8C",
        "authors": "Y Zaki, J Chen, L Subramanian",
        "publication": "Open Networks and Big Data Lab, New York University, 2016",
        "year": "2016"
    },
    {
        "title": "Alphacodes: Usable, secure transactions with untrusted providers using human computable puzzles",
        "link": "https://scholar.google.com/citations?view_op=view_citation&hl=en&user=sNeVyqoAAAAJ&cstart=180&citation_for_view=sNeVyqoAAAAJ:hkOj_22Ku90C",
        "citation_id": "sNeVyqoAAAAJ:hkOj_22Ku90C",
        "authors": "A Sharma, V Chandrasekaran, F Amjad, D Shasha, L Subramanian",
        "publication": "Proceedings of the 7th Annual Symposium on Computing for Development, 1-10, 2016",
        "year": "2016"
    },
    {
        "title": "Crowdsourcing Verifiable Contextual Integrity Norms",
        "link": "https://scholar.google.com/citations?view_op=view_citation&hl=en&user=sNeVyqoAAAAJ&cstart=180&citation_for_view=sNeVyqoAAAAJ:VOx2b1Wkg3QC",
        "citation_id": "sNeVyqoAAAAJ:VOx2b1Wkg3QC",
        "authors": "Y Shvartzshnaider, S Tong, T Wies, P Kift, H Nissenbaum, L Subramanian, ...",
        "publication": "CoRR, 2016",
        "year": "2016"
    },
    {
        "title": "adaptive congestion control for unpredictable cellular networks",
        "link": "https://scholar.google.com/citations?view_op=view_citation&hl=en&user=sNeVyqoAAAAJ&citation_for_view=sNeVyqoAAAAJ:sSrBHYA8nusC",
        "citation_id": "sNeVyqoAAAAJ:sSrBHYA8nusC",
        "authors": "yasir zaki, thomas potsch, jay chen, lakshminarayanan subramanian, ...",
        "publication": "ACM SIGCOMM, 2015",
        "year": "2015"
    },
    {
        "title": "Solar vs diesel: Where to draw the line for cell towers?",
        "link": "https://scholar.google.com/citations?view_op=view_citation&hl=en&user=sNeVyqoAAAAJ&cstart=80&citation_for_view=sNeVyqoAAAAJ:tS2w5q8j5-wC",
        "citation_id": "sNeVyqoAAAAJ:tS2w5q8j5-wC",
        "authors": "T Ahmad, S Kalyanaraman, F Amjad, L Subramanian",
        "publication": "Proceedings of the Seventh International Conference on Information and \u2026, 2015",
        "year": "2015"
    },
    {
        "title": "Extreme web caching for faster web browsing",
        "link": "https://scholar.google.com/citations?view_op=view_citation&hl=en&user=sNeVyqoAAAAJ&cstart=140&citation_for_view=sNeVyqoAAAAJ:B3FOqHPlNUQC",
        "citation_id": "sNeVyqoAAAAJ:B3FOqHPlNUQC",
        "authors": "A Raza, Y Zaki, T P\u00f6tsch, J Chen, L Subramanian",
        "publication": "Proceedings of the 2015 ACM Conference on Special Interest Group on Data \u2026, 2015",
        "year": "2015"
    },
    {
        "title": "Summarization Search: A New Search Abstraction for Mobile Devices",
        "link": "https://scholar.google.com/citations?view_op=view_citation&hl=en&user=sNeVyqoAAAAJ&cstart=160&citation_for_view=sNeVyqoAAAAJ:5Ul4iDaHHb8C",
        "citation_id": "sNeVyqoAAAAJ:5Ul4iDaHHb8C",
        "authors": "S Chakraborty, Z Jabbar, L Subramanian",
        "publication": "Proceedings of the 2015 Annual Symposium on Computing for Development, 69-70, 2015",
        "year": "2015"
    },
    {
        "title": "Reputation-based worker filtering in crowdsourcing",
        "link": "https://scholar.google.com/citations?view_op=view_citation&hl=en&user=sNeVyqoAAAAJ&cstart=20&citation_for_view=sNeVyqoAAAAJ:738O_yMBCRsC",
        "citation_id": "sNeVyqoAAAAJ:738O_yMBCRsC",
        "authors": "S Jagabathula, L Subramanian, A Venkataraman",
        "publication": "Advances in Neural Information Processing Systems 27, 2014",
        "year": "2014"
    },
    {
        "title": "Dissecting web latency in ghana",
        "link": "https://scholar.google.com/citations?view_op=view_citation&hl=en&user=sNeVyqoAAAAJ&cstart=20&citation_for_view=sNeVyqoAAAAJ:Tiz5es2fbqcC",
        "citation_id": "sNeVyqoAAAAJ:Tiz5es2fbqcC",
        "authors": "Y Zaki, J Chen, T P\u00f6tsch, T Ahmad, L Subramanian",
        "publication": "Proceedings of the 2014 Conference on Internet Measurement Conference, 241-248, 2014",
        "year": "2014"
    },
    {
        "title": "Computational sustainability and artificial intelligence in the developing world",
        "link": "https://scholar.google.com/citations?view_op=view_citation&hl=en&user=sNeVyqoAAAAJ&cstart=40&citation_for_view=sNeVyqoAAAAJ:HE397vMXCloC",
        "citation_id": "sNeVyqoAAAAJ:HE397vMXCloC",
        "authors": "J Quinn, V Frias-Martinez, L Subramanian",
        "publication": "AI Magazine 35 (3), 36-47, 2014",
        "year": "2014"
    },
    {
        "title": "Method, system, and computer-accessible medium for authentication of paper using a speckle pattern",
        "link": "https://scholar.google.com/citations?view_op=view_citation&hl=en&user=sNeVyqoAAAAJ&cstart=60&citation_for_view=sNeVyqoAAAAJ:4OULZ7Gr8RgC",
        "citation_id": "sNeVyqoAAAAJ:4OULZ7Gr8RgC",
        "authors": "A Sharma, L Subramanian, EA Brewer",
        "publication": "US Patent 8,781,153, 2014",
        "year": "2014"
    },
    {
        "title": "TAQ: enhancing fairness and performance predictability in small packet regimes",
        "link": "https://scholar.google.com/citations?view_op=view_citation&hl=en&user=sNeVyqoAAAAJ&cstart=60&citation_for_view=sNeVyqoAAAAJ:dshw04ExmUIC",
        "citation_id": "sNeVyqoAAAAJ:dshw04ExmUIC",
        "authors": "J Chen, L Subramanian, J Iyengar, B Ford",
        "publication": "Proceedings of the Ninth European Conference on Computer Systems, 1-14, 2014",
        "year": "2014"
    },
    {
        "title": "Extraction of (key, value) pairs from unstructured ads",
        "link": "https://scholar.google.com/citations?view_op=view_citation&hl=en&user=sNeVyqoAAAAJ&cstart=80&citation_for_view=sNeVyqoAAAAJ:WbkHhVStYXYC",
        "citation_id": "sNeVyqoAAAAJ:WbkHhVStYXYC",
        "authors": "S Chakraborty, L Subramanian, Y Nyarko",
        "publication": "2014 AAAI Fall Symposium Series, 2014",
        "year": "2014"
    },
    {
        "title": "Realizing privacy by definition in social networks",
        "link": "https://scholar.google.com/citations?view_op=view_citation&hl=en&user=sNeVyqoAAAAJ&cstart=100&citation_for_view=sNeVyqoAAAAJ:KxtntwgDAa4C",
        "citation_id": "sNeVyqoAAAAJ:KxtntwgDAa4C",
        "authors": "M Tierney, L Subramanian",
        "publication": "Proceedings of 5th Asia-Pacific Workshop on Systems, 1-7, 2014",
        "year": "2014"
    },
    {
        "title": "Tackling societal grand challenges using mobile computing",
        "link": "https://scholar.google.com/citations?view_op=view_citation&hl=en&user=sNeVyqoAAAAJ&cstart=180&citation_for_view=sNeVyqoAAAAJ:u9iWguZQMMsC",
        "citation_id": "sNeVyqoAAAAJ:u9iWguZQMMsC",
        "authors": "L Subramanian, S Biswas, G Borriello, P Dutta, D Katabi, R Katz",
        "publication": "Proceedings of the 20th annual international conference on Mobile computing \u2026, 2014",
        "year": "2014"
    },
    {
        "title": "Cryptagram: Photo privacy for online social media",
        "link": "https://scholar.google.com/citations?view_op=view_citation&hl=en&user=sNeVyqoAAAAJ&cstart=20&citation_for_view=sNeVyqoAAAAJ:abG-DnoFyZgC",
        "citation_id": "sNeVyqoAAAAJ:abG-DnoFyZgC",
        "authors": "M Tierney, I Spiro, C Bregler, L Subramanian",
        "publication": "Proceedings of the first ACM conference on Online social networks, 75-88, 2013",
        "year": "2013"
    },
    {
        "title": "Interactive web caching for slow or intermittent networks",
        "link": "https://scholar.google.com/citations?view_op=view_citation&hl=en&user=sNeVyqoAAAAJ&cstart=40&citation_for_view=sNeVyqoAAAAJ:p2g8aNsByqUC",
        "citation_id": "sNeVyqoAAAAJ:p2g8aNsByqUC",
        "authors": "J Chen, L Subramanian",
        "publication": "Proceedings of the 4th Annual Symposium on Computing for Development, 1-10, 2013",
        "year": "2013"
    },
    {
        "title": "Characterizing dengue spread and severity using internet media sources",
        "link": "https://scholar.google.com/citations?view_op=view_citation&hl=en&user=sNeVyqoAAAAJ&cstart=80&citation_for_view=sNeVyqoAAAAJ:GnPB-g6toBAC",
        "citation_id": "sNeVyqoAAAAJ:GnPB-g6toBAC",
        "authors": "T Ahmad, NA Rehman, F Pervaiz, S Kalyanaraman, MB Safeer, ...",
        "publication": "Proceedings of the 3rd ACM Symposium on Computing for Development, 1-2, 2013",
        "year": "2013"
    },
    {
        "title": "Detecting Bulk Document Leakage",
        "link": "https://scholar.google.com/citations?view_op=view_citation&hl=en&user=sNeVyqoAAAAJ&cstart=160&citation_for_view=sNeVyqoAAAAJ:zA6iFVUQeVQC",
        "citation_id": "sNeVyqoAAAAJ:zA6iFVUQeVQC",
        "authors": "B Krishnamurthy, S Kumar, A Sharma, L Subramanian",
        "publication": "Download date: Feb 6, 2013",
        "year": "2013"
    },
    {
        "title": "Experiences in designing a mobile GIS mapping tool for rural farmers in Ghana",
        "link": "https://scholar.google.com/citations?view_op=view_citation&hl=en&user=sNeVyqoAAAAJ&cstart=180&citation_for_view=sNeVyqoAAAAJ:NhqRSupF_l8C",
        "citation_id": "sNeVyqoAAAAJ:NhqRSupF_l8C",
        "authors": "S Chakraborty, T Tong, J Chen, A Aman, T Mufti, Y Nyarko, ...",
        "publication": "Proceedings of the 4th Annual Symposium on Computing for Development, 1-2, 2013",
        "year": "2013"
    },
    {
        "title": "RETHINKING INFORMATION",
        "link": "https://scholar.google.com/citations?view_op=view_citation&hl=en&user=sNeVyqoAAAAJ&cstart=180&citation_for_view=sNeVyqoAAAAJ:-_dYPAW6P2MC",
        "citation_id": "sNeVyqoAAAAJ:-_dYPAW6P2MC",
        "authors": "L Subramanian",
        "publication": "YORK UNIVERSITY, 2013",
        "year": "2013"
    },
    {
        "title": "Road traffic congestion in the developing world",
        "link": "https://scholar.google.com/citations?view_op=view_citation&hl=en&user=sNeVyqoAAAAJ&citation_for_view=sNeVyqoAAAAJ:qUcmZB5y_30C",
        "citation_id": "sNeVyqoAAAAJ:qUcmZB5y_30C",
        "authors": "V Jain, A Sharma, L Subramanian",
        "publication": "Proceedings of the 2nd ACM Symposium on Computing for Development, 1-10, 2012",
        "year": "2012"
    },
    {
        "title": "Cost-aware mobile web browsing",
        "link": "https://scholar.google.com/citations?view_op=view_citation&hl=en&user=sNeVyqoAAAAJ&cstart=60&citation_for_view=sNeVyqoAAAAJ:HDshCWvjkbEC",
        "citation_id": "sNeVyqoAAAAJ:HDshCWvjkbEC",
        "authors": "S Chava, R Ennaji, J Chen, L Subramanian",
        "publication": "IEEE Pervasive Computing 11 (3), 34-42, 2012",
        "year": "2012"
    },
    {
        "title": "Exchanging cash with no fear: A fast mobile money reader for the blind",
        "link": "https://scholar.google.com/citations?view_op=view_citation&hl=en&user=sNeVyqoAAAAJ&cstart=60&citation_for_view=sNeVyqoAAAAJ:hMod-77fHWUC",
        "citation_id": "sNeVyqoAAAAJ:hMod-77fHWUC",
        "authors": "N Paisios, A Rubinsteyn, L Subramanian",
        "publication": "Workshop on Frontiers in Accessibility for Pervasive Computing. ACM, 2012",
        "year": "2012"
    },
    {
        "title": "Mobile brailler: Making touch-screen typing accessible to visually impaired users",
        "link": "https://scholar.google.com/citations?view_op=view_citation&hl=en&user=sNeVyqoAAAAJ&cstart=80&citation_for_view=sNeVyqoAAAAJ:TFP_iSt0sucC",
        "citation_id": "sNeVyqoAAAAJ:TFP_iSt0sucC",
        "authors": "N Paisios, A Rubinsteyn, L Subramanian",
        "publication": "Workshop on Frontiers in Accessibility for Pervasive Computing. ACM, 2012",
        "year": "2012"
    },
    {
        "title": "Choosing which clothes to wear confidently: A tool for pattern matching",
        "link": "https://scholar.google.com/citations?view_op=view_citation&hl=en&user=sNeVyqoAAAAJ&cstart=100&citation_for_view=sNeVyqoAAAAJ:maZDTaKrznsC",
        "citation_id": "sNeVyqoAAAAJ:maZDTaKrznsC",
        "authors": "N Paisios, L Subramanian, A Rubinsteyn",
        "publication": "Workshop on Frontiers in Accessibility for Pervasive Computing. ACM, 2012",
        "year": "2012"
    },
    {
        "title": "Traffic density estimation from highly noise image sources",
        "link": "https://scholar.google.com/citations?view_op=view_citation&hl=en&user=sNeVyqoAAAAJ&cstart=100&citation_for_view=sNeVyqoAAAAJ:nb7KW1ujOQ8C",
        "citation_id": "sNeVyqoAAAAJ:nb7KW1ujOQ8C",
        "authors": "V Jain, A Dhananjay, A Sharma, L Subramanian",
        "publication": "Transportation Research Board Annual Summit, 2012",
        "year": "2012"
    },
    {
        "title": "Information and communication technologies for development",
        "link": "https://scholar.google.com/citations?view_op=view_citation&hl=en&user=sNeVyqoAAAAJ&cstart=120&citation_for_view=sNeVyqoAAAAJ:xtRiw3GOFMkC",
        "citation_id": "sNeVyqoAAAAJ:xtRiw3GOFMkC",
        "authors": "R C\u00e1ceres, E Belding, T Parikh, L Subramanian",
        "publication": "IEEE Pervasive Computing 11 (03), 12-14, 2012",
        "year": "2012"
    },
    {
        "title": "Microscopic paper fingerprinting",
        "link": "https://scholar.google.com/citations?view_op=view_citation&hl=en&user=sNeVyqoAAAAJ&cstart=120&citation_for_view=sNeVyqoAAAAJ:1sJd4Hv_s6UC",
        "citation_id": "sNeVyqoAAAAJ:1sJd4Hv_s6UC",
        "authors": "A Sharma, L Subramanian, EA Brewer",
        "publication": "SPIE Newsroom, 2012",
        "year": "2012"
    },
    {
        "title": "Information and Communication Technologies for Development [Guest editors' introduction]",
        "link": "https://scholar.google.com/citations?view_op=view_citation&hl=en&user=sNeVyqoAAAAJ&cstart=120&citation_for_view=sNeVyqoAAAAJ:rO6llkc54NcC",
        "citation_id": "sNeVyqoAAAAJ:rO6llkc54NcC",
        "authors": "R Coceres, E Belding, T Parikh, L Subramanian",
        "publication": "IEEE Pervasive Computing 11 (3), 12-14, 2012",
        "year": "2012"
    },
    {
        "title": "Traffic density estimation for noisy camera sources",
        "link": "https://scholar.google.com/citations?view_op=view_citation&hl=en&user=sNeVyqoAAAAJ&cstart=120&citation_for_view=sNeVyqoAAAAJ:JV2RwH3_ST0C",
        "citation_id": "sNeVyqoAAAAJ:JV2RwH3_ST0C",
        "authors": "V Jain, A Sharma, A Dhananjay, L Subramanian",
        "publication": "Transportation Research Board 91st Annual MeetingTransportation Research Board, 2012",
        "year": "2012"
    },
    {
        "title": "TrickleDNS: Bootstrapping DNS security using social trust",
        "link": "https://scholar.google.com/citations?view_op=view_citation&hl=en&user=sNeVyqoAAAAJ&cstart=140&citation_for_view=sNeVyqoAAAAJ:dfsIfKJdRG4C",
        "citation_id": "sNeVyqoAAAAJ:dfsIfKJdRG4C",
        "authors": "S Sankararaman, J Chen, L Subramanian, V Ramasubramanian",
        "publication": "2012 Fourth International Conference on Communication Systems and Networks \u2026, 2012",
        "year": "2012"
    },
    {
        "title": "On the feasibility and utility of web based educational lesson plans",
        "link": "https://scholar.google.com/citations?view_op=view_citation&hl=en&user=sNeVyqoAAAAJ&cstart=160&citation_for_view=sNeVyqoAAAAJ:pyW8ca7W8N0C",
        "citation_id": "sNeVyqoAAAAJ:pyW8ca7W8N0C",
        "authors": "S Chakraborty, M Kanthamani, J Chen, L Subramanian",
        "publication": "Proceedings of the 2nd ACM Symposium on Computing for Development, 1-10, 2012",
        "year": "2012"
    },
    {
        "title": "Punjab-IDSS: Dengue surveillance, early detection and containment",
        "link": "https://scholar.google.com/citations?view_op=view_citation&hl=en&user=sNeVyqoAAAAJ&cstart=160&citation_for_view=sNeVyqoAAAAJ:J-pR_7NvFogC",
        "citation_id": "sNeVyqoAAAAJ:J-pR_7NvFogC",
        "authors": "F Pervaiz, T Ahmed, NA Rehman, U Saif, L Subramanian",
        "publication": "2012 mHealth Summit, 2012",
        "year": "2012"
    },
    {
        "title": "Computing the disappearance of crop land using satellite images",
        "link": "https://scholar.google.com/citations?view_op=view_citation&hl=en&user=sNeVyqoAAAAJ&cstart=160&citation_for_view=sNeVyqoAAAAJ:mvPsJ3kp5DgC",
        "citation_id": "sNeVyqoAAAAJ:mvPsJ3kp5DgC",
        "authors": "S Chakraborty, S Dalton, Y Nyarko, L Subramanian",
        "publication": "Proceedings of the 3rd International Conference on Computational \u2026, 2012",
        "year": "2012"
    },
    {
        "title": "Automatic topic identification and classification of text messages in the SMSAll system",
        "link": "https://scholar.google.com/citations?view_op=view_citation&hl=en&user=sNeVyqoAAAAJ&cstart=180&citation_for_view=sNeVyqoAAAAJ:OU6Ihb5iCvQC",
        "citation_id": "sNeVyqoAAAAJ:OU6Ihb5iCvQC",
        "authors": "F Pervaiz, L Subramanian, U Saif",
        "publication": "Proceedings of the 2nd ACM Symposium on Computing for Development, 1-1, 2012",
        "year": "2012"
    },
    {
        "title": "Overview of the 3rd ACM SOSP workshop on networking, systems and applications on mobile handhelds",
        "link": "https://scholar.google.com/citations?view_op=view_citation&hl=en&user=sNeVyqoAAAAJ&cstart=180&citation_for_view=sNeVyqoAAAAJ:pqnbT2bcN3wC",
        "citation_id": "sNeVyqoAAAAJ:pqnbT2bcN3wC",
        "authors": "L Subramanian",
        "publication": "ACM SIGOPS Operating Systems Review 45 (3), 63-64, 2012",
        "year": "2012"
    }
]