[
    {
        "title": "Cellular wireless networks in the upper mid-band",
        "link": "https://scholar.google.com/citations?view_op=view_citation&hl=en&user=Iwsb0roAAAAJ&cstart=40&citation_for_view=Iwsb0roAAAAJ:yxmsSjX2EkcC",
        "citation_id": "Iwsb0roAAAAJ:yxmsSjX2EkcC",
        "authors": "S Kang, M Mezzavilla, S Rangan, A Madanayake, SB Venkatakrishnan, ...",
        "publication": "IEEE Open Journal of the Communications Society, 2024",
        "year": "2024"
    },
    {
        "title": "JUMP: Joint communication and sensing with Unsynchronized transceivers Made Practical",
        "link": "https://scholar.google.com/citations?view_op=view_citation&hl=en&user=Iwsb0roAAAAJ&cstart=40&citation_for_view=Iwsb0roAAAAJ:-mN3Mh-tlDkC",
        "citation_id": "Iwsb0roAAAAJ:-mN3Mh-tlDkC",
        "authors": "J Pegoraro, JO Lacruz, T Azzino, M Mezzavilla, M Rossi, J Widmer, ...",
        "publication": "IEEE Transactions on Wireless Communications, 2024",
        "year": "2024"
    },
    {
        "title": "Channel Modeling for FR3 Upper Mid-band via Generative Adversarial Networks",
        "link": "https://scholar.google.com/citations?view_op=view_citation&hl=en&user=Iwsb0roAAAAJ&cstart=80&citation_for_view=Iwsb0roAAAAJ:LPtt_HFRSbwC",
        "citation_id": "Iwsb0roAAAAJ:LPtt_HFRSbwC",
        "authors": "Y Hu, M Yin, M Mezzavilla, H Guo, S Rangan",
        "publication": "arXiv preprint arXiv:2404.17069, 2024",
        "year": "2024"
    },
    {
        "title": "5G Edge Vision: Wearable Assistive Technology for People with Blindness and Low Vision",
        "link": "https://scholar.google.com/citations?view_op=view_citation&hl=en&user=Iwsb0roAAAAJ&cstart=80&citation_for_view=Iwsb0roAAAAJ:3NQIlFlcGxIC",
        "citation_id": "Iwsb0roAAAAJ:3NQIlFlcGxIC",
        "authors": "T Azzino, M Mezzavilla, S Rangan, Y Wang, JR Rizzo",
        "publication": "2024 IEEE Wireless Communications and Networking Conference (WCNC), 1-6, 2024",
        "year": "2024"
    },
    {
        "title": "Terrestrial-Satellite Spectrum Sharing in the Upper Mid-Band with Interference Nulling",
        "link": "https://scholar.google.com/citations?view_op=view_citation&hl=en&user=Iwsb0roAAAAJ&cstart=80&citation_for_view=Iwsb0roAAAAJ:1yWc8FF-_SYC",
        "citation_id": "Iwsb0roAAAAJ:1yWc8FF-_SYC",
        "authors": "S Kang, G Geraci, M Mezzavilla, S Rangan",
        "publication": "arXiv preprint arXiv:2311.12965, 2023",
        "year": "2023"
    },
    {
        "title": "An experimental prototype for multistatic asynchronous isac",
        "link": "https://scholar.google.com/citations?view_op=view_citation&hl=en&user=Iwsb0roAAAAJ&cstart=80&citation_for_view=Iwsb0roAAAAJ:hsZV8lGYWTMC",
        "citation_id": "Iwsb0roAAAAJ:hsZV8lGYWTMC",
        "authors": "M Canil, J Pegoraro, JO Lacruz, M Mezzavilla, M Rossi, J Widmer, ...",
        "publication": "Proceedings of the First ACM Workshop on MmWave Sensing Systems and \u2026, 2023",
        "year": "2023"
    },
    {
        "title": "Parametrization and Estimation of High-Rank Line-of-Sight MIMO Channels with Reflected Paths",
        "link": "https://scholar.google.com/citations?view_op=view_citation&hl=en&user=Iwsb0roAAAAJ&cstart=80&citation_for_view=Iwsb0roAAAAJ:Br1UauaknNIC",
        "citation_id": "Iwsb0roAAAAJ:Br1UauaknNIC",
        "authors": "Y Hu, M Yin, S Rangan, M Mezzavilla",
        "publication": "IEEE Transactions on Wireless Communications, 2023",
        "year": "2023"
    },
    {
        "title": "What will the future of UAV cellular communications be? A flight from 5G to 6G",
        "link": "https://scholar.google.com/citations?view_op=view_citation&hl=en&user=Iwsb0roAAAAJ&citation_for_view=Iwsb0roAAAAJ:IaI1MmNe2tcC",
        "citation_id": "Iwsb0roAAAAJ:IaI1MmNe2tcC",
        "authors": "G Geraci, A Garcia-Rodriguez, MM Azari, A Lozano, M Mezzavilla, ...",
        "publication": "IEEE communications surveys & tutorials 24 (3), 1304-1335, 2022",
        "year": "2022"
    },
    {
        "title": "Generative neural network channel modeling for millimeter-wave UAV communication",
        "link": "https://scholar.google.com/citations?view_op=view_citation&hl=en&user=Iwsb0roAAAAJ&cstart=20&citation_for_view=Iwsb0roAAAAJ:PYBJJbyH-FwC",
        "citation_id": "Iwsb0roAAAAJ:PYBJJbyH-FwC",
        "authors": "W Xia, S Rangan, M Mezzavilla, A Lozano, G Geraci, V Semkin, ...",
        "publication": "IEEE Transactions on Wireless Communications 21 (11), 9417-9431, 2022",
        "year": "2022"
    },
    {
        "title": "Network-aware 5G edge computing for object detection: Augmenting wearables to \u201csee\u201d more, farther and faster",
        "link": "https://scholar.google.com/citations?view_op=view_citation&hl=en&user=Iwsb0roAAAAJ&cstart=40&citation_for_view=Iwsb0roAAAAJ:7wO8s98CvbsC",
        "citation_id": "Iwsb0roAAAAJ:7wO8s98CvbsC",
        "authors": "Z Yuan, T Azzino, Y Hao, Y Lyu, H Pei, A Boldini, M Mezzavilla, ...",
        "publication": "IEEE Access 10, 29612-29632, 2022",
        "year": "2022"
    },
    {
        "title": "Multi-frequency channel modeling for millimeter wave and thz wireless communication via generative adversarial networks",
        "link": "https://scholar.google.com/citations?view_op=view_citation&hl=en&user=Iwsb0roAAAAJ&cstart=60&citation_for_view=Iwsb0roAAAAJ:XUvXOeBm_78C",
        "citation_id": "Iwsb0roAAAAJ:XUvXOeBm_78C",
        "authors": "Y Hu, M Yin, W Xia, S Rangan, M Mezzavilla",
        "publication": "2022 56th Asilomar Conference on Signals, Systems, and Computers, 670-676, 2022",
        "year": "2022"
    },
    {
        "title": "Coexistence of UAVs and terrestrial users in millimeter-wave urban networks",
        "link": "https://scholar.google.com/citations?view_op=view_citation&hl=en&user=Iwsb0roAAAAJ&cstart=60&citation_for_view=Iwsb0roAAAAJ:L1USKYWJimsC",
        "citation_id": "Iwsb0roAAAAJ:L1USKYWJimsC",
        "authors": "S Kang, M Mezzavilla, A Lozano, G Geraci, S Rangan, V Semkin, W Xia, ...",
        "publication": "2022 IEEE Globecom Workshops (GC Wkshps), 1158-1163, 2022",
        "year": "2022"
    },
    {
        "title": "Parametrization of high-rank line-of-sight MIMO channels with reflected paths",
        "link": "https://scholar.google.com/citations?view_op=view_citation&hl=en&user=Iwsb0roAAAAJ&cstart=60&citation_for_view=Iwsb0roAAAAJ:7H_MAutzIkAC",
        "citation_id": "Iwsb0roAAAAJ:7H_MAutzIkAC",
        "authors": "Y Hu, M Yin, S Rangan, M Mezzavilla",
        "publication": "2022 IEEE 23rd International Workshop on Signal Processing Advances in \u2026, 2022",
        "year": "2022"
    },
    {
        "title": "System, method and computer-accessible medium for predicting wireless signal degradation",
        "link": "https://scholar.google.com/citations?view_op=view_citation&hl=en&user=Iwsb0roAAAAJ&cstart=80&citation_for_view=Iwsb0roAAAAJ:jgBuDB5drN8C",
        "citation_id": "Iwsb0roAAAAJ:jgBuDB5drN8C",
        "authors": "D Shasha, A Dhananjay, M Mezzavilla, S Rangan",
        "publication": "US Patent 11,523,399, 2022",
        "year": "2022"
    },
    {
        "title": "System, method and computer-accessible medium for power measurement for mmWave cellular system",
        "link": "https://scholar.google.com/citations?view_op=view_citation&hl=en&user=Iwsb0roAAAAJ&cstart=80&citation_for_view=Iwsb0roAAAAJ:zCSUwVk65WsC",
        "citation_id": "Iwsb0roAAAAJ:zCSUwVk65WsC",
        "authors": "M Mezzavilla, A Dhananjay, D Shasha, S Rangan",
        "publication": "US Patent 11,452,031, 2022",
        "year": "2022"
    },
    {
        "title": "Wireless Channel Prediction in Partially Observed Environments",
        "link": "https://scholar.google.com/citations?view_op=view_citation&hl=en&user=Iwsb0roAAAAJ&cstart=80&citation_for_view=Iwsb0roAAAAJ:owLR8QvbtFgC",
        "citation_id": "Iwsb0roAAAAJ:owLR8QvbtFgC",
        "authors": "M Yin, Y Hu, T Azzino, S Kang, M Mezzavilla, S Rangan",
        "publication": "2022 IEEE 23rd International Workshop on Signal Processing Advances in \u2026, 2022",
        "year": "2022"
    },
    {
        "title": "What Positioning Accuracy is Sufficient for Reliable mmWave A2G Channel Measurements?",
        "link": "https://scholar.google.com/citations?view_op=view_citation&hl=en&user=Iwsb0roAAAAJ&cstart=80&citation_for_view=Iwsb0roAAAAJ:wKETBy42zhYC",
        "citation_id": "Iwsb0roAAAAJ:wKETBy42zhYC",
        "authors": "V Semkin, A Karttunen, S Kang, J Talvitie, M Mezzavilla, S Rangan, ...",
        "publication": "2022 16th European Conference on Antennas and Propagation (EuCAP), 1-5, 2022",
        "year": "2022"
    },
    {
        "title": "Drone detection and classification based on radar cross section signatures",
        "link": "https://scholar.google.com/citations?view_op=view_citation&hl=en&user=Iwsb0roAAAAJ&cstart=20&citation_for_view=Iwsb0roAAAAJ:7BrZ7Jt4UNcC",
        "citation_id": "Iwsb0roAAAAJ:7BrZ7Jt4UNcC",
        "authors": "V Semkin, M Yin, Y Hu, M Mezzavilla, S Rangan",
        "publication": "2020 International Symposium on Antennas and Propagation (ISAP), 223-224, 2021",
        "year": "2021"
    },
    {
        "title": "Lightweight UAV-based measurement system for air-to-ground channels at 28 GHz",
        "link": "https://scholar.google.com/citations?view_op=view_citation&hl=en&user=Iwsb0roAAAAJ&cstart=20&citation_for_view=Iwsb0roAAAAJ:nRpfm8aw39MC",
        "citation_id": "Iwsb0roAAAAJ:nRpfm8aw39MC",
        "authors": "V Semkin, S Kang, J Haarla, W Xia, I Huhtinen, G Geraci, A Lozano, ...",
        "publication": "2021 IEEE 32nd Annual International Symposium on Personal, Indoor and Mobile \u2026, 2021",
        "year": "2021"
    },
    {
        "title": "Millimeter-wave UAV coverage in urban environments",
        "link": "https://scholar.google.com/citations?view_op=view_citation&hl=en&user=Iwsb0roAAAAJ&cstart=40&citation_for_view=Iwsb0roAAAAJ:j7_hQOaDUrUC",
        "citation_id": "Iwsb0roAAAAJ:j7_hQOaDUrUC",
        "authors": "S Kang, M Mezzavilla, A Lozano, G Geraci, W Xia, S Rangan, V Semkin, ...",
        "publication": "2021 IEEE Global Communications Conference (GLOBECOM), 1-6, 2021",
        "year": "2021"
    },
    {
        "title": "6G enabling technologies",
        "link": "https://scholar.google.com/citations?view_op=view_citation&hl=en&user=Iwsb0roAAAAJ&cstart=40&citation_for_view=Iwsb0roAAAAJ:1taIhTC69MYC",
        "citation_id": "Iwsb0roAAAAJ:1taIhTC69MYC",
        "authors": "M Polese, M Giordani, M Mezzavilla, S Rangan, M Zorzi",
        "publication": "6G mobile wireless networks, 25-41, 2021",
        "year": "2021"
    },
    {
        "title": "SkyRoute, a fast and realistic UAV cellular simulation framework",
        "link": "https://scholar.google.com/citations?view_op=view_citation&hl=en&user=Iwsb0roAAAAJ&cstart=60&citation_for_view=Iwsb0roAAAAJ:WHdLCjDvYFkC",
        "citation_id": "Iwsb0roAAAAJ:WHdLCjDvYFkC",
        "authors": "M Yin, TX Tran, A Sharma, M Mezzavilla, S Rangan",
        "publication": "2021 IEEE 29th International Conference on Network Protocols (ICNP), 1-2, 2021",
        "year": "2021"
    },
    {
        "title": "Pi-Radio v1: Calibration techniques to enable fully-digital beamforming at 60 GHz",
        "link": "https://scholar.google.com/citations?view_op=view_citation&hl=en&user=Iwsb0roAAAAJ&cstart=60&citation_for_view=Iwsb0roAAAAJ:FiytvqdAVhgC",
        "citation_id": "Iwsb0roAAAAJ:FiytvqdAVhgC",
        "authors": "A Dhananjay, K Zheng, M Mezzavilla, L Iotti, D Shasha, S Rangan",
        "publication": "Computer Networks 196, 108220, 2021",
        "year": "2021"
    },
    {
        "title": "Understanding energy efficiency and interference tolerance in millimeter wave receivers",
        "link": "https://scholar.google.com/citations?view_op=view_citation&hl=en&user=Iwsb0roAAAAJ&cstart=60&citation_for_view=Iwsb0roAAAAJ:WC23djZS0W4C",
        "citation_id": "Iwsb0roAAAAJ:WC23djZS0W4C",
        "authors": "P Skrimponis, S Kang, A Khalili, W Lee, N Hosseinzadeh, M Mezzavilla, ...",
        "publication": "2021 55th Asilomar Conference on Signals, Systems, and Computers, 645-651, 2021",
        "year": "2021"
    },
    {
        "title": "A preliminary assessment of midhaul links at 140 GHz using ray-tracing",
        "link": "https://scholar.google.com/citations?view_op=view_citation&hl=en&user=Iwsb0roAAAAJ&cstart=60&citation_for_view=Iwsb0roAAAAJ:kw52XkFRtyQC",
        "citation_id": "Iwsb0roAAAAJ:kw52XkFRtyQC",
        "authors": "SR Chintareddy, M Mezzavilla, S Rangan, M Hashemi",
        "publication": "Proceedings of the 5th ACM Workshop on Millimeter-Wave and Terahertz \u2026, 2021",
        "year": "2021"
    },
    {
        "title": "2019 Public Safety Broadband Stakeholder Presentations by NIST Authors",
        "link": "https://scholar.google.com/citations?view_op=view_citation&hl=en&user=Iwsb0roAAAAJ&cstart=80&citation_for_view=Iwsb0roAAAAJ:MhiOAD_qIWkC",
        "citation_id": "Iwsb0roAAAAJ:MhiOAD_qIWkC",
        "authors": "RA Rouil, T Henderson, M Mezzavilla, M Polese, J Pieper, C Liu, ...",
        "publication": "Richard A. Rouil, Tom Henderson, Marco Mezzavilla, Michele Polese, Jaden \u2026, 2021",
        "year": "2021"
    },
    {
        "title": "Determining a receive window of a receiving device that reduces bufferbloat in a wireless communications system, such as that caused by TCP dynamics over millimeter wave links",
        "link": "https://scholar.google.com/citations?view_op=view_citation&hl=en&user=Iwsb0roAAAAJ&cstart=80&citation_for_view=Iwsb0roAAAAJ:uDGL6kOW6j0C",
        "citation_id": "Iwsb0roAAAAJ:uDGL6kOW6j0C",
        "authors": "M Zhang, M Mezzavilla, S Rangan, SS Panwar",
        "publication": "US Patent 11,063,879, 2021",
        "year": "2021"
    },
    {
        "title": "Toward 6G networks: Use cases and technologies",
        "link": "https://scholar.google.com/citations?view_op=view_citation&hl=en&user=Iwsb0roAAAAJ&citation_for_view=Iwsb0roAAAAJ:buQ7SEKw-1sC",
        "citation_id": "Iwsb0roAAAAJ:buQ7SEKw-1sC",
        "authors": "M Giordani, M Polese, M Mezzavilla, S Rangan, M Zorzi",
        "publication": "IEEE communications magazine 58 (3), 55-61, 2020",
        "year": "2020"
    },
    {
        "title": "Power consumption analysis for mobile mmWave and sub-THz receivers",
        "link": "https://scholar.google.com/citations?view_op=view_citation&hl=en&user=Iwsb0roAAAAJ&citation_for_view=Iwsb0roAAAAJ:ubry08Y2EpUC",
        "citation_id": "Iwsb0roAAAAJ:ubry08Y2EpUC",
        "authors": "P Skrimponis, S Dutta, M Mezzavilla, S Rangan, SH Mirfarshbafan, ...",
        "publication": "2020 2nd 6G Wireless Summit (6G SUMMIT), 1-5, 2020",
        "year": "2020"
    },
    {
        "title": "Millimeter wave channel modeling via generative neural networks",
        "link": "https://scholar.google.com/citations?view_op=view_citation&hl=en&user=Iwsb0roAAAAJ&cstart=20&citation_for_view=Iwsb0roAAAAJ:7Hz3ACDFbsoC",
        "citation_id": "Iwsb0roAAAAJ:7Hz3ACDFbsoC",
        "authors": "W Xia, S Rangan, M Mezzavilla, A Lozano, G Geraci, V Semkin, ...",
        "publication": "2020 IEEE Globecom Workshops (GC Wkshps, 1-6, 2020",
        "year": "2020"
    },
    {
        "title": "Multi-array designs for mmWave and sub-THz communication to UAVs",
        "link": "https://scholar.google.com/citations?view_op=view_citation&hl=en&user=Iwsb0roAAAAJ&cstart=20&citation_for_view=Iwsb0roAAAAJ:kVjdVfd2voEC",
        "citation_id": "Iwsb0roAAAAJ:kVjdVfd2voEC",
        "authors": "W Xia, V Semkin, M Mezzavilla, G Loianno, S Rangan",
        "publication": "2020 IEEE 21st International Workshop on Signal Processing Advances in \u2026, 2020",
        "year": "2020"
    },
    {
        "title": "Enabling remote whole-body control with 5g edge computing",
        "link": "https://scholar.google.com/citations?view_op=view_citation&hl=en&user=Iwsb0roAAAAJ&cstart=40&citation_for_view=Iwsb0roAAAAJ:LdasjJ6CEcoC",
        "citation_id": "Iwsb0roAAAAJ:LdasjJ6CEcoC",
        "authors": "H Zhu, M Sharma, K Pfeiffer, M Mezzavilla, J Shen, S Rangan, L Righetti",
        "publication": "2020 IEEE/RSJ international conference on intelligent robots and systems \u2026, 2020",
        "year": "2020"
    },
    {
        "title": "Xilinx RF-SoC-based digital multi-beam array processors for 28/60 GHz wireless testbeds",
        "link": "https://scholar.google.com/citations?view_op=view_citation&hl=en&user=Iwsb0roAAAAJ&cstart=60&citation_for_view=Iwsb0roAAAAJ:cK4Rrx0J3m0C",
        "citation_id": "Iwsb0roAAAAJ:cK4Rrx0J3m0C",
        "authors": "S Pulipati, V Ariyarathna, A Dhananjay, ME Eltayeb, M Mezzavilla, ...",
        "publication": "2020 Moratuwa Engineering Research Conference (MERCon), 254-259, 2020",
        "year": "2020"
    },
    {
        "title": "Calibrating a 4-channel fully-digital 60 GHz SDR",
        "link": "https://scholar.google.com/citations?view_op=view_citation&hl=en&user=Iwsb0roAAAAJ&cstart=60&citation_for_view=Iwsb0roAAAAJ:MpfHP-DdYjUC",
        "citation_id": "Iwsb0roAAAAJ:MpfHP-DdYjUC",
        "authors": "A Dhananjay, K Zheng, J Haarla, L Iotti, M Mezzavilla, D Shasha, ...",
        "publication": "Proceedings of the 14th International Workshop on Wireless Network Testbeds \u2026, 2020",
        "year": "2020"
    },
    {
        "title": "Characterizing 60 GHz patch antenna segments for fully digital transceiver",
        "link": "https://scholar.google.com/citations?view_op=view_citation&hl=en&user=Iwsb0roAAAAJ&cstart=60&citation_for_view=Iwsb0roAAAAJ:v1_lew4L6wgC",
        "citation_id": "Iwsb0roAAAAJ:v1_lew4L6wgC",
        "authors": "J Haarla, V Semkin, K Zheng, A Dhananjay, M Mezzavilla, ...",
        "publication": "2020 14th European Conference on Antennas and Propagation (EuCAP), 1-5, 2020",
        "year": "2020"
    },
    {
        "title": "Fully-digital beamforming demonstration with Pi-Radio mmWave SDR platform",
        "link": "https://scholar.google.com/citations?view_op=view_citation&hl=en&user=Iwsb0roAAAAJ&cstart=60&citation_for_view=Iwsb0roAAAAJ:PaBasH6fAo0C",
        "citation_id": "Iwsb0roAAAAJ:PaBasH6fAo0C",
        "authors": "A Dhananjay, K Zheng, M Mezzavilla, D Shasha, S Rangan",
        "publication": "Proceedings of the Twenty-First International Symposium on Theory \u2026, 2020",
        "year": "2020"
    },
    {
        "title": "DATA SCIENCE ANDARTIFICIAL INTELLIGENCE FOR COMMUNICATIONS",
        "link": "https://scholar.google.com/citations?view_op=view_citation&hl=en&user=Iwsb0roAAAAJ&cstart=80&citation_for_view=Iwsb0roAAAAJ:1lhNe0rCu4AC",
        "citation_id": "Iwsb0roAAAAJ:1lhNe0rCu4AC",
        "authors": "D Raca, AH Zahran, CJ Sreenan, RK Sinha, E Halepovic, R Jana, ...",
        "publication": "IEEE Communications Magazine, 2, 2020",
        "year": "2020"
    },
    {
        "title": "Will TCP work in mmWave 5G cellular networks?",
        "link": "https://scholar.google.com/citations?view_op=view_citation&hl=en&user=Iwsb0roAAAAJ&citation_for_view=Iwsb0roAAAAJ:0CzhzZyukY4C",
        "citation_id": "Iwsb0roAAAAJ:0CzhzZyukY4C",
        "authors": "M Zhang, M Polese, M Mezzavilla, J Zhu, S Rangan, S Panwar, M Zorzi",
        "publication": "IEEE Communications Magazine 57 (1), 65-71, 2019",
        "year": "2019"
    },
    {
        "title": "Millimeter wave remote UAV control and communications for public safety scenarios",
        "link": "https://scholar.google.com/citations?view_op=view_citation&hl=en&user=Iwsb0roAAAAJ&cstart=20&citation_for_view=Iwsb0roAAAAJ:CaZNVDsoPx4C",
        "citation_id": "Iwsb0roAAAAJ:CaZNVDsoPx4C",
        "authors": "W Xia, M Polese, M Mezzavilla, G Loianno, S Rangan, M Zorzi",
        "publication": "2019 16th Annual IEEE International Conference on Sensing, Communication \u2026, 2019",
        "year": "2019"
    },
    {
        "title": "MillimeTera: Toward a large-scale open-source mmWave and terahertz experimental testbed",
        "link": "https://scholar.google.com/citations?view_op=view_citation&hl=en&user=Iwsb0roAAAAJ&cstart=20&citation_for_view=Iwsb0roAAAAJ:48xauSegjOkC",
        "citation_id": "Iwsb0roAAAAJ:48xauSegjOkC",
        "authors": "M Polese, F Restuccia, A Gosain, J Jornet, S Bhardwaj, V Ariyarathna, ...",
        "publication": "Proceedings of the 3rd ACM Workshop on Millimeter-wave Networks and Sensing \u2026, 2019",
        "year": "2019"
    },
    {
        "title": "Software-defined radios to accelerate mmWave wireless innovation",
        "link": "https://scholar.google.com/citations?view_op=view_citation&hl=en&user=Iwsb0roAAAAJ&cstart=40&citation_for_view=Iwsb0roAAAAJ:ALROH1vI_8AC",
        "citation_id": "Iwsb0roAAAAJ:ALROH1vI_8AC",
        "authors": "K Zheng, A Dhananjay, M Mezzavilla, A Madanayake, S Bharadwaj, ...",
        "publication": "2019 IEEE International Symposium on Dynamic Spectrum Access Networks \u2026, 2019",
        "year": "2019"
    },
    {
        "title": "Systems, methods, and computer-readable media utilizing an improved radio frame design and MAC layer for ultra-low latency",
        "link": "https://scholar.google.com/citations?view_op=view_citation&hl=en&user=Iwsb0roAAAAJ&cstart=40&citation_for_view=Iwsb0roAAAAJ:artPoR2Yc-kC",
        "citation_id": "Iwsb0roAAAAJ:artPoR2Yc-kC",
        "authors": "S Dutta, R Ford, S Rangan, M Mezzavilla",
        "publication": "US Patent 10,419,191, 2019",
        "year": "2019"
    },
    {
        "title": "Performance assessment of off-the-shelf mm wave radios for drone communications",
        "link": "https://scholar.google.com/citations?view_op=view_citation&hl=en&user=Iwsb0roAAAAJ&cstart=40&citation_for_view=Iwsb0roAAAAJ:otzGkya1bYkC",
        "citation_id": "Iwsb0roAAAAJ:otzGkya1bYkC",
        "authors": "G Bielsa, M Mezzavilla, J Widmer, S Rangan",
        "publication": "2019 IEEE 20th International Symposium on\" A World of Wireless, Mobile and \u2026, 2019",
        "year": "2019"
    },
    {
        "title": "Improving Google\u2019s BBR for reduced latency and increased fairness",
        "link": "https://scholar.google.com/citations?view_op=view_citation&hl=en&user=Iwsb0roAAAAJ&cstart=60&citation_for_view=Iwsb0roAAAAJ:U4n9YNQMCAIC",
        "citation_id": "Iwsb0roAAAAJ:U4n9YNQMCAIC",
        "authors": "M Zhang, M Mezzavilla, S Rangan, S Panwar",
        "publication": "IEEE INFOCOM 2019-IEEE Conference on Computer Communications Workshops \u2026, 2019",
        "year": "2019"
    },
    {
        "title": "NETWORK AND SERVICE MANAGEMENT",
        "link": "https://scholar.google.com/citations?view_op=view_citation&hl=en&user=Iwsb0roAAAAJ&cstart=80&citation_for_view=Iwsb0roAAAAJ:jL-93Qbq4QoC",
        "citation_id": "Iwsb0roAAAAJ:jL-93Qbq4QoC",
        "authors": "L Bondan, MF Franco, L Marcuzzo, G Venancio, RL Santos, RJ Pfitscher, ...",
        "publication": "IEEE Communications Magazine, 2, 2019",
        "year": "2019"
    },
    {
        "title": "End-to-end simulation of 5G mmWave networks",
        "link": "https://scholar.google.com/citations?view_op=view_citation&hl=en&user=Iwsb0roAAAAJ&citation_for_view=Iwsb0roAAAAJ:5icHVeHT4IsC",
        "citation_id": "Iwsb0roAAAAJ:5icHVeHT4IsC",
        "authors": "M Mezzavilla, M Zhang, M Polese, R Ford, S Dutta, S Rangan, M Zorzi",
        "publication": "IEEE Communications Surveys & Tutorials 20 (3), 2237-2263, 2018",
        "year": "2018"
    },
    {
        "title": "An efficient uplink multi-connectivity scheme for 5G millimeter-wave control plane applications",
        "link": "https://scholar.google.com/citations?view_op=view_citation&hl=en&user=Iwsb0roAAAAJ&citation_for_view=Iwsb0roAAAAJ:vDZJ-YLwNdEC",
        "citation_id": "Iwsb0roAAAAJ:vDZJ-YLwNdEC",
        "authors": "M Giordani, M Mezzavilla, S Rangan, M Zorzi",
        "publication": "IEEE Transactions on Wireless Communications 17 (10), 6806-6821, 2018",
        "year": "2018"
    },
    {
        "title": "A 3GPP NR compliant beam management framework to simulate end-to-end mmWave networks",
        "link": "https://scholar.google.com/citations?view_op=view_citation&hl=en&user=Iwsb0roAAAAJ&cstart=40&citation_for_view=Iwsb0roAAAAJ:4xDN1ZYqzskC",
        "citation_id": "Iwsb0roAAAAJ:4xDN1ZYqzskC",
        "authors": "C Herranz, M Zhang, M Mezzavilla, D Martin-Sacrist\u00e1n, S Rangan, ...",
        "publication": "Proceedings of the 21st ACM International Conference on Modeling, Analysis \u2026, 2018",
        "year": "2018"
    },
    {
        "title": "Understanding end-to-end effects of channel dynamics in millimeter wave 5G new radio",
        "link": "https://scholar.google.com/citations?view_op=view_citation&hl=en&user=Iwsb0roAAAAJ&cstart=40&citation_for_view=Iwsb0roAAAAJ:NyGDZy8z5eUC",
        "citation_id": "Iwsb0roAAAAJ:NyGDZy8z5eUC",
        "authors": "C Slezak, M Zhang, M Mezzavilla, S Rangan",
        "publication": "2018 IEEE 19th International Workshop on Signal Processing Advances in \u2026, 2018",
        "year": "2018"
    },
    {
        "title": "Initial Access, RRC and Mobility",
        "link": "https://scholar.google.com/citations?view_op=view_citation&hl=en&user=Iwsb0roAAAAJ&cstart=80&citation_for_view=Iwsb0roAAAAJ:6yz0xqPARnAC",
        "citation_id": "Iwsb0roAAAAJ:6yz0xqPARnAC",
        "authors": "M Ericson, P Spapis, M S\u00e4ily, K Pedersen, Y Qi, N Barati, T Svensson, ...",
        "publication": "5G System Design: Architectural and Functional Considerations and Long Term \u2026, 2018",
        "year": "2018"
    },
    {
        "title": "Improved handover through dual connectivity in 5G mmWave mobile networks",
        "link": "https://scholar.google.com/citations?view_op=view_citation&hl=en&user=Iwsb0roAAAAJ&citation_for_view=Iwsb0roAAAAJ:u-coK7KVo8oC",
        "citation_id": "Iwsb0roAAAAJ:u-coK7KVo8oC",
        "authors": "M Polese, M Giordani, M Mezzavilla, S Rangan, M Zorzi",
        "publication": "IEEE Journal on Selected Areas in Communications 35 (9), 2069-2084, 2017",
        "year": "2017"
    },
    {
        "title": "Achieving ultra-low latency in 5G millimeter wave cellular networks",
        "link": "https://scholar.google.com/citations?view_op=view_citation&hl=en&user=Iwsb0roAAAAJ&citation_for_view=Iwsb0roAAAAJ:kNdYIx-mwKoC",
        "citation_id": "Iwsb0roAAAAJ:kNdYIx-mwKoC",
        "authors": "R Ford, M Zhang, M Mezzavilla, S Dutta, S Rangan, M Zorzi",
        "publication": "IEEE Communications Magazine 55 (3), 196-203, 2017",
        "year": "2017"
    },
    {
        "title": "Frame structure design and analysis for millimeter wave cellular systems",
        "link": "https://scholar.google.com/citations?view_op=view_citation&hl=en&user=Iwsb0roAAAAJ&citation_for_view=Iwsb0roAAAAJ:8k81kl-MbHgC",
        "citation_id": "Iwsb0roAAAAJ:8k81kl-MbHgC",
        "authors": "S Dutta, M Mezzavilla, R Ford, M Zhang, S Rangan, M Zorzi",
        "publication": "IEEE Transactions on Wireless Communications 16 (3), 1508-1522, 2017",
        "year": "2017"
    },
    {
        "title": "Hybrid spectrum sharing in mmWave cellular networks",
        "link": "https://scholar.google.com/citations?view_op=view_citation&hl=en&user=Iwsb0roAAAAJ&citation_for_view=Iwsb0roAAAAJ:_OXeSy2IsFwC",
        "citation_id": "Iwsb0roAAAAJ:_OXeSy2IsFwC",
        "authors": "M Rebato, F Boccardi, M Mezzavilla, S Rangan, M Zorzi",
        "publication": "IEEE Transactions on Cognitive Communications and Networking 3 (2), 155-168, 2017",
        "year": "2017"
    },
    {
        "title": "Public safety communications above 6 GHz: Challenges and opportunities",
        "link": "https://scholar.google.com/citations?view_op=view_citation&hl=en&user=Iwsb0roAAAAJ&cstart=20&citation_for_view=Iwsb0roAAAAJ:Bg7qf7VwUHIC",
        "citation_id": "Iwsb0roAAAAJ:Bg7qf7VwUHIC",
        "authors": "M Mezzavilla, M Polese, A Zanella, A Dhananjay, S Rangan, C Kessler, ...",
        "publication": "IEEE Access 6, 316-329, 2017",
        "year": "2017"
    },
    {
        "title": "ns-3 implementation of the 3GPP MIMO channel model for frequency spectrum above 6 GHz",
        "link": "https://scholar.google.com/citations?view_op=view_citation&hl=en&user=Iwsb0roAAAAJ&cstart=20&citation_for_view=Iwsb0roAAAAJ:nVrZBo8bIpAC",
        "citation_id": "Iwsb0roAAAAJ:nVrZBo8bIpAC",
        "authors": "M Zhang, M Polese, M Mezzavilla, S Rangan, M Zorzi",
        "publication": "Proceedings of the 2017 Workshop on ns-3, 71-78, 2017",
        "year": "2017"
    },
    {
        "title": "milliProxy: A TCP proxy architecture for 5G mmWave cellular systems",
        "link": "https://scholar.google.com/citations?view_op=view_citation&hl=en&user=Iwsb0roAAAAJ&cstart=20&citation_for_view=Iwsb0roAAAAJ:Ak0FvsSvgGUC",
        "citation_id": "Iwsb0roAAAAJ:Ak0FvsSvgGUC",
        "authors": "M Polese, M Mezzavilla, M Zhang, J Zhu, S Rangan, S Panwar, M Zorzi",
        "publication": "2017 51st Asilomar Conference on Signals, Systems, and Computers, 951-957, 2017",
        "year": "2017"
    },
    {
        "title": "TCP dynamics over mmWave links",
        "link": "https://scholar.google.com/citations?view_op=view_citation&hl=en&user=Iwsb0roAAAAJ&cstart=20&citation_for_view=Iwsb0roAAAAJ:4X0JR2_MtJMC",
        "citation_id": "Iwsb0roAAAAJ:4X0JR2_MtJMC",
        "authors": "M Zhang, M Mezzavilla, J Zhu, S Rangan, S Panwar",
        "publication": "2017 IEEE 18th International Workshop on Signal Processing Advances in \u2026, 2017",
        "year": "2017"
    },
    {
        "title": "User association in 5G mmWave networks",
        "link": "https://scholar.google.com/citations?view_op=view_citation&hl=en&user=Iwsb0roAAAAJ&cstart=20&citation_for_view=Iwsb0roAAAAJ:gKiMpY-AVTkC",
        "citation_id": "Iwsb0roAAAAJ:gKiMpY-AVTkC",
        "authors": "S Goyal, M Mezzavilla, S Rangan, S Panwar, M Zorzi",
        "publication": "2017 IEEE Wireless Communications and Networking Conference (WCNC), 1-6, 2017",
        "year": "2017"
    },
    {
        "title": "Mobility management for TCP in mmWave networks",
        "link": "https://scholar.google.com/citations?view_op=view_citation&hl=en&user=Iwsb0roAAAAJ&cstart=20&citation_for_view=Iwsb0roAAAAJ:F1b5ZUV5XREC",
        "citation_id": "Iwsb0roAAAAJ:F1b5ZUV5XREC",
        "authors": "M Polese, M Mezzavilla, S Rangan, M Zorzi",
        "publication": "Proceedings of the 1st ACM Workshop on Millimeter-Wave Networks and Sensing \u2026, 2017",
        "year": "2017"
    },
    {
        "title": "5G multi-RAT integration evaluations using a common PDCP layer",
        "link": "https://scholar.google.com/citations?view_op=view_citation&hl=en&user=Iwsb0roAAAAJ&cstart=40&citation_for_view=Iwsb0roAAAAJ:sJsF-0ZLhtgC",
        "citation_id": "Iwsb0roAAAAJ:sJsF-0ZLhtgC",
        "authors": "C Kilinc, M Ericson, P Rugeland, I Da Silva, A Zaidi, O Aydin, ...",
        "publication": "2017 IEEE 85th Vehicular Technology Conference (VTC Spring), 1-5, 2017",
        "year": "2017"
    },
    {
        "title": "Agile radio resource management techniques for 5G new radio",
        "link": "https://scholar.google.com/citations?view_op=view_citation&hl=en&user=Iwsb0roAAAAJ&cstart=40&citation_for_view=Iwsb0roAAAAJ:tH6gc1N1XXoC",
        "citation_id": "Iwsb0roAAAAJ:tH6gc1N1XXoC",
        "authors": "A Prasad, A Benjebbour, O Bulakci, KI Pedersen, NK Pratas, M Mezzavilla",
        "publication": "IEEE Communications Magazine 55 (6), 62-63, 2017",
        "year": "2017"
    },
    {
        "title": "mmWave for future public safety communications",
        "link": "https://scholar.google.com/citations?view_op=view_citation&hl=en&user=Iwsb0roAAAAJ&cstart=60&citation_for_view=Iwsb0roAAAAJ:AHdEip9mkN0C",
        "citation_id": "Iwsb0roAAAAJ:AHdEip9mkN0C",
        "authors": "M Polese, M Mezzavilla, S Rangan, C Kessler, M Zorzi",
        "publication": "Proceedings of the First CoNEXT Workshop on ICT Tools for Emergency Networks \u2026, 2017",
        "year": "2017"
    },
    {
        "title": "Initial access in 5G mmWave cellular networks",
        "link": "https://scholar.google.com/citations?view_op=view_citation&hl=en&user=Iwsb0roAAAAJ&citation_for_view=Iwsb0roAAAAJ:MXK_kJrjxJIC",
        "citation_id": "Iwsb0roAAAAJ:MXK_kJrjxJIC",
        "authors": "M Giordani, M Mezzavilla, M Zorzi",
        "publication": "IEEE communications Magazine 54 (11), 40-47, 2016",
        "year": "2016"
    },
    {
        "title": "Initial access in millimeter wave cellular systems",
        "link": "https://scholar.google.com/citations?view_op=view_citation&hl=en&user=Iwsb0roAAAAJ&citation_for_view=Iwsb0roAAAAJ:GFxP56DSvIMC",
        "citation_id": "Iwsb0roAAAAJ:GFxP56DSvIMC",
        "authors": "CN Barati, SA Hosseini, M Mezzavilla, T Korakis, SS Panwar, S Rangan, ...",
        "publication": "IEEE Transactions on Wireless Communications 15 (12), 7926-7940, 2016",
        "year": "2016"
    },
    {
        "title": "Comparative analysis of initial access techniques in 5G mmWave cellular networks",
        "link": "https://scholar.google.com/citations?view_op=view_citation&hl=en&user=Iwsb0roAAAAJ&citation_for_view=Iwsb0roAAAAJ:M3ejUd6NZC8C",
        "citation_id": "Iwsb0roAAAAJ:M3ejUd6NZC8C",
        "authors": "M Giordani, M Mezzavilla, CN Barati, S Rangan, M Zorzi",
        "publication": "2016 Annual Conference on Information Science and Systems (CISS), 268-273, 2016",
        "year": "2016"
    },
    {
        "title": "Multi-connectivity in 5G mmWave cellular networks",
        "link": "https://scholar.google.com/citations?view_op=view_citation&hl=en&user=Iwsb0roAAAAJ&citation_for_view=Iwsb0roAAAAJ:4TOpqqG69KYC",
        "citation_id": "Iwsb0roAAAAJ:4TOpqqG69KYC",
        "authors": "M Giordani, M Mezzavilla, S Rangan, M Zorzi",
        "publication": "2016 Mediterranean Ad Hoc Networking Workshop (Med-Hoc-Net), 1-7, 2016",
        "year": "2016"
    },
    {
        "title": "Transport layer performance in 5G mmWave cellular",
        "link": "https://scholar.google.com/citations?view_op=view_citation&hl=en&user=Iwsb0roAAAAJ&citation_for_view=Iwsb0roAAAAJ:Zph67rFs4hoC",
        "citation_id": "Iwsb0roAAAAJ:Zph67rFs4hoC",
        "authors": "M Zhang, M Mezzavilla, R Ford, S Rangan, S Panwar, E Mellios, D Kong, ...",
        "publication": "2016 IEEE Conference on Computer Communications Workshops (INFOCOM WKSHPS \u2026, 2016",
        "year": "2016"
    },
    {
        "title": "An MDP model for optimal handover decisions in mmWave cellular networks",
        "link": "https://scholar.google.com/citations?view_op=view_citation&hl=en&user=Iwsb0roAAAAJ&citation_for_view=Iwsb0roAAAAJ:UebtZRa9Y70C",
        "citation_id": "Iwsb0roAAAAJ:UebtZRa9Y70C",
        "authors": "M Mezzavilla, S Goyal, S Panwar, S Rangan, M Zorzi",
        "publication": "2016 European conference on networks and communications (EuCNC), 100-105, 2016",
        "year": "2016"
    },
    {
        "title": "Understanding noise and interference regimes in 5G millimeter-wave cellular networks",
        "link": "https://scholar.google.com/citations?view_op=view_citation&hl=en&user=Iwsb0roAAAAJ&citation_for_view=Iwsb0roAAAAJ:_kc_bZDykSQC",
        "citation_id": "Iwsb0roAAAAJ:_kc_bZDykSQC",
        "authors": "M Rebato, M Mezzavilla, S Rangan, F Boccardi, M Zorzi",
        "publication": "European Wireless 2016; 22th European Wireless Conference, 1-5, 2016",
        "year": "2016"
    },
    {
        "title": "Resource sharing in 5G mmWave cellular networks",
        "link": "https://scholar.google.com/citations?view_op=view_citation&hl=en&user=Iwsb0roAAAAJ&citation_for_view=Iwsb0roAAAAJ:ULOm3_A8WrAC",
        "citation_id": "Iwsb0roAAAAJ:ULOm3_A8WrAC",
        "authors": "M Rebato, M Mezzavilla, S Rangan, M Zorzi",
        "publication": "2016 IEEE Conference on Computer Communications Workshops (INFOCOM WKSHPS \u2026, 2016",
        "year": "2016"
    },
    {
        "title": "A framework for end-to-end evaluation of 5G mmWave cellular networks in ns-3",
        "link": "https://scholar.google.com/citations?view_op=view_citation&hl=en&user=Iwsb0roAAAAJ&cstart=20&citation_for_view=Iwsb0roAAAAJ:3fE2CSJIrl8C",
        "citation_id": "Iwsb0roAAAAJ:3fE2CSJIrl8C",
        "authors": "R Ford, M Zhang, S Dutta, M Mezzavilla, S Rangan, M Zorzi",
        "publication": "Proceedings of the 2016 Workshop on ns-3, 85-92, 2016",
        "year": "2016"
    },
    {
        "title": "Performance comparison of dual connectivity and hard handover for LTE-5G tight integration",
        "link": "https://scholar.google.com/citations?view_op=view_citation&hl=en&user=Iwsb0roAAAAJ&cstart=20&citation_for_view=Iwsb0roAAAAJ:Wp0gIr-vW9MC",
        "citation_id": "Iwsb0roAAAAJ:Wp0gIr-vW9MC",
        "authors": "M Polese, M Mezzavilla, M Zorzi",
        "publication": "arXiv preprint arXiv:1607.05425, 2016",
        "year": "2016"
    },
    {
        "title": "Channel dynamics and SNR tracking in millimeter wave cellular systems",
        "link": "https://scholar.google.com/citations?view_op=view_citation&hl=en&user=Iwsb0roAAAAJ&cstart=20&citation_for_view=Iwsb0roAAAAJ:YOwf2qJgpHMC",
        "citation_id": "Iwsb0roAAAAJ:YOwf2qJgpHMC",
        "authors": "M Giordani, M Mezzavilla, A Dhananjay, S Rangan, M Zorzi",
        "publication": "European Wireless 2016; 22th European Wireless Conference, 1-8, 2016",
        "year": "2016"
    },
    {
        "title": "Hybrid spectrum access for mmWave networks",
        "link": "https://scholar.google.com/citations?view_op=view_citation&hl=en&user=Iwsb0roAAAAJ&cstart=20&citation_for_view=Iwsb0roAAAAJ:qxL8FJ1GzNcC",
        "citation_id": "Iwsb0roAAAAJ:qxL8FJ1GzNcC",
        "authors": "M Rebato, F Boccardi, M Mezzavilla, S Rangan, M Zorzi",
        "publication": "2016 mediterranean ad hoc networking workshop (Med-Hoc-Net), 1-7, 2016",
        "year": "2016"
    },
    {
        "title": "The bufferbloat problem over intermittent multi-gbps mmwave links",
        "link": "https://scholar.google.com/citations?view_op=view_citation&hl=en&user=Iwsb0roAAAAJ&cstart=40&citation_for_view=Iwsb0roAAAAJ:Aul-kAQHnToC",
        "citation_id": "Iwsb0roAAAAJ:Aul-kAQHnToC",
        "authors": "M Zhang, M Mezzavilla, J Zhu, S Rangan, S Panwar",
        "publication": "arXiv preprint arXiv:1611.02117, 2016",
        "year": "2016"
    },
    {
        "title": "MAC layer frame design for millimeter wave cellular system",
        "link": "https://scholar.google.com/citations?view_op=view_citation&hl=en&user=Iwsb0roAAAAJ&cstart=40&citation_for_view=Iwsb0roAAAAJ:mVmsd5A6BfQC",
        "citation_id": "Iwsb0roAAAAJ:mVmsd5A6BfQC",
        "authors": "S Dutta, M Mezzavilla, R Ford, M Zhang, S Rangan, M Zorzi",
        "publication": "2016 European Conference on Networks and Communications (EuCNC), 117-121, 2016",
        "year": "2016"
    },
    {
        "title": "New radio 5G user plane design alternatives: One 5G air interface framework supporting multiple services and bands",
        "link": "https://scholar.google.com/citations?view_op=view_citation&hl=en&user=Iwsb0roAAAAJ&cstart=40&citation_for_view=Iwsb0roAAAAJ:lvd772isFD0C",
        "citation_id": "Iwsb0roAAAAJ:lvd772isFD0C",
        "authors": "C Kilinc, JF Monserrat, MC Filippou, N Kuruvatti, AA Zaidi, I Da Silva, ...",
        "publication": "2016 IEEE Globecom Workshops (GC Wkshps), 1-6, 2016",
        "year": "2016"
    },
    {
        "title": "The potential of resource sharing in 5G millimeter-wave bands",
        "link": "https://scholar.google.com/citations?view_op=view_citation&hl=en&user=Iwsb0roAAAAJ&cstart=40&citation_for_view=Iwsb0roAAAAJ:KlAtU1dfN6UC",
        "citation_id": "Iwsb0roAAAAJ:KlAtU1dfN6UC",
        "authors": "M Rebato, M Mezzavilla, S Rangan, M Zorzi",
        "publication": "arXiv preprint arXiv:1602.07732, 2016",
        "year": "2016"
    },
    {
        "title": "Uplink-based framework for control plane applications in 5G mmWave cellular networks",
        "link": "https://scholar.google.com/citations?view_op=view_citation&hl=en&user=Iwsb0roAAAAJ&cstart=60&citation_for_view=Iwsb0roAAAAJ:ZzlSgRqYykMC",
        "citation_id": "Iwsb0roAAAAJ:ZzlSgRqYykMC",
        "authors": "M Giordani, M Mezzavilla, S Rangan, M Zorzi",
        "publication": "arXiv preprint arXiv:1610.04836, 2016",
        "year": "2016"
    },
    {
        "title": "A framework for cross-layer evaluation of 5G mmwave cellular networks in ns-3",
        "link": "https://scholar.google.com/citations?view_op=view_citation&hl=en&user=Iwsb0roAAAAJ&cstart=60&citation_for_view=Iwsb0roAAAAJ:43bX7VzcjpAC",
        "citation_id": "Iwsb0roAAAAJ:43bX7VzcjpAC",
        "authors": "R Ford, M Zhang, S Dutta, M Mezzavilla, S Rangan, M Zorzi",
        "publication": "arXiv preprint arXiv:1602.06932, 2016",
        "year": "2016"
    },
    {
        "title": "D4. 1 draft air interface harmonization and user plane design",
        "link": "https://scholar.google.com/citations?view_op=view_citation&hl=en&user=Iwsb0roAAAAJ&cstart=80&citation_for_view=Iwsb0roAAAAJ:2tRrZ1ZAMYUC",
        "citation_id": "Iwsb0roAAAAJ:2tRrZ1ZAMYUC",
        "authors": "O Aydin, J Gebert, J Belschner, J Bazzi, P Weitkemper, C Kilinc, ...",
        "publication": null,
        "year": "2016"
    },
    {
        "title": "5G mmWave module for the ns-3 network simulator",
        "link": "https://scholar.google.com/citations?view_op=view_citation&hl=en&user=Iwsb0roAAAAJ&citation_for_view=Iwsb0roAAAAJ:WF5omc3nYNoC",
        "citation_id": "Iwsb0roAAAAJ:WF5omc3nYNoC",
        "authors": "M Mezzavilla, S Dutta, M Zhang, MR Akdeniz, S Rangan",
        "publication": "Proceedings of the 18th ACM International Conference on Modeling, Analysis \u2026, 2015",
        "year": "2015"
    },
    {
        "title": "Directional initial access for millimeter wave cellular systems",
        "link": "https://scholar.google.com/citations?view_op=view_citation&hl=en&user=Iwsb0roAAAAJ&cstart=20&citation_for_view=Iwsb0roAAAAJ:5nxA0vEk-isC",
        "citation_id": "Iwsb0roAAAAJ:5nxA0vEk-isC",
        "authors": "CN Barati, SA Hosseini, M Mezzavilla, P Amiri-Eliasi, S Rangan, T Korakis, ...",
        "publication": "2015 49th Asilomar Conference on Signals, Systems and Computers, 307-311, 2015",
        "year": "2015"
    },
    {
        "title": "Dynamic time-domain duplexing for self-backhauled millimeter wave cellular networks",
        "link": "https://scholar.google.com/citations?view_op=view_citation&hl=en&user=Iwsb0roAAAAJ&cstart=20&citation_for_view=Iwsb0roAAAAJ:LkGwnXOMwfcC",
        "citation_id": "Iwsb0roAAAAJ:LkGwnXOMwfcC",
        "authors": "R Ford, F G\u00f3mez-Cuba, M Mezzavilla, S Rangan",
        "publication": "2015 IEEE International Conference on Communication Workshop (ICCW), 13-18, 2015",
        "year": "2015"
    },
    {
        "title": "Millimeter wave module for ns-3 network simulator",
        "link": "https://scholar.google.com/citations?view_op=view_citation&hl=en&user=Iwsb0roAAAAJ&cstart=60&citation_for_view=Iwsb0roAAAAJ:Se3iqnhoufwC",
        "citation_id": "Iwsb0roAAAAJ:Se3iqnhoufwC",
        "authors": "S Dutta, M Zhang, M Mezzavilla, MR Akdeniz, S Rangan",
        "publication": "18th ACM International Conference on Modeling, Analysis and Simulation of \u2026, 2015",
        "year": "2015"
    },
    {
        "title": "Method for controlling the admission of a flow to a network and a network",
        "link": "https://scholar.google.com/citations?view_op=view_citation&hl=en&user=Iwsb0roAAAAJ&cstart=80&citation_for_view=Iwsb0roAAAAJ:_FxGoFyzp5QC",
        "citation_id": "Iwsb0roAAAAJ:_FxGoFyzp5QC",
        "authors": "XP Costa, M Mezzavilla, R De Marca",
        "publication": "US Patent 9,106,590, 2015",
        "year": "2015"
    },
    {
        "title": "E-Diophantine estimating peak allocated capacity in wireless networks",
        "link": "https://scholar.google.com/citations?view_op=view_citation&hl=en&user=Iwsb0roAAAAJ&cstart=80&citation_for_view=Iwsb0roAAAAJ:W7OEmFMy1HYC",
        "citation_id": "Iwsb0roAAAAJ:W7OEmFMy1HYC",
        "authors": "X Costa-P\u00e9rez, Z Wu, M Mezzavilla, JRB de Marca, J Ar\u00e1uz",
        "publication": "Computer Communications 60, 1-11, 2015",
        "year": "2015"
    },
    {
        "title": "Joint user association and resource allocation in ue-relay assisted heterogeneous networks",
        "link": "https://scholar.google.com/citations?view_op=view_citation&hl=en&user=Iwsb0roAAAAJ&cstart=40&citation_for_view=Iwsb0roAAAAJ:roLk4NBRz8UC",
        "citation_id": "Iwsb0roAAAAJ:roLk4NBRz8UC",
        "authors": "M Mezzavilla, K Somasundaram, M Zorzi",
        "publication": "2014 IEEE International Conference on Communications Workshops (ICC), 628-634, 2014",
        "year": "2014"
    },
    {
        "title": "On the effects of cognitive mobility prediction in wireless multi-hop ad hoc networks",
        "link": "https://scholar.google.com/citations?view_op=view_citation&hl=en&user=Iwsb0roAAAAJ&cstart=60&citation_for_view=Iwsb0roAAAAJ:zYLM7Y9cAGgC",
        "citation_id": "Iwsb0roAAAAJ:zYLM7Y9cAGgC",
        "authors": "M Mezzavilla, G Quer, M Zorzi",
        "publication": "2014 IEEE International Conference on Communications (ICC), 1638-1644, 2014",
        "year": "2014"
    },
    {
        "title": "Advanced Resource Management Techniques for Next Generation Wireless Networks",
        "link": "https://scholar.google.com/citations?view_op=view_citation&hl=en&user=Iwsb0roAAAAJ&cstart=80&citation_for_view=Iwsb0roAAAAJ:eQOLeE2rZwMC",
        "citation_id": "Iwsb0roAAAAJ:eQOLeE2rZwMC",
        "authors": "M Mezzavilla",
        "publication": "Universit\u00e0 degli studi di Padova, 2014",
        "year": "2014"
    },
    {
        "title": "Evaluation of Jumboframes feasibility in LTE access networks",
        "link": "https://scholar.google.com/citations?view_op=view_citation&hl=en&user=Iwsb0roAAAAJ&cstart=40&citation_for_view=Iwsb0roAAAAJ:Tyk-4Ss8FVUC",
        "citation_id": "Iwsb0roAAAAJ:Tyk-4Ss8FVUC",
        "authors": "M Mezzavilla, D Chiarotto, D Corujo, M Wetterwald, M Zorzi",
        "publication": "2013 IEEE International Conference on Communications (ICC), 5964-5968, 2013",
        "year": "2013"
    },
    {
        "title": "A lightweight and accurate link abstraction model for the simulation of LTE networks in ns-3",
        "link": "https://scholar.google.com/citations?view_op=view_citation&hl=en&user=Iwsb0roAAAAJ&citation_for_view=Iwsb0roAAAAJ:UeHWp8X0CEIC",
        "citation_id": "Iwsb0roAAAAJ:UeHWp8X0CEIC",
        "authors": "M Mezzavilla, M Miozzo, M Rossi, N Baldo, M Zorzi",
        "publication": "Proceedings of the 15th ACM international conference on Modeling, analysis \u2026, 2012",
        "year": "2012"
    },
    {
        "title": "A performance evaluation tool for spectrum sharing in multi-operator LTE networks",
        "link": "https://scholar.google.com/citations?view_op=view_citation&hl=en&user=Iwsb0roAAAAJ&cstart=20&citation_for_view=Iwsb0roAAAAJ:9yKSN-GCB0IC",
        "citation_id": "Iwsb0roAAAAJ:9yKSN-GCB0IC",
        "authors": "L Anchora, M Mezzavilla, L Badia, M Zorzi",
        "publication": "Computer Communications 35 (18), 2218-2226, 2012",
        "year": "2012"
    }
]