[
    {
        "title": "Federated distillation based indoor localization for IoT networks",
        "link": "https://scholar.google.com/citations?view_op=view_citation&hl=en&user=5aKSeI0AAAAJ&cstart=40&citation_for_view=5aKSeI0AAAAJ:3s1wT3WcHBgC",
        "citation_id": "5aKSeI0AAAAJ:3s1wT3WcHBgC",
        "authors": "Y Etiabi, EM Amhoud",
        "publication": "IEEE Sensors Journal, 2024",
        "year": "2024"
    },
    {
        "title": "On hybrid radar fusion for integrated sensing and communication",
        "link": "https://scholar.google.com/citations?view_op=view_citation&hl=en&user=5aKSeI0AAAAJ&cstart=80&citation_for_view=5aKSeI0AAAAJ:KxtntwgDAa4C",
        "citation_id": "5aKSeI0AAAAJ:KxtntwgDAa4C",
        "authors": "A Chowdary, A Bazzi, M Chafii",
        "publication": "IEEE Transactions on Wireless Communications, 2024",
        "year": "2024"
    },
    {
        "title": "Chirp Spread Spectrum-based Waveform Design and Detection Mechanisms for LPWAN-based IoT\u2013A Survey",
        "link": "https://scholar.google.com/citations?view_op=view_citation&hl=en&user=5aKSeI0AAAAJ&cstart=80&citation_for_view=5aKSeI0AAAAJ:mvPsJ3kp5DgC",
        "citation_id": "5aKSeI0AAAAJ:mvPsJ3kp5DgC",
        "authors": "AW Azim, A Bazzi, R Shubair, M Chafii",
        "publication": "IEEE Access, 2024",
        "year": "2024"
    },
    {
        "title": "A System Level Analysis for Integrated Sensing and Communication",
        "link": "https://scholar.google.com/citations?view_op=view_citation&hl=en&user=5aKSeI0AAAAJ&cstart=100&citation_for_view=5aKSeI0AAAAJ:V3AGJWp-ZtQC",
        "citation_id": "5aKSeI0AAAAJ:V3AGJWp-ZtQC",
        "authors": "R Bomfin, KS Ali, M Chafii",
        "publication": "2024 IEEE Wireless Communications and Networking Conference (WCNC), 1-6, 2024",
        "year": "2024"
    },
    {
        "title": "Ris-enabled integrated sensing and communication for 6g systems",
        "link": "https://scholar.google.com/citations?view_op=view_citation&hl=en&user=5aKSeI0AAAAJ&cstart=100&citation_for_view=5aKSeI0AAAAJ:q3oQSFYPqjQC",
        "citation_id": "5aKSeI0AAAAJ:q3oQSFYPqjQC",
        "authors": "D Wang, A Bazzi, M Chafii",
        "publication": "2024 IEEE Wireless Communications and Networking Conference (WCNC), 1-6, 2024",
        "year": "2024"
    },
    {
        "title": "Full-stack end-to-end sub-THz simulations at 140 GHz using NYUSIM channel model in ns-3",
        "link": "https://scholar.google.com/citations?view_op=view_citation&hl=en&user=5aKSeI0AAAAJ&cstart=100&citation_for_view=5aKSeI0AAAAJ:BrmTIyaxlBUC",
        "citation_id": "5aKSeI0AAAAJ:BrmTIyaxlBUC",
        "authors": "H Poddar, A Chowdary, TS Rappaport, M Chafii",
        "publication": "2024 IEEE Wireless Communications and Networking Conference (WCNC), 1-6, 2024",
        "year": "2024"
    },
    {
        "title": "Impact of Network Geometry on Large Networks with Intelligent Reflecting Surfaces",
        "link": "https://scholar.google.com/citations?view_op=view_citation&hl=en&user=5aKSeI0AAAAJ&cstart=100&citation_for_view=5aKSeI0AAAAJ:t6usbXjVLHcC",
        "citation_id": "5aKSeI0AAAAJ:t6usbXjVLHcC",
        "authors": "KS Ali, M Haenggi, A Al-Dweik, M Chafii",
        "publication": "arXiv preprint arXiv:2405.14976, 2024",
        "year": "2024"
    },
    {
        "title": "Layered Chirp Spread Spectrum Modulations for LPWANs",
        "link": "https://scholar.google.com/citations?view_op=view_citation&hl=en&user=5aKSeI0AAAAJ&cstart=100&citation_for_view=5aKSeI0AAAAJ:WA5NYHcadZ8C",
        "citation_id": "5aKSeI0AAAAJ:WA5NYHcadZ8C",
        "authors": "A Waqar Azim, A Bazzi, R Bomfin, R Shubair, M Chafii",
        "publication": "arXiv e-prints, arXiv: 2405.18799, 2024",
        "year": "2024"
    },
    {
        "title": "Impact of Network Geometry on Large Networks with Intelligent Reflecting Surfaces",
        "link": "https://scholar.google.com/citations?view_op=view_citation&hl=en&user=5aKSeI0AAAAJ&cstart=100&citation_for_view=5aKSeI0AAAAJ:HE397vMXCloC",
        "citation_id": "5aKSeI0AAAAJ:HE397vMXCloC",
        "authors": "K Shaukat Ali, M Haenggi, A Al-Dweik, M Chafii",
        "publication": "arXiv e-prints, arXiv: 2405.14976, 2024",
        "year": "2024"
    },
    {
        "title": "Successive Interference Cancellation for ISAC in a Large Full-Duplex Cellular Network",
        "link": "https://scholar.google.com/citations?view_op=view_citation&hl=en&user=5aKSeI0AAAAJ&cstart=100&citation_for_view=5aKSeI0AAAAJ:XiVPGOgt02cC",
        "citation_id": "5aKSeI0AAAAJ:XiVPGOgt02cC",
        "authors": "KS Ali, R Bomfin, M Chafii",
        "publication": "arXiv preprint arXiv:2405.00109, 2024",
        "year": "2024"
    },
    {
        "title": "TANAGERS: Emergent Communication for UAVs as Flying Passive Radars",
        "link": "https://scholar.google.com/citations?view_op=view_citation&hl=en&user=5aKSeI0AAAAJ&cstart=120&citation_for_view=5aKSeI0AAAAJ:Y5dfb0dijaUC",
        "citation_id": "5aKSeI0AAAAJ:Y5dfb0dijaUC",
        "authors": "S Naoumi, R Bomfin, R Alami, M Chafii",
        "publication": "2024 IEEE Wireless Communications and Networking Conference (WCNC), 1-6, 2024",
        "year": "2024"
    },
    {
        "title": "Welcome From the General Chairs",
        "link": "https://scholar.google.com/citations?view_op=view_citation&hl=en&user=5aKSeI0AAAAJ&cstart=120&citation_for_view=5aKSeI0AAAAJ:eMMeJKvmdy0C",
        "citation_id": "5aKSeI0AAAAJ:eMMeJKvmdy0C",
        "authors": "R Shubair, M Chafii",
        "publication": "2024 IEEE Wireless Communications and Networking Conference (WCNC), 1-1, 2024",
        "year": "2024"
    },
    {
        "title": "Complex Neural Network based Joint AoA and AoD Estimation for Bistatic ISAC",
        "link": "https://scholar.google.com/citations?view_op=view_citation&hl=en&user=5aKSeI0AAAAJ&cstart=120&citation_for_view=5aKSeI0AAAAJ:bnK-pcrLprsC",
        "citation_id": "5aKSeI0AAAAJ:bnK-pcrLprsC",
        "authors": "S Naoumi, A Bazzi, R Bomfin, M Chafii",
        "publication": "IEEE Journal of Selected Topics in Signal Processing, 2024",
        "year": "2024"
    },
    {
        "title": "Successive Interference Cancellation for ISAC in a Large Full-Duplex Cellular Network",
        "link": "https://scholar.google.com/citations?view_op=view_citation&hl=en&user=5aKSeI0AAAAJ&cstart=120&citation_for_view=5aKSeI0AAAAJ:olpn-zPbct0C",
        "citation_id": "5aKSeI0AAAAJ:olpn-zPbct0C",
        "authors": "K Shaukat Ali, R Bomfin, M Chafii",
        "publication": "arXiv e-prints, arXiv: 2405.00109, 2024",
        "year": "2024"
    },
    {
        "title": "On the Performance Analysis of Zero-Padding OFDM for Monostatic ISAC Systems",
        "link": "https://scholar.google.com/citations?view_op=view_citation&hl=en&user=5aKSeI0AAAAJ&cstart=120&citation_for_view=5aKSeI0AAAAJ:kRWSkSYxWN8C",
        "citation_id": "5aKSeI0AAAAJ:kRWSkSYxWN8C",
        "authors": "R Bomfin, M Chafii",
        "publication": "arXiv preprint arXiv:2402.00182, 2024",
        "year": "2024"
    },
    {
        "title": "Indoor Positioning Using Correlation Based Signal Analysis and Convolutional Neural Networks",
        "link": "https://scholar.google.com/citations?view_op=view_citation&hl=en&user=5aKSeI0AAAAJ&cstart=120&citation_for_view=5aKSeI0AAAAJ:Mojj43d5GZwC",
        "citation_id": "5aKSeI0AAAAJ:Mojj43d5GZwC",
        "authors": "I Bizon, A Nimr, G Fettweis, M Chafii",
        "publication": null,
        "year": "2024"
    },
    {
        "title": "Twelve scientific challenges for 6G: Rethinking the foundations of communications theory",
        "link": "https://scholar.google.com/citations?view_op=view_citation&hl=en&user=5aKSeI0AAAAJ&citation_for_view=5aKSeI0AAAAJ:pyW8ca7W8N0C",
        "citation_id": "5aKSeI0AAAAJ:pyW8ca7W8N0C",
        "authors": "M Chafii, L Bariah, S Muhaidat, M Debbah",
        "publication": "IEEE Communications Surveys & Tutorials 25 (2), 868-904, 2023",
        "year": "2023"
    },
    {
        "title": "On outage-based beamforming design for dual-functional radar-communication 6G systems",
        "link": "https://scholar.google.com/citations?view_op=view_citation&hl=en&user=5aKSeI0AAAAJ&citation_for_view=5aKSeI0AAAAJ:vRqMK49ujn8C",
        "citation_id": "5aKSeI0AAAAJ:vRqMK49ujn8C",
        "authors": "A Bazzi, M Chafii",
        "publication": "IEEE Transactions on Wireless Communications 22 (8), 5598-5612, 2023",
        "year": "2023"
    },
    {
        "title": "On integrated sensing and communication waveforms with tunable PAPR",
        "link": "https://scholar.google.com/citations?view_op=view_citation&hl=en&user=5aKSeI0AAAAJ&citation_for_view=5aKSeI0AAAAJ:WbkHhVStYXYC",
        "citation_id": "5aKSeI0AAAAJ:WbkHhVStYXYC",
        "authors": "A Bazzi, M Chafii",
        "publication": "IEEE Transactions on Wireless Communications 22 (11), 7345-7360, 2023",
        "year": "2023"
    },
    {
        "title": "Dual-mode time domain multiplexed chirp spread spectrum",
        "link": "https://scholar.google.com/citations?view_op=view_citation&hl=en&user=5aKSeI0AAAAJ&cstart=20&citation_for_view=5aKSeI0AAAAJ:tS2w5q8j5-wC",
        "citation_id": "5aKSeI0AAAAJ:tS2w5q8j5-wC",
        "authors": "AW Azim, A Bazzi, M Fatima, R Shubair, M Chafii",
        "publication": "IEEE Transactions on Vehicular Technology, 2023",
        "year": "2023"
    },
    {
        "title": "A survey on chirp spread spectrum-based waveform design for IoT",
        "link": "https://scholar.google.com/citations?view_op=view_citation&hl=en&user=5aKSeI0AAAAJ&cstart=40&citation_for_view=5aKSeI0AAAAJ:a0OBvERweLwC",
        "citation_id": "5aKSeI0AAAAJ:a0OBvERweLwC",
        "authors": "AW Azim, A Bazzi, R Shubair, M Chafii",
        "publication": "Authorea Preprints, 2023",
        "year": "2023"
    },
    {
        "title": "Secure full duplex integrated sensing and communications",
        "link": "https://scholar.google.com/citations?view_op=view_citation&hl=en&user=5aKSeI0AAAAJ&cstart=40&citation_for_view=5aKSeI0AAAAJ:eflP2zaiRacC",
        "citation_id": "5aKSeI0AAAAJ:eflP2zaiRacC",
        "authors": "A Bazzi, M Chafii",
        "publication": "IEEE Transactions on Information Forensics and Security, 2023",
        "year": "2023"
    },
    {
        "title": "Emergent communication in multi-agent reinforcement learning for future wireless networks",
        "link": "https://scholar.google.com/citations?view_op=view_citation&hl=en&user=5aKSeI0AAAAJ&cstart=60&citation_for_view=5aKSeI0AAAAJ:B3FOqHPlNUQC",
        "citation_id": "5aKSeI0AAAAJ:B3FOqHPlNUQC",
        "authors": "M Chafii, S Naoumi, R Alami, E Almazrouei, M Bennis, M Debbah",
        "publication": "IEEE Internet of Things Magazine 6 (4), 18-24, 2023",
        "year": "2023"
    },
    {
        "title": "Deep neural network augmented wireless channel estimation for preamble-based ofdm phy on zynq system on chip",
        "link": "https://scholar.google.com/citations?view_op=view_citation&hl=en&user=5aKSeI0AAAAJ&cstart=60&citation_for_view=5aKSeI0AAAAJ:OU6Ihb5iCvQC",
        "citation_id": "5aKSeI0AAAAJ:OU6Ihb5iCvQC",
        "authors": "SAU Haq, AK Gizzini, S Shrey, SJ Darak, S Saurabh, M Chafii",
        "publication": "IEEE Transactions on Very Large Scale Integration (VLSI) Systems 31 (7 \u2026, 2023",
        "year": "2023"
    },
    {
        "title": "Deep learning-based estimation for multitarget radar detection",
        "link": "https://scholar.google.com/citations?view_op=view_citation&hl=en&user=5aKSeI0AAAAJ&cstart=60&citation_for_view=5aKSeI0AAAAJ:uWQEDVKXjbEC",
        "citation_id": "5aKSeI0AAAAJ:uWQEDVKXjbEC",
        "authors": "M Delamou, A Bazzi, M Chafii, EM Amhoud",
        "publication": "2023 IEEE 97th Vehicular Technology Conference (VTC2023-Spring), 1-5, 2023",
        "year": "2023"
    },
    {
        "title": "Robust integrated sensing and communication beamforming for dual-functional radar and communications: Method and insights",
        "link": "https://scholar.google.com/citations?view_op=view_citation&hl=en&user=5aKSeI0AAAAJ&cstart=60&citation_for_view=5aKSeI0AAAAJ:dshw04ExmUIC",
        "citation_id": "5aKSeI0AAAAJ:dshw04ExmUIC",
        "authors": "A Bazzi, M Chafii",
        "publication": "arXiv preprint arXiv:2303.07652, 2023",
        "year": "2023"
    },
    {
        "title": "RNN Based Channel Estimation in Doubly Selective Environments",
        "link": "https://scholar.google.com/citations?view_op=view_citation&hl=en&user=5aKSeI0AAAAJ&cstart=60&citation_for_view=5aKSeI0AAAAJ:08ZZubdj9fEC",
        "citation_id": "5aKSeI0AAAAJ:08ZZubdj9fEC",
        "authors": "AK Gizzini, M Chafii",
        "publication": "IEEE Transactions on Machine Learning in Communications and Networking, 2023",
        "year": "2023"
    },
    {
        "title": "Deep Learning Based Channel Estimation in High Mobility Communications Using Bi-RNN Networks",
        "link": "https://scholar.google.com/citations?view_op=view_citation&hl=en&user=5aKSeI0AAAAJ&cstart=60&citation_for_view=5aKSeI0AAAAJ:UxriW0iASnsC",
        "citation_id": "5aKSeI0AAAAJ:UxriW0iASnsC",
        "authors": "AK Gizzini, M Chafii",
        "publication": "ICC 2023-IEEE International Conference on Communications, 2607-2612, 2023",
        "year": "2023"
    },
    {
        "title": "Blind transmitter localization using deep learning: a scalability study",
        "link": "https://scholar.google.com/citations?view_op=view_citation&hl=en&user=5aKSeI0AAAAJ&cstart=80&citation_for_view=5aKSeI0AAAAJ:nb7KW1ujOQ8C",
        "citation_id": "5aKSeI0AAAAJ:nb7KW1ujOQ8C",
        "authors": "I Bizon, A Nimr, P Schulz, M Chafii, GP Fettweis",
        "publication": "2023 IEEE Wireless Communications and Networking Conference (WCNC), 1-6, 2023",
        "year": "2023"
    },
    {
        "title": "A Dynamic Transmission Strategy for ISAC in Large Networks",
        "link": "https://scholar.google.com/citations?view_op=view_citation&hl=en&user=5aKSeI0AAAAJ&cstart=80&citation_for_view=5aKSeI0AAAAJ:J-pR_7NvFogC",
        "citation_id": "5aKSeI0AAAAJ:J-pR_7NvFogC",
        "authors": "KS Ali, M Chafii",
        "publication": "GLOBECOM 2023-2023 IEEE Global Communications Conference, 4576-4582, 2023",
        "year": "2023"
    },
    {
        "title": "SCA-Based Beamforming Optimization for IRS-Enabled Secure Integrated Sensing and Communication",
        "link": "https://scholar.google.com/citations?view_op=view_citation&hl=en&user=5aKSeI0AAAAJ&cstart=80&citation_for_view=5aKSeI0AAAAJ:SP6oXDckpogC",
        "citation_id": "5aKSeI0AAAAJ:SP6oXDckpogC",
        "authors": "V Kumar, M Chafii, AL Swindlehurst, LN Tran, MF Flanagan",
        "publication": "GLOBECOM 2023-2023 IEEE Global Communications Conference, 5992-5997, 2023",
        "year": "2023"
    },
    {
        "title": "Emergent Communication in Multi-Agent Reinforcement Learning for Flying Base Stations",
        "link": "https://scholar.google.com/citations?view_op=view_citation&hl=en&user=5aKSeI0AAAAJ&cstart=80&citation_for_view=5aKSeI0AAAAJ:geHnlv5EZngC",
        "citation_id": "5aKSeI0AAAAJ:geHnlv5EZngC",
        "authors": "S Naoumi, R Alami, H Hacid, E Almazrouei, M Debbah, M Bennis, ...",
        "publication": "2023 IEEE International Mediterranean Conference on Communications and \u2026, 2023",
        "year": "2023"
    },
    {
        "title": "Data sets for machine learning in wireless communications and networks",
        "link": "https://scholar.google.com/citations?view_op=view_citation&hl=en&user=5aKSeI0AAAAJ&cstart=80&citation_for_view=5aKSeI0AAAAJ:1qzjygNMrQYC",
        "citation_id": "5aKSeI0AAAAJ:1qzjygNMrQYC",
        "authors": "C Fischione, M Chafii, Y Deng, M Erol-Kantarci",
        "publication": "IEEE Communications Magazine 61 (9), 80-81, 2023",
        "year": "2023"
    },
    {
        "title": "6G: Vision, Applications, and Challenges",
        "link": "https://scholar.google.com/citations?view_op=view_citation&hl=en&user=5aKSeI0AAAAJ&cstart=100&citation_for_view=5aKSeI0AAAAJ:LPZeul_q3PIC",
        "citation_id": "5aKSeI0AAAAJ:LPZeul_q3PIC",
        "authors": "DB da Costa, Q Zhao, M Chafii, F Bader, M Debbah",
        "publication": "Fundamentals of 6G Communications and Networking, 15-69, 2023",
        "year": "2023"
    },
    {
        "title": "Hypothesis Testing on FMCW and OFDM for Joint Communication and Radar in IEEE 802.11 bd",
        "link": "https://scholar.google.com/citations?view_op=view_citation&hl=en&user=5aKSeI0AAAAJ&cstart=100&citation_for_view=5aKSeI0AAAAJ:XiSMed-E-HIC",
        "citation_id": "5aKSeI0AAAAJ:XiSMed-E-HIC",
        "authors": "S Ehsanfar, A Bazzi, K M\u00f6\u00dfner, M Chafii",
        "publication": "2023 IEEE International Conference on Communications Workshops (ICC \u2026, 2023",
        "year": "2023"
    },
    {
        "title": "A Novel Satellite Selection Algorithm Using LSTM Neural Networks For Single-epoch Localization",
        "link": "https://scholar.google.com/citations?view_op=view_citation&hl=en&user=5aKSeI0AAAAJ&cstart=100&citation_for_view=5aKSeI0AAAAJ:Tiz5es2fbqcC",
        "citation_id": "5aKSeI0AAAAJ:Tiz5es2fbqcC",
        "authors": "I Sbeity, C Villien, C Combettes, B Denis, EV Belmega, M Chafii",
        "publication": "2023 IEEE/ION Position, Location and Navigation Symposium (PLANS), 105-112, 2023",
        "year": "2023"
    },
    {
        "title": "On optimality of gamma approximation for lognormal shadowing models",
        "link": "https://scholar.google.com/citations?view_op=view_citation&hl=en&user=5aKSeI0AAAAJ&cstart=100&citation_for_view=5aKSeI0AAAAJ:xtRiw3GOFMkC",
        "citation_id": "5aKSeI0AAAAJ:xtRiw3GOFMkC",
        "authors": "S Dang, J Ye, MA Beach, M Chafii",
        "publication": "IEEE Antennas and Wireless Propagation Letters 22 (5), 1099-1103, 2023",
        "year": "2023"
    },
    {
        "title": "Deep Learning-Enabled Angle Estimation in Bistatic ISAC Systems",
        "link": "https://scholar.google.com/citations?view_op=view_citation&hl=en&user=5aKSeI0AAAAJ&cstart=120&citation_for_view=5aKSeI0AAAAJ:5ugPr518TE4C",
        "citation_id": "5aKSeI0AAAAJ:5ugPr518TE4C",
        "authors": "S Naoumi, A Bazzi, R Bomfin, M Chafii",
        "publication": "2023 IEEE Globecom Workshops (GC Wkshps), 854-859, 2023",
        "year": "2023"
    },
    {
        "title": "Physical Layer Security of Partial-NOMA and NOMA in Poisson Networks",
        "link": "https://scholar.google.com/citations?view_op=view_citation&hl=en&user=5aKSeI0AAAAJ&cstart=120&citation_for_view=5aKSeI0AAAAJ:VOx2b1Wkg3QC",
        "citation_id": "5aKSeI0AAAAJ:VOx2b1Wkg3QC",
        "authors": "KS Ali, A Al-Dweik, E Hossain, M Chafii",
        "publication": "IEEE Transactions on Wireless Communications, 2023",
        "year": "2023"
    },
    {
        "title": "Layered Chirp Spread Spectrum Modulations for LPWANs",
        "link": "https://scholar.google.com/citations?view_op=view_citation&hl=en&user=5aKSeI0AAAAJ&cstart=120&citation_for_view=5aKSeI0AAAAJ:eJXPG6dFmWUC",
        "citation_id": "5aKSeI0AAAAJ:eJXPG6dFmWUC",
        "authors": "AW Azim, A Bazzi, R Bomfin, R Shubair, M Chafii",
        "publication": "IEEE Transactions on Communications, 2023",
        "year": "2023"
    },
    {
        "title": "Uplink and Downlink Communications Fusion for Enhanced Radar Sensing",
        "link": "https://scholar.google.com/citations?view_op=view_citation&hl=en&user=5aKSeI0AAAAJ&cstart=120&citation_for_view=5aKSeI0AAAAJ:8AbLer7MMksC",
        "citation_id": "5aKSeI0AAAAJ:8AbLer7MMksC",
        "authors": "A Chowdary, A Bazzi, M Chafii",
        "publication": "2023 IEEE 24th International Workshop on Signal Processing Advances in \u2026, 2023",
        "year": "2023"
    },
    {
        "title": "Sparse-DFT and WHT Precoding with Iterative Detection for Highly Frequency-Selective Channels",
        "link": "https://scholar.google.com/citations?view_op=view_citation&hl=en&user=5aKSeI0AAAAJ&cstart=120&citation_for_view=5aKSeI0AAAAJ:4fKUyHm3Qg0C",
        "citation_id": "5aKSeI0AAAAJ:4fKUyHm3Qg0C",
        "authors": "R Bomfin, M Chafii",
        "publication": "IEEE Transactions on Wireless Communications, 2023",
        "year": "2023"
    },
    {
        "title": "Meta Distribution of Partial-NOMA",
        "link": "https://scholar.google.com/citations?view_op=view_citation&hl=en&user=5aKSeI0AAAAJ&cstart=120&citation_for_view=5aKSeI0AAAAJ:fQNAKQ3IYiAC",
        "citation_id": "5aKSeI0AAAAJ:fQNAKQ3IYiAC",
        "authors": "K Shaukat Ali, A Al-Dweik, E Hossain, M Chafii",
        "publication": "arXiv e-prints, arXiv: 2309.06205, 2023",
        "year": "2023"
    },
    {
        "title": "Mutual Information Based Pilot Design for ISAC",
        "link": "https://scholar.google.com/citations?view_op=view_citation&hl=en&user=5aKSeI0AAAAJ&cstart=120&citation_for_view=5aKSeI0AAAAJ:738O_yMBCRsC",
        "citation_id": "5aKSeI0AAAAJ:738O_yMBCRsC",
        "authors": "A Bazzi, M Chafii",
        "publication": "arXiv preprint arXiv:2306.13003, 2023",
        "year": "2023"
    },
    {
        "title": "Context-aware security for 6G wireless: The role of physical layer security",
        "link": "https://scholar.google.com/citations?view_op=view_citation&hl=en&user=5aKSeI0AAAAJ&citation_for_view=5aKSeI0AAAAJ:TFP_iSt0sucC",
        "citation_id": "5aKSeI0AAAAJ:TFP_iSt0sucC",
        "authors": "A Chorti, AN Barreto, S K\u00f6psell, M Zoli, M Chafii, P Sehier, G Fettweis, ...",
        "publication": "IEEE Communications Standards Magazine 6 (1), 102-108, 2022",
        "year": "2022"
    },
    {
        "title": "DNN-based indoor localization under limited dataset using GANs and semi-supervised learning",
        "link": "https://scholar.google.com/citations?view_op=view_citation&hl=en&user=5aKSeI0AAAAJ&citation_for_view=5aKSeI0AAAAJ:tOudhMTPpwUC",
        "citation_id": "5aKSeI0AAAAJ:tOudhMTPpwUC",
        "authors": "W Njima, A Bazzi, M Chafii",
        "publication": "IEEE access 10, 69896-69909, 2022",
        "year": "2022"
    },
    {
        "title": "A survey on deep learning based channel estimation in doubly dispersive environments",
        "link": "https://scholar.google.com/citations?view_op=view_citation&hl=en&user=5aKSeI0AAAAJ&citation_for_view=5aKSeI0AAAAJ:rO6llkc54NcC",
        "citation_id": "5aKSeI0AAAAJ:rO6llkc54NcC",
        "authors": "AK Gizzini, M Chafii",
        "publication": "IEEE Access 10, 70595-70619, 2022",
        "year": "2022"
    },
    {
        "title": "RIS-enabled passive radar towards target Localization",
        "link": "https://scholar.google.com/citations?view_op=view_citation&hl=en&user=5aKSeI0AAAAJ&cstart=20&citation_for_view=5aKSeI0AAAAJ:sSrBHYA8nusC",
        "citation_id": "5aKSeI0AAAAJ:sSrBHYA8nusC",
        "authors": "A Bazzi, M Chafii",
        "publication": "arXiv preprint arXiv:2210.11887, 2022",
        "year": "2022"
    },
    {
        "title": "Performance Comparison of IEEE 802.11 p, 802.11 bd-draft and a Unique-Word-based PHY in Doubly-Dispersive Channels",
        "link": "https://scholar.google.com/citations?view_op=view_citation&hl=en&user=5aKSeI0AAAAJ&cstart=40&citation_for_view=5aKSeI0AAAAJ:70eg2SAEIzsC",
        "citation_id": "5aKSeI0AAAAJ:70eg2SAEIzsC",
        "authors": "S Ehsanfar, K Moessner, AK Gizzini, M Chafii",
        "publication": "2022 IEEE Wireless Communications and Networking Conference (WCNC), 1815-1820, 2022",
        "year": "2022"
    },
    {
        "title": "A novel approach for cancelation of nonaligned inter spreading factor interference in LoRa systems",
        "link": "https://scholar.google.com/citations?view_op=view_citation&hl=en&user=5aKSeI0AAAAJ&cstart=60&citation_for_view=5aKSeI0AAAAJ:ldfaerwXgEUC",
        "citation_id": "5aKSeI0AAAAJ:ldfaerwXgEUC",
        "authors": "Q Zhang, I Bizon, A Kumar, AB Martinez, M Chafii, G Fettweis",
        "publication": "IEEE Open Journal of the Communications Society 3, 718-728, 2022",
        "year": "2022"
    },
    {
        "title": "Low complex methods for robust channel estimation in doubly dispersive environments",
        "link": "https://scholar.google.com/citations?view_op=view_citation&hl=en&user=5aKSeI0AAAAJ&cstart=60&citation_for_view=5aKSeI0AAAAJ:2P1L_qKh6hAC",
        "citation_id": "5aKSeI0AAAAJ:2P1L_qKh6hAC",
        "authors": "AK Gizzini, M Chafii",
        "publication": "IEEE Access 10, 34321-34339, 2022",
        "year": "2022"
    },
    {
        "title": "Bounds on power and common message fractions for RSMA with imperfect SIC",
        "link": "https://scholar.google.com/citations?view_op=view_citation&hl=en&user=5aKSeI0AAAAJ&cstart=60&citation_for_view=5aKSeI0AAAAJ:u9iWguZQMMsC",
        "citation_id": "5aKSeI0AAAAJ:u9iWguZQMMsC",
        "authors": "G Chopra, A Chowdary, A Kumar, M Chafii",
        "publication": "arXiv preprint arXiv:2203.02748, 2022",
        "year": "2022"
    },
    {
        "title": "Experimental performance of blind position estimation using deep learning",
        "link": "https://scholar.google.com/citations?view_op=view_citation&hl=en&user=5aKSeI0AAAAJ&cstart=80&citation_for_view=5aKSeI0AAAAJ:CHSYGLWDkRkC",
        "citation_id": "5aKSeI0AAAAJ:CHSYGLWDkRkC",
        "authors": "I Bizon, Z Li, A Nimr, M Chafii, GP Fettweis",
        "publication": "GLOBECOM 2022-2022 IEEE Global Communications Conference, 4553-4557, 2022",
        "year": "2022"
    },
    {
        "title": "Meta distribution of partial-NOMA",
        "link": "https://scholar.google.com/citations?view_op=view_citation&hl=en&user=5aKSeI0AAAAJ&cstart=80&citation_for_view=5aKSeI0AAAAJ:b0M2c_1WBrUC",
        "citation_id": "5aKSeI0AAAAJ:b0M2c_1WBrUC",
        "authors": "KS Ali, A Al-Dweik, E Hossain, M Chafii",
        "publication": "IEEE Wireless Communications Letters 11 (12), 2695-2699, 2022",
        "year": "2022"
    },
    {
        "title": "Guest Editorial: Emerging Trends and Challenges in Internet-of-Underwater-Things",
        "link": "https://scholar.google.com/citations?view_op=view_citation&hl=en&user=5aKSeI0AAAAJ&cstart=80&citation_for_view=5aKSeI0AAAAJ:AXPGKjj_ei8C",
        "citation_id": "5aKSeI0AAAAJ:AXPGKjj_ei8C",
        "authors": "RH Jhaveri, KM Rabie, Q Xin, M Chafii, TA Tran, BM ElHalawany",
        "publication": "IEEE Internet of Things Magazine 5 (4), 8-9, 2022",
        "year": "2022"
    },
    {
        "title": "Iterative Receiver for Power-Domain NOMA with Mixed Waveforms",
        "link": "https://scholar.google.com/citations?view_op=view_citation&hl=en&user=5aKSeI0AAAAJ&cstart=80&citation_for_view=5aKSeI0AAAAJ:M05iB0D1s5AC",
        "citation_id": "5aKSeI0AAAAJ:M05iB0D1s5AC",
        "authors": "M Sigmund, R Bomfin, M Chafii, A Nimr, G Fettweis",
        "publication": "2022 IEEE Wireless Communications and Networking Conference (WCNC), 602-607, 2022",
        "year": "2022"
    },
    {
        "title": "Waveform design for power-domain asynchronous NOMA",
        "link": "https://scholar.google.com/citations?view_op=view_citation&hl=en&user=5aKSeI0AAAAJ&cstart=80&citation_for_view=5aKSeI0AAAAJ:g5m5HwL7SMYC",
        "citation_id": "5aKSeI0AAAAJ:g5m5HwL7SMYC",
        "authors": "M Sigmund, R Bomfin, M Chafii, A Nimr, G Fettweis",
        "publication": "2022 IEEE 95th Vehicular Technology Conference:(VTC2022-Spring), 1-5, 2022",
        "year": "2022"
    },
    {
        "title": "Integrated sensing and communication for large networks using a dynamic transmission strategy and full duplex",
        "link": "https://scholar.google.com/citations?view_op=view_citation&hl=en&user=5aKSeI0AAAAJ&cstart=80&citation_for_view=5aKSeI0AAAAJ:NhqRSupF_l8C",
        "citation_id": "5aKSeI0AAAAJ:NhqRSupF_l8C",
        "authors": "KS Ali, M Chafii",
        "publication": "CoRR, 2022",
        "year": "2022"
    },
    {
        "title": "Maximum a-Posteriori Equalizer for Sparse Walsh Hadamard Modulation",
        "link": "https://scholar.google.com/citations?view_op=view_citation&hl=en&user=5aKSeI0AAAAJ&cstart=100&citation_for_view=5aKSeI0AAAAJ:1sJd4Hv_s6UC",
        "citation_id": "5aKSeI0AAAAJ:1sJd4Hv_s6UC",
        "authors": "R Bomfin, M Chafii, A Nimr, G Fettweis",
        "publication": "GLOBECOM 2022-2022 IEEE Global Communications Conference, 5917-5922, 2022",
        "year": "2022"
    },
    {
        "title": "Real-Time Waveform Prototyping",
        "link": "https://scholar.google.com/citations?view_op=view_citation&hl=en&user=5aKSeI0AAAAJ&cstart=100&citation_for_view=5aKSeI0AAAAJ:fPk4N6BV_jEC",
        "citation_id": "5aKSeI0AAAAJ:fPk4N6BV_jEC",
        "authors": "M Danneberg",
        "publication": null,
        "year": "2022"
    },
    {
        "title": "Integrated Sensing and Communication for Large Networks using Joint Detection and a Dynamic Transmission Strategy",
        "link": "https://scholar.google.com/citations?view_op=view_citation&hl=en&user=5aKSeI0AAAAJ&cstart=120&citation_for_view=5aKSeI0AAAAJ:wbdj-CoPYUoC",
        "citation_id": "5aKSeI0AAAAJ:wbdj-CoPYUoC",
        "authors": "KS Ali, M Chafii",
        "publication": "arXiv preprint arXiv:2211.09466, 2022",
        "year": "2022"
    },
    {
        "title": "Integrated Sensing and Communication for Large Networks using Joint Detection and a Dynamic Transmission Strategy",
        "link": "https://scholar.google.com/citations?view_op=view_citation&hl=en&user=5aKSeI0AAAAJ&cstart=120&citation_for_view=5aKSeI0AAAAJ:D_sINldO8mEC",
        "citation_id": "5aKSeI0AAAAJ:D_sINldO8mEC",
        "authors": "K Shaukat Ali, M Chafii",
        "publication": "arXiv e-prints, arXiv: 2211.09466, 2022",
        "year": "2022"
    },
    {
        "title": "A Framework for Amalgamating Optical-OFDM and Optical-OFDM with Index Modulation for Optical Wireless Systems",
        "link": "https://scholar.google.com/citations?view_op=view_citation&hl=en&user=5aKSeI0AAAAJ&cstart=120&citation_for_view=5aKSeI0AAAAJ:SeFeTyx0c_EC",
        "citation_id": "5aKSeI0AAAAJ:SeFeTyx0c_EC",
        "authors": "A Waqar Azim, Y Le Guennec, M Chafii, L Ros",
        "publication": "arXiv e-prints, arXiv: 2205.09976, 2022",
        "year": "2022"
    },
    {
        "title": "Dual-Mode Chirp Spread Spectrum Modulation",
        "link": "https://scholar.google.com/citations?view_op=view_citation&hl=en&user=5aKSeI0AAAAJ&cstart=120&citation_for_view=5aKSeI0AAAAJ:HoB7MX3m0LUC",
        "citation_id": "5aKSeI0AAAAJ:HoB7MX3m0LUC",
        "authors": "A Waqar Azim, A Bazzi, R Shubair, M Chafii",
        "publication": "arXiv e-prints, arXiv: 2205.09421, 2022",
        "year": "2022"
    },
    {
        "title": "Indoor localization using data augmentation via selective generative adversarial networks",
        "link": "https://scholar.google.com/citations?view_op=view_citation&hl=en&user=5aKSeI0AAAAJ&citation_for_view=5aKSeI0AAAAJ:O3NaXMp0MMsC",
        "citation_id": "5aKSeI0AAAAJ:O3NaXMp0MMsC",
        "authors": "W Njima, M Chafii, A Chorti, RM Shubair, HV Poor",
        "publication": "IEEE access 9, 98337-98347, 2021",
        "year": "2021"
    },
    {
        "title": "Temporal averaging LSTM-based channel estimation scheme for IEEE 802.11 p standard",
        "link": "https://scholar.google.com/citations?view_op=view_citation&hl=en&user=5aKSeI0AAAAJ&citation_for_view=5aKSeI0AAAAJ:GnPB-g6toBAC",
        "citation_id": "5aKSeI0AAAAJ:GnPB-g6toBAC",
        "authors": "AK Gizzini, M Chafii, S Ehsanfar, RM Shubair",
        "publication": "2021 IEEE global communications conference (GLOBECOM), 01-07, 2021",
        "year": "2021"
    },
    {
        "title": "Alternative chirp spread spectrum techniques for LPWANs",
        "link": "https://scholar.google.com/citations?view_op=view_citation&hl=en&user=5aKSeI0AAAAJ&citation_for_view=5aKSeI0AAAAJ:maZDTaKrznsC",
        "citation_id": "5aKSeI0AAAAJ:maZDTaKrznsC",
        "authors": "IBF De Almeida, M Chafii, A Nimr, G Fettweis",
        "publication": "IEEE Transactions on Green Communications and Networking 5 (4), 1846-1855, 2021",
        "year": "2021"
    },
    {
        "title": "A robust baseband transceiver design for doubly-dispersive channels",
        "link": "https://scholar.google.com/citations?view_op=view_citation&hl=en&user=5aKSeI0AAAAJ&citation_for_view=5aKSeI0AAAAJ:blknAaTinKkC",
        "citation_id": "5aKSeI0AAAAJ:blknAaTinKkC",
        "authors": "R Bomfin, M Chafii, A Nimr, G Fettweis",
        "publication": "IEEE Transactions on Wireless Communications 20 (8), 4781-4796, 2021",
        "year": "2021"
    },
    {
        "title": "CNN aided weighted interpolation for channel estimation in vehicular communications",
        "link": "https://scholar.google.com/citations?view_op=view_citation&hl=en&user=5aKSeI0AAAAJ&citation_for_view=5aKSeI0AAAAJ:YFjsv_pBGBYC",
        "citation_id": "5aKSeI0AAAAJ:YFjsv_pBGBYC",
        "authors": "AK Gizzini, M Chafii, A Nimr, RM Shubair, G Fettweis",
        "publication": "IEEE Transactions on Vehicular Technology 70 (12), 12796-12811, 2021",
        "year": "2021"
    },
    {
        "title": "Filtered multicarrier waveforms classification: a deep learning-based approach",
        "link": "https://scholar.google.com/citations?view_op=view_citation&hl=en&user=5aKSeI0AAAAJ&citation_for_view=5aKSeI0AAAAJ:BqipwSGYUEgC",
        "citation_id": "5aKSeI0AAAAJ:BqipwSGYUEgC",
        "authors": "K Zerhouni, EM Amhoud, M Chafii",
        "publication": "IEEE Access 9, 69426-69438, 2021",
        "year": "2021"
    },
    {
        "title": "OFDM with index modulation in orbital angular momentum multiplexed free space optical links",
        "link": "https://scholar.google.com/citations?view_op=view_citation&hl=en&user=5aKSeI0AAAAJ&citation_for_view=5aKSeI0AAAAJ:M3NEmzRMIkIC",
        "citation_id": "5aKSeI0AAAAJ:M3NEmzRMIkIC",
        "authors": "EM Amhoud, M Chafii, A Nimr, G Fettweis",
        "publication": "2021 IEEE 93rd vehicular technology conference (VTC2021-Spring), 1-5, 2021",
        "year": "2021"
    },
    {
        "title": "Indoor localization under limited measurements: A cross-environment joint semi-supervised and transfer learning approach",
        "link": "https://scholar.google.com/citations?view_op=view_citation&hl=en&user=5aKSeI0AAAAJ&cstart=20&citation_for_view=5aKSeI0AAAAJ:RGFaLdJalmkC",
        "citation_id": "5aKSeI0AAAAJ:RGFaLdJalmkC",
        "authors": "MI AlHajri, RM Shubair, M Chafii",
        "publication": "2021 IEEE 22nd International Workshop on Signal Processing Advances in \u2026, 2021",
        "year": "2021"
    },
    {
        "title": "Gan based data augmentation for indoor localization using labeled and unlabeled data",
        "link": "https://scholar.google.com/citations?view_op=view_citation&hl=en&user=5aKSeI0AAAAJ&cstart=20&citation_for_view=5aKSeI0AAAAJ:J_g5lzvAfSwC",
        "citation_id": "5aKSeI0AAAAJ:J_g5lzvAfSwC",
        "authors": "W Njima, M Chafii, RM Shubair",
        "publication": "2021 International Balkan Conference on Communications and Networking \u2026, 2021",
        "year": "2021"
    },
    {
        "title": "Blind transmitter localization in wireless sensor networks: A deep learning approach",
        "link": "https://scholar.google.com/citations?view_op=view_citation&hl=en&user=5aKSeI0AAAAJ&cstart=40&citation_for_view=5aKSeI0AAAAJ:RYcK_YlVTxYC",
        "citation_id": "5aKSeI0AAAAJ:RYcK_YlVTxYC",
        "authors": "IBF De Almeida, M Chafii, A Nimr, G Fettweis",
        "publication": "2021 IEEE 32nd Annual International Symposium on Personal, Indoor and Mobile \u2026, 2021",
        "year": "2021"
    },
    {
        "title": "Enhanced PSK-LoRa",
        "link": "https://scholar.google.com/citations?view_op=view_citation&hl=en&user=5aKSeI0AAAAJ&cstart=40&citation_for_view=5aKSeI0AAAAJ:35N4QoGY0k4C",
        "citation_id": "5aKSeI0AAAAJ:35N4QoGY0k4C",
        "authors": "AW Azim, JLG Monsalve, M Chafii",
        "publication": "IEEE Wireless Communications Letters 11 (3), 612-616, 2021",
        "year": "2021"
    },
    {
        "title": "Convolutional neural networks based denoising for indoor localization",
        "link": "https://scholar.google.com/citations?view_op=view_citation&hl=en&user=5aKSeI0AAAAJ&cstart=40&citation_for_view=5aKSeI0AAAAJ:hMod-77fHWUC",
        "citation_id": "5aKSeI0AAAAJ:hMod-77fHWUC",
        "authors": "W Njima, M Chafii, A Nimr, G Fettweis",
        "publication": "2021 IEEE 93rd Vehicular Technology Conference (VTC2021-Spring), 1-6, 2021",
        "year": "2021"
    },
    {
        "title": "Channel estimation for MIMO space time coded OTFS under doubly selective channels",
        "link": "https://scholar.google.com/citations?view_op=view_citation&hl=en&user=5aKSeI0AAAAJ&cstart=40&citation_for_view=5aKSeI0AAAAJ:NMxIlDl6LWMC",
        "citation_id": "5aKSeI0AAAAJ:NMxIlDl6LWMC",
        "authors": "R Bomfin, M Chafii, A Nimr, G Fettweis",
        "publication": "2021 IEEE International Conference on Communications Workshops (ICC \u2026, 2021",
        "year": "2021"
    },
    {
        "title": "Compressive learning in communication systems: a neural network receiver for detecting compressed signals in OFDM systems",
        "link": "https://scholar.google.com/citations?view_op=view_citation&hl=en&user=5aKSeI0AAAAJ&cstart=40&citation_for_view=5aKSeI0AAAAJ:NaGl4SEjCO4C",
        "citation_id": "5aKSeI0AAAAJ:NaGl4SEjCO4C",
        "authors": "PHC De Souza, LL Mendes, M Chafii",
        "publication": "IEEE Access 9, 122397-122411, 2021",
        "year": "2021"
    },
    {
        "title": "Generalized frequency division multiplexing: Unified multicarrier framework",
        "link": "https://scholar.google.com/citations?view_op=view_citation&hl=en&user=5aKSeI0AAAAJ&cstart=40&citation_for_view=5aKSeI0AAAAJ:iH-uZ7U-co4C",
        "citation_id": "5aKSeI0AAAAJ:iH-uZ7U-co4C",
        "authors": "A Nimr, Z Li, M Chafii, G Fettweis",
        "publication": "Radio Access Network Slicing and Virtualization for 5G Vertical Industries \u2026, 2021",
        "year": "2021"
    },
    {
        "title": "Index Modulation for 6G Communications",
        "link": "https://scholar.google.com/citations?view_op=view_citation&hl=en&user=5aKSeI0AAAAJ&cstart=60&citation_for_view=5aKSeI0AAAAJ:lSLTfruPkqcC",
        "citation_id": "5aKSeI0AAAAJ:lSLTfruPkqcC",
        "authors": "S Dang, M Di Renzo, M Wen, M Chafii, Y Ko, BF Uch\u00f4a-Filho, A Younis",
        "publication": "Frontiers in Communications and Networks 2, 794311, 2021",
        "year": "2021"
    },
    {
        "title": "Filtered asymmetrically clipped optical-OFDM with index modulation for optical wireless systems",
        "link": "https://scholar.google.com/citations?view_op=view_citation&hl=en&user=5aKSeI0AAAAJ&cstart=60&citation_for_view=5aKSeI0AAAAJ:isC4tDSrTZIC",
        "citation_id": "5aKSeI0AAAAJ:isC4tDSrTZIC",
        "authors": "AW Azim, Y Le Guennec, M Chafii, L Ros",
        "publication": "IEEE Communications Letters 25 (5), 1592-1595, 2021",
        "year": "2021"
    },
    {
        "title": "MUSA grant-free access framework and blind detection receiver",
        "link": "https://scholar.google.com/citations?view_op=view_citation&hl=en&user=5aKSeI0AAAAJ&cstart=100&citation_for_view=5aKSeI0AAAAJ:ns9cj8rnVeAC",
        "citation_id": "5aKSeI0AAAAJ:ns9cj8rnVeAC",
        "authors": "GP Aquino, TC Barbosa, M Chafii, LL Mendes, AK Gizzini",
        "publication": "Journal of Communication and Information Systems 36 (1), 119-127, 2021",
        "year": "2021"
    },
    {
        "title": "Sequence design for frame detection based on autocorrelation",
        "link": "https://scholar.google.com/citations?view_op=view_citation&hl=en&user=5aKSeI0AAAAJ&cstart=100&citation_for_view=5aKSeI0AAAAJ:JV2RwH3_ST0C",
        "citation_id": "5aKSeI0AAAAJ:JV2RwH3_ST0C",
        "authors": "AB Martinez, A Kumar, M Chafii, G Fettweis",
        "publication": "2021 IEEE 93rd Vehicular Technology Conference (VTC2021-Spring), 1-5, 2021",
        "year": "2021"
    },
    {
        "title": "Iterative interference cancellation for multi-carrier modulation in MIMO-DWT downlink transmission",
        "link": "https://scholar.google.com/citations?view_op=view_citation&hl=en&user=5aKSeI0AAAAJ&cstart=120&citation_for_view=5aKSeI0AAAAJ:vV6vV6tmYwMC",
        "citation_id": "5aKSeI0AAAAJ:vV6vV6tmYwMC",
        "authors": "Y Harbi, AK Aljanabi, H Almosa, M Chafii, A Burr",
        "publication": "Journal of Telecommunications and the Digital Economy 9 (4), 75-87, 2021",
        "year": "2021"
    },
    {
        "title": "Deep learning based channel estimation schemes for IEEE 802.11 p standard",
        "link": "https://scholar.google.com/citations?view_op=view_citation&hl=en&user=5aKSeI0AAAAJ&citation_for_view=5aKSeI0AAAAJ:HDshCWvjkbEC",
        "citation_id": "5aKSeI0AAAAJ:HDshCWvjkbEC",
        "authors": "AK Gizzini, M Chafii, A Nimr, G Fettweis",
        "publication": "IEEE Access 8, 113751-113765, 2020",
        "year": "2020"
    },
    {
        "title": "Index modulation aided uplink NOMA for massive machine type communications",
        "link": "https://scholar.google.com/citations?view_op=view_citation&hl=en&user=5aKSeI0AAAAJ&citation_for_view=5aKSeI0AAAAJ:_Qo2XoVZTnwC",
        "citation_id": "5aKSeI0AAAAJ:_Qo2XoVZTnwC",
        "authors": "MB Shahab, SJ Johnson, M Shirvanimoghaddam, M Chafii, E Basar, ...",
        "publication": "IEEE Wireless Communications Letters 9 (12), 2159-2162, 2020",
        "year": "2020"
    },
    {
        "title": "Enhancing least square channel estimation using deep learning",
        "link": "https://scholar.google.com/citations?view_op=view_citation&hl=en&user=5aKSeI0AAAAJ&cstart=20&citation_for_view=5aKSeI0AAAAJ:qUcmZB5y_30C",
        "citation_id": "5aKSeI0AAAAJ:qUcmZB5y_30C",
        "authors": "AK Gizzini, M Chafii, A Nimr, G Fettweis",
        "publication": "2020 IEEE 91st Vehicular Technology Conference (VTC2020-Spring), 1-5, 2020",
        "year": "2020"
    },
    {
        "title": "Deep learning based data recovery for localization",
        "link": "https://scholar.google.com/citations?view_op=view_citation&hl=en&user=5aKSeI0AAAAJ&cstart=20&citation_for_view=5aKSeI0AAAAJ:j3f4tGmQtD8C",
        "citation_id": "5aKSeI0AAAAJ:j3f4tGmQtD8C",
        "authors": "W Njima, M Chafii, A Nimr, G Fettweis",
        "publication": "IEEE Access 8, 175741-175752, 2020",
        "year": "2020"
    },
    {
        "title": "A robust and low-complexity walsh-hadamard modulation for doubly-dispersive channels",
        "link": "https://scholar.google.com/citations?view_op=view_citation&hl=en&user=5aKSeI0AAAAJ&cstart=20&citation_for_view=5aKSeI0AAAAJ:r0BpntZqJG4C",
        "citation_id": "5aKSeI0AAAAJ:r0BpntZqJG4C",
        "authors": "R Bomfin, A Nimr, M Chafii, G Fettweis",
        "publication": "IEEE Communications Letters 25 (3), 897-901, 2020",
        "year": "2020"
    },
    {
        "title": "In-phase and quadrature chirp spread spectrum for IoT communications",
        "link": "https://scholar.google.com/citations?view_op=view_citation&hl=en&user=5aKSeI0AAAAJ&cstart=20&citation_for_view=5aKSeI0AAAAJ:RHpTSmoSYBkC",
        "citation_id": "5aKSeI0AAAAJ:RHpTSmoSYBkC",
        "authors": "IBF De Almeida, M Chafii, A Nimr, G Fettweis",
        "publication": "GLOBECOM 2020-2020 IEEE Global Communications Conference, 1-6, 2020",
        "year": "2020"
    },
    {
        "title": "Joint TRFI and deep learning for vehicular channel estimation",
        "link": "https://scholar.google.com/citations?view_op=view_citation&hl=en&user=5aKSeI0AAAAJ&cstart=20&citation_for_view=5aKSeI0AAAAJ:4JMBOYKVnBMC",
        "citation_id": "5aKSeI0AAAAJ:4JMBOYKVnBMC",
        "authors": "AK Gizzini, M Chafii, A Nimr, G Fettweis",
        "publication": "2020 IEEE Globecom Workshops (GC Wkshps, 1-6, 2020",
        "year": "2020"
    },
    {
        "title": "Spectral and energy efficient fast-OFDM with index modulation for optical wireless systems",
        "link": "https://scholar.google.com/citations?view_op=view_citation&hl=en&user=5aKSeI0AAAAJ&cstart=20&citation_for_view=5aKSeI0AAAAJ:hC7cP41nSMkC",
        "citation_id": "5aKSeI0AAAAJ:hC7cP41nSMkC",
        "authors": "AW Azim, M Chafii, Y Le Guennec, L Ros",
        "publication": "IEEE Communications Letters 24 (8), 1771-1774, 2020",
        "year": "2020"
    },
    {
        "title": "Enhanced optical-OFDM with index and dual-mode modulation for optical wireless systems",
        "link": "https://scholar.google.com/citations?view_op=view_citation&hl=en&user=5aKSeI0AAAAJ&cstart=40&citation_for_view=5aKSeI0AAAAJ:e5wmG9Sq2KIC",
        "citation_id": "5aKSeI0AAAAJ:e5wmG9Sq2KIC",
        "authors": "AW Azim, Y Le Guennec, M Chafii, L Ros",
        "publication": "IEEE Access 8, 128646-128664, 2020",
        "year": "2020"
    },
    {
        "title": "On UW-based transmission for MIMO multi-carriers with spatial multiplexing",
        "link": "https://scholar.google.com/citations?view_op=view_citation&hl=en&user=5aKSeI0AAAAJ&cstart=40&citation_for_view=5aKSeI0AAAAJ:hFOr9nPyWt4C",
        "citation_id": "5aKSeI0AAAAJ:hFOr9nPyWt4C",
        "authors": "S Ehsanfar, M Chafii, GP Fettweis",
        "publication": "IEEE Transactions on Wireless Communications 19 (9), 5875-5890, 2020",
        "year": "2020"
    },
    {
        "title": "LACO-OFDM with index modulation for optical wireless systems",
        "link": "https://scholar.google.com/citations?view_op=view_citation&hl=en&user=5aKSeI0AAAAJ&cstart=40&citation_for_view=5aKSeI0AAAAJ:bEWYMUwI8FkC",
        "citation_id": "5aKSeI0AAAAJ:bEWYMUwI8FkC",
        "authors": "AW Azim, Y Le Guennec, M Chafii, L Ros",
        "publication": "IEEE Wireless Communications Letters 10 (3), 664-667, 2020",
        "year": "2020"
    },
    {
        "title": "Adaptive channel estimation based on deep learning",
        "link": "https://scholar.google.com/citations?view_op=view_citation&hl=en&user=5aKSeI0AAAAJ&cstart=40&citation_for_view=5aKSeI0AAAAJ:R3hNpaxXUhUC",
        "citation_id": "5aKSeI0AAAAJ:R3hNpaxXUhUC",
        "authors": "AK Gizzini, M Chafii, A Nimr, G Fettweis",
        "publication": "2020 IEEE 92nd Vehicular Technology Conference (VTC2020-Fall), 1-5, 2020",
        "year": "2020"
    },
    {
        "title": "A study on unique-word based synchronization for MIMO systems over time-varying channels",
        "link": "https://scholar.google.com/citations?view_op=view_citation&hl=en&user=5aKSeI0AAAAJ&cstart=60&citation_for_view=5aKSeI0AAAAJ:mB3voiENLucC",
        "citation_id": "5aKSeI0AAAAJ:mB3voiENLucC",
        "authors": "S Ehsanfar, M Chafii, G Fettweis",
        "publication": "2020 IEEE Wireless Communications and Networking Conference (WCNC), 1-7, 2020",
        "year": "2020"
    },
    {
        "title": "A chirp-based frequency synchronization approach for flat fading channels",
        "link": "https://scholar.google.com/citations?view_op=view_citation&hl=en&user=5aKSeI0AAAAJ&cstart=80&citation_for_view=5aKSeI0AAAAJ:-f6ydRqryjwC",
        "citation_id": "5aKSeI0AAAAJ:-f6ydRqryjwC",
        "authors": "AB Martinez, A Kumar, M Chafii, G Fettweis",
        "publication": "2020 2nd 6G Wireless Summit (6G SUMMIT), 1-5, 2020",
        "year": "2020"
    },
    {
        "title": "A new approach for accurate time synchronization using chirp signals",
        "link": "https://scholar.google.com/citations?view_op=view_citation&hl=en&user=5aKSeI0AAAAJ&cstart=100&citation_for_view=5aKSeI0AAAAJ:TQgYirikUcIC",
        "citation_id": "5aKSeI0AAAAJ:TQgYirikUcIC",
        "authors": "AB Martinez, A Kumar, M Chafii, G Fettweis",
        "publication": "2020 IEEE 91st Vehicular Technology Conference (VTC2020-Spring), 1-5, 2020",
        "year": "2020"
    },
    {
        "title": "A new approach for enhanced detection using chirp reference signals",
        "link": "https://scholar.google.com/citations?view_op=view_citation&hl=en&user=5aKSeI0AAAAJ&cstart=100&citation_for_view=5aKSeI0AAAAJ:k_IJM867U9cC",
        "citation_id": "5aKSeI0AAAAJ:k_IJM867U9cC",
        "authors": "AB Martinez, A Kumar, M Chafii, G Fettweis",
        "publication": "2020 IEEE 92nd Vehicular Technology Conference (VTC2020-Fall), 1-5, 2020",
        "year": "2020"
    },
    {
        "title": "A novel modulation for IoT: PSK-LoRa",
        "link": "https://scholar.google.com/citations?view_op=view_citation&hl=en&user=5aKSeI0AAAAJ&citation_for_view=5aKSeI0AAAAJ:4DMP91E08xMC",
        "citation_id": "5aKSeI0AAAAJ:4DMP91E08xMC",
        "authors": "R Bomfin, M Chafii, G Fettweis",
        "publication": "2019 IEEE 89th Vehicular Technology Conference (VTC2019-Spring), 1-5, 2019",
        "year": "2019"
    },
    {
        "title": "Low-complexity iterative receiver for orthogonal chirp division multiplexing",
        "link": "https://scholar.google.com/citations?view_op=view_citation&hl=en&user=5aKSeI0AAAAJ&citation_for_view=5aKSeI0AAAAJ:WF5omc3nYNoC",
        "citation_id": "5aKSeI0AAAAJ:WF5omc3nYNoC",
        "authors": "R Bomfin, M Chafii, G Fettweis",
        "publication": "2019 IEEE Wireless Communications and Networking Conference Workshop (WCNCW \u2026, 2019",
        "year": "2019"
    },
    {
        "title": "A novel iterative receiver design for CP-free transmission under frequency-selective channels",
        "link": "https://scholar.google.com/citations?view_op=view_citation&hl=en&user=5aKSeI0AAAAJ&cstart=40&citation_for_view=5aKSeI0AAAAJ:L8Ckcad2t8MC",
        "citation_id": "5aKSeI0AAAAJ:L8Ckcad2t8MC",
        "authors": "R Bomfin, M Chafii, G Fettweis",
        "publication": "IEEE Communications Letters 24 (3), 525-529, 2019",
        "year": "2019"
    },
    {
        "title": "Performance assessment of orthogonal chirp division multiplexing in MIMO space time coding",
        "link": "https://scholar.google.com/citations?view_op=view_citation&hl=en&user=5aKSeI0AAAAJ&cstart=40&citation_for_view=5aKSeI0AAAAJ:dhFuZR0502QC",
        "citation_id": "5aKSeI0AAAAJ:dhFuZR0502QC",
        "authors": "R Bomfin, M Chafii, G Fettweis",
        "publication": "2019 IEEE 2nd 5G World Forum (5GWF), 220-225, 2019",
        "year": "2019"
    },
    {
        "title": "Online wireless lab testbed",
        "link": "https://scholar.google.com/citations?view_op=view_citation&hl=en&user=5aKSeI0AAAAJ&cstart=40&citation_for_view=5aKSeI0AAAAJ:aqlVkmm33-oC",
        "citation_id": "5aKSeI0AAAAJ:aqlVkmm33-oC",
        "authors": "M Danneberg, R Bomfin, S Ehsanfar, A Nimr, Z Lin, M Chafii, G Fettweis",
        "publication": "2019 IEEE Wireless Communications and Networking Conference Workshop (WCNCW \u2026, 2019",
        "year": "2019"
    },
    {
        "title": "Tailoring index-modulation for uplink IoT and M2M networks",
        "link": "https://scholar.google.com/citations?view_op=view_citation&hl=en&user=5aKSeI0AAAAJ&cstart=60&citation_for_view=5aKSeI0AAAAJ:roLk4NBRz8UC",
        "citation_id": "5aKSeI0AAAAJ:roLk4NBRz8UC",
        "authors": "J Manco-Vasquez, M Chafii, F Bader",
        "publication": "2019 IEEE wireless communications and networking conference (WCNC), 1-6, 2019",
        "year": "2019"
    },
    {
        "title": "A frame design for MIMO UW based systems: Overhead analysis & channel estimation",
        "link": "https://scholar.google.com/citations?view_op=view_citation&hl=en&user=5aKSeI0AAAAJ&cstart=60&citation_for_view=5aKSeI0AAAAJ:7PzlFSSx8tAC",
        "citation_id": "5aKSeI0AAAAJ:7PzlFSSx8tAC",
        "authors": "S Ehsanfar, M Chafii, G Fettweis",
        "publication": "2019 IEEE 2nd 5G World Forum (5GWF), 173-178, 2019",
        "year": "2019"
    },
    {
        "title": "Time-variant pilot-and CP-aided channel estimation for GFDM",
        "link": "https://scholar.google.com/citations?view_op=view_citation&hl=en&user=5aKSeI0AAAAJ&cstart=60&citation_for_view=5aKSeI0AAAAJ:mVmsd5A6BfQC",
        "citation_id": "5aKSeI0AAAAJ:mVmsd5A6BfQC",
        "authors": "S Ehsanfar, M Chafii, G Fettweis",
        "publication": "ICC 2019-2019 IEEE International Conference on Communications (ICC), 1-6, 2019",
        "year": "2019"
    },
    {
        "title": "Precoded-OFDM within GFDM framework",
        "link": "https://scholar.google.com/citations?view_op=view_citation&hl=en&user=5aKSeI0AAAAJ&cstart=60&citation_for_view=5aKSeI0AAAAJ:zYLM7Y9cAGgC",
        "citation_id": "5aKSeI0AAAAJ:zYLM7Y9cAGgC",
        "authors": "A Nimr, M Chafii, G Fettweis",
        "publication": "2019 IEEE 89th Vehicular Technology Conference (VTC2019-Spring), 1-5, 2019",
        "year": "2019"
    },
    {
        "title": "Blind carrier frequency offset estimation in generalized frequency division multiplexing",
        "link": "https://scholar.google.com/citations?view_op=view_citation&hl=en&user=5aKSeI0AAAAJ&cstart=80&citation_for_view=5aKSeI0AAAAJ:Tyk-4Ss8FVUC",
        "citation_id": "5aKSeI0AAAAJ:Tyk-4Ss8FVUC",
        "authors": "AB Martinez, M Matth, M Chafii, G Fettweis",
        "publication": "2019 international conference on computing, networking and communications \u2026, 2019",
        "year": "2019"
    },
    {
        "title": "Low-Complexity Transceiver for GFDM systems with Partially Allocated Subcarriers",
        "link": "https://scholar.google.com/citations?view_op=view_citation&hl=en&user=5aKSeI0AAAAJ&cstart=80&citation_for_view=5aKSeI0AAAAJ:MXK_kJrjxJIC",
        "citation_id": "5aKSeI0AAAAJ:MXK_kJrjxJIC",
        "authors": "A Nimr, M Chafii, G Fettweis",
        "publication": "2019 IEEE Wireless Communications and Networking Conference (WCNC), 1-6, 2019",
        "year": "2019"
    },
    {
        "title": "Practical gfdm-based linear receivers",
        "link": "https://scholar.google.com/citations?view_op=view_citation&hl=en&user=5aKSeI0AAAAJ&cstart=80&citation_for_view=5aKSeI0AAAAJ:ufrVoPGSRksC",
        "citation_id": "5aKSeI0AAAAJ:ufrVoPGSRksC",
        "authors": "A Nimr, M Chafii, G Fettweis",
        "publication": "SCC 2019; 12th International ITG Conference on Systems, Communications and \u2026, 2019",
        "year": "2019"
    },
    {
        "title": "Real-time waveform prototyping",
        "link": "https://scholar.google.com/citations?view_op=view_citation&hl=en&user=5aKSeI0AAAAJ&cstart=100&citation_for_view=5aKSeI0AAAAJ:QIV2ME_5wuYC",
        "citation_id": "5aKSeI0AAAAJ:QIV2ME_5wuYC",
        "authors": "M Danneberg, Z Li, P K\u00fchne, A Nimr, S Ehsanfar, M Chafii, G Fettweis",
        "publication": "2019 IEEE 20th International Workshop on Signal Processing Advances in \u2026, 2019",
        "year": "2019"
    },
    {
        "title": "Cross-Layer Multi-User Selection in 5G Heterogeneous Networks Based on Hybrid Beamforming Optimization for Millimeter-Wave",
        "link": "https://scholar.google.com/citations?view_op=view_citation&hl=en&user=5aKSeI0AAAAJ&cstart=120&citation_for_view=5aKSeI0AAAAJ:9ZlFYXVOiuMC",
        "citation_id": "5aKSeI0AAAAJ:9ZlFYXVOiuMC",
        "authors": "A Fadel, A Nimr, HL Chiang, M Chafii, B Cousin",
        "publication": "2019 IEEE 30th Annual International Symposium on Personal, Indoor and Mobile \u2026, 2019",
        "year": "2019"
    },
    {
        "title": "Extended GFDM framework: OTFS and GFDM comparison",
        "link": "https://scholar.google.com/citations?view_op=view_citation&hl=en&user=5aKSeI0AAAAJ&citation_for_view=5aKSeI0AAAAJ:KlAtU1dfN6UC",
        "citation_id": "5aKSeI0AAAAJ:KlAtU1dfN6UC",
        "authors": "A Nimr, M Chafii, M Matthe, G Fettweis",
        "publication": "2018 IEEE global communications conference (GLOBECOM), 1-6, 2018",
        "year": "2018"
    },
    {
        "title": "Enhancing coverage in narrow band-IoT using machine learning",
        "link": "https://scholar.google.com/citations?view_op=view_citation&hl=en&user=5aKSeI0AAAAJ&citation_for_view=5aKSeI0AAAAJ:0EnyYjriUFMC",
        "citation_id": "5aKSeI0AAAAJ:0EnyYjriUFMC",
        "authors": "M Chafii, F Bader, J Palicot",
        "publication": "2018 IEEE Wireless Communications and Networking Conference (WCNC), 1-6, 2018",
        "year": "2018"
    },
    {
        "title": "Pilot-and CP-aided channel estimation in MIMO non-orthogonal multi-carriers",
        "link": "https://scholar.google.com/citations?view_op=view_citation&hl=en&user=5aKSeI0AAAAJ&cstart=20&citation_for_view=5aKSeI0AAAAJ:LkGwnXOMwfcC",
        "citation_id": "5aKSeI0AAAAJ:LkGwnXOMwfcC",
        "authors": "S Ehsanfar, M Matth\u00e9, M Chafii, GP Fettweis",
        "publication": "IEEE Transactions on Wireless Communications 18 (1), 650-664, 2018",
        "year": "2018"
    },
    {
        "title": "Performance analysis of a 5G transceiver implementation for remote areas scenarios",
        "link": "https://scholar.google.com/citations?view_op=view_citation&hl=en&user=5aKSeI0AAAAJ&cstart=20&citation_for_view=5aKSeI0AAAAJ:UeHWp8X0CEIC",
        "citation_id": "5aKSeI0AAAAJ:UeHWp8X0CEIC",
        "authors": "W Dias, D Gaspar, L Mendes, M Chafii, M Matth\u00e9, P Neuhaus, G Fettweis",
        "publication": "2018 European Conference on Networks and Communications (EuCNC), 363-367, 2018",
        "year": "2018"
    },
    {
        "title": "SC-FDMA with index modulation for M2M and IoT uplink applications",
        "link": "https://scholar.google.com/citations?view_op=view_citation&hl=en&user=5aKSeI0AAAAJ&cstart=20&citation_for_view=5aKSeI0AAAAJ:W7OEmFMy1HYC",
        "citation_id": "5aKSeI0AAAAJ:W7OEmFMy1HYC",
        "authors": "M Chafii, F Bader, J Palicot",
        "publication": "2018 IEEE wireless communications and networking conference (WCNC), 1-5, 2018",
        "year": "2018"
    },
    {
        "title": "Adaptive wavelet packet modulation",
        "link": "https://scholar.google.com/citations?view_op=view_citation&hl=en&user=5aKSeI0AAAAJ&cstart=20&citation_for_view=5aKSeI0AAAAJ:YOwf2qJgpHMC",
        "citation_id": "5aKSeI0AAAAJ:YOwf2qJgpHMC",
        "authors": "M Chafii, J Palicot, R Gribonval, F Bader",
        "publication": "IEEE Transactions on Communications 66 (7), 2947-2957, 2018",
        "year": "2018"
    },
    {
        "title": "Unified low complexity radix-2 architectures for time and frequency-domain GFDM modem",
        "link": "https://scholar.google.com/citations?view_op=view_citation&hl=en&user=5aKSeI0AAAAJ&cstart=40&citation_for_view=5aKSeI0AAAAJ:IjCSPb-OGe4C",
        "citation_id": "5aKSeI0AAAAJ:IjCSPb-OGe4C",
        "authors": "A Nimr, M Chafii, GP Fettweis",
        "publication": "IEEE Circuits and Systems Magazine 18 (4), 18-31, 2018",
        "year": "2018"
    },
    {
        "title": "Fourier based adaptive waveform",
        "link": "https://scholar.google.com/citations?view_op=view_citation&hl=en&user=5aKSeI0AAAAJ&cstart=100&citation_for_view=5aKSeI0AAAAJ:M3ejUd6NZC8C",
        "citation_id": "5aKSeI0AAAAJ:M3ejUd6NZC8C",
        "authors": "M Chafii, J Palicot, R Gribonval, F Bader",
        "publication": "2018 25th International Conference on Telecommunications (ICT), 37-41, 2018",
        "year": "2018"
    },
    {
        "title": "IEEE Copyright Notice",
        "link": "https://scholar.google.com/citations?view_op=view_citation&hl=en&user=5aKSeI0AAAAJ&cstart=120&citation_for_view=5aKSeI0AAAAJ:5Ul4iDaHHb8C",
        "citation_id": "5aKSeI0AAAAJ:5Ul4iDaHHb8C",
        "authors": "W Dias, D Gaspar, L Mendes, M Chafii, M Matth, P Neuhaus, G Fettweis",
        "publication": "organization, 2018",
        "year": "2018"
    },
    {
        "title": "A precoding-based PAPR reduction technique for UF-OFDM and filtered-OFDM modulations in 5G systems",
        "link": "https://scholar.google.com/citations?view_op=view_citation&hl=en&user=5aKSeI0AAAAJ&citation_for_view=5aKSeI0AAAAJ:_kc_bZDykSQC",
        "citation_id": "5aKSeI0AAAAJ:_kc_bZDykSQC",
        "authors": "MB Mabrouk, M Chafii, Y Louet, F Bader",
        "publication": "European Wireless 2017; 23th European Wireless Conference, 1-6, 2017",
        "year": "2017"
    },
    {
        "title": "DCT-OFDM with index modulation",
        "link": "https://scholar.google.com/citations?view_op=view_citation&hl=en&user=5aKSeI0AAAAJ&cstart=20&citation_for_view=5aKSeI0AAAAJ:ULOm3_A8WrAC",
        "citation_id": "5aKSeI0AAAAJ:ULOm3_A8WrAC",
        "authors": "M Chafii, JP Coon, DA Hedges",
        "publication": "IEEE Communications Letters 21 (7), 1489-1492, 2017",
        "year": "2017"
    },
    {
        "title": "Wavelet modulation: An alternative modulation with low energy consumption",
        "link": "https://scholar.google.com/citations?view_op=view_citation&hl=en&user=5aKSeI0AAAAJ&cstart=20&citation_for_view=5aKSeI0AAAAJ:4TOpqqG69KYC",
        "citation_id": "5aKSeI0AAAAJ:4TOpqqG69KYC",
        "authors": "M Chafii, J Palicot, R Gribonval",
        "publication": "Comptes Rendus. Physique 18 (2), 156-167, 2017",
        "year": "2017"
    },
    {
        "title": "Low-PAPR condition for 5G-candidate waveforms",
        "link": "https://scholar.google.com/citations?view_op=view_citation&hl=en&user=5aKSeI0AAAAJ&cstart=60&citation_for_view=5aKSeI0AAAAJ:d1gkVwhDpl0C",
        "citation_id": "5aKSeI0AAAAJ:d1gkVwhDpl0C",
        "authors": "MB Mabrouk, M Chafii, Y Louet, F Bader",
        "publication": "2017 XXXIInd General Assembly and Scientific Symposium of the International \u2026, 2017",
        "year": "2017"
    },
    {
        "title": "La modulation en ondelettes: une modulation alternative \u00e0 faible consommation d'\u00e9nergie",
        "link": "https://scholar.google.com/citations?view_op=view_citation&hl=en&user=5aKSeI0AAAAJ&cstart=140&citation_for_view=5aKSeI0AAAAJ:zA6iFVUQeVQC",
        "citation_id": "5aKSeI0AAAAJ:zA6iFVUQeVQC",
        "authors": "M Chafii, J Palicot, R Gribonval",
        "publication": "Comptes Rendus Physique 18 (2), 156-167, 2017",
        "year": "2017"
    },
    {
        "title": "A necessary condition for waveforms with better PAPR than OFDM",
        "link": "https://scholar.google.com/citations?view_op=view_citation&hl=en&user=5aKSeI0AAAAJ&cstart=20&citation_for_view=5aKSeI0AAAAJ:Y0pCki6q_DkC",
        "citation_id": "5aKSeI0AAAAJ:Y0pCki6q_DkC",
        "authors": "M Chafii, J Palicot, R Gribonval, F Bader",
        "publication": "IEEE Transactions on Communications 64 (8), 3395-3405, 2016",
        "year": "2016"
    },
    {
        "title": "Wavelet-OFDM vs. OFDM: Performance comparison",
        "link": "https://scholar.google.com/citations?view_op=view_citation&hl=en&user=5aKSeI0AAAAJ&cstart=20&citation_for_view=5aKSeI0AAAAJ:Zph67rFs4hoC",
        "citation_id": "5aKSeI0AAAAJ:Zph67rFs4hoC",
        "authors": "M Chafii, YJ Harbi, AG Burr",
        "publication": "2016 23rd International conference on telecommunications (ICT), 1-5, 2016",
        "year": "2016"
    },
    {
        "title": "Power spectral density limitations of the wavelet-OFDM system",
        "link": "https://scholar.google.com/citations?view_op=view_citation&hl=en&user=5aKSeI0AAAAJ&cstart=20&citation_for_view=5aKSeI0AAAAJ:5nxA0vEk-isC",
        "citation_id": "5aKSeI0AAAAJ:5nxA0vEk-isC",
        "authors": "M Chafii, J Palicot, R Gribonval, AG Burr",
        "publication": "2016 24th European Signal Processing Conference (EUSIPCO), 1428-1432, 2016",
        "year": "2016"
    },
    {
        "title": "Modified tone reservation for PAPR reduction in OFDM systems",
        "link": "https://scholar.google.com/citations?view_op=view_citation&hl=en&user=5aKSeI0AAAAJ&cstart=40&citation_for_view=5aKSeI0AAAAJ:3fE2CSJIrl8C",
        "citation_id": "5aKSeI0AAAAJ:3fE2CSJIrl8C",
        "authors": "ML Diallo, M Chafii, J Palicot, F Bader",
        "publication": "2016 24th European Signal Processing Conference (EUSIPCO), 697-701, 2016",
        "year": "2016"
    },
    {
        "title": "Etude d'une nouvelle forme d'onde multiporteuses \u00e0 PAPR r\u00e9duit.",
        "link": "https://scholar.google.com/citations?view_op=view_citation&hl=en&user=5aKSeI0AAAAJ&cstart=60&citation_for_view=5aKSeI0AAAAJ:u-x6o8ySG0sC",
        "citation_id": "5aKSeI0AAAAJ:u-x6o8ySG0sC",
        "authors": "M Chafii",
        "publication": "CentraleSup\u00e9lec, 2016",
        "year": "2016"
    },
    {
        "title": "Adaptive tone reservation for better ber performance in a frequency selective fading channel",
        "link": "https://scholar.google.com/citations?view_op=view_citation&hl=en&user=5aKSeI0AAAAJ&cstart=60&citation_for_view=5aKSeI0AAAAJ:kNdYIx-mwKoC",
        "citation_id": "5aKSeI0AAAAJ:kNdYIx-mwKoC",
        "authors": "M Chafii, ML Diallo, J Palicot, F Bader, R Gribonval",
        "publication": "2016 IEEE 83rd Vehicular Technology Conference (VTC Spring), 1-3, 2016",
        "year": "2016"
    },
    {
        "title": "Efficient matricization of nD array with CUDA and its evaluation",
        "link": "https://scholar.google.com/citations?view_op=view_citation&hl=en&user=5aKSeI0AAAAJ&cstart=80&citation_for_view=5aKSeI0AAAAJ:eQOLeE2rZwMC",
        "citation_id": "5aKSeI0AAAAJ:eQOLeE2rZwMC",
        "authors": "MAH Shaikh, KMA Hasan, GGMN Ali, M Chafii, PHJ Chong",
        "publication": "2016 IEEE Intl Conference on Computational Science and Engineering (CSE) and \u2026, 2016",
        "year": "2016"
    },
    {
        "title": "La modulation en ondelettes: une modulation alternative \u00e0 faible consommation d'\u00e9nergie",
        "link": "https://scholar.google.com/citations?view_op=view_citation&hl=en&user=5aKSeI0AAAAJ&cstart=80&citation_for_view=5aKSeI0AAAAJ:qjMakFHDy7sC",
        "citation_id": "5aKSeI0AAAAJ:qjMakFHDy7sC",
        "authors": "M Chafii, J Palicot, R Gribonval",
        "publication": "URSI \u00c9nergie et radiosciences, 2016",
        "year": "2016"
    },
    {
        "title": "Study of a new multicarrier waveform with low PAPR",
        "link": "https://scholar.google.com/citations?view_op=view_citation&hl=en&user=5aKSeI0AAAAJ&cstart=100&citation_for_view=5aKSeI0AAAAJ:l7t_Zn2s7bgC",
        "citation_id": "5aKSeI0AAAAJ:l7t_Zn2s7bgC",
        "authors": "M Chafii",
        "publication": "CentraleSup\u00e9lec, 2016",
        "year": "2016"
    },
    {
        "title": "Modified Tone Reservation for Peak-to-Average Power Ratio on OFDM systems",
        "link": "https://scholar.google.com/citations?view_op=view_citation&hl=en&user=5aKSeI0AAAAJ&cstart=140&citation_for_view=5aKSeI0AAAAJ:2osOgNQ5qMEC",
        "citation_id": "5aKSeI0AAAAJ:2osOgNQ5qMEC",
        "authors": "LM Diallo, M Chafii, J Palicot, F Bader",
        "publication": "EUSIPCO, 2016",
        "year": "2016"
    },
    {
        "title": "Dispositif de communication \u00e0 modulation temps-fr\u00e9quence adaptative",
        "link": "https://scholar.google.com/citations?view_op=view_citation&hl=en&user=5aKSeI0AAAAJ&cstart=140&citation_for_view=5aKSeI0AAAAJ:UebtZRa9Y70C",
        "citation_id": "5aKSeI0AAAAJ:UebtZRa9Y70C",
        "authors": "M Chafii, J Palicot, R Gribonval",
        "publication": null,
        "year": "2016"
    },
    {
        "title": "L'optimalit\u00e9 de l'OFDM en termes de performance en PAPR",
        "link": "https://scholar.google.com/citations?view_op=view_citation&hl=en&user=5aKSeI0AAAAJ&cstart=80&citation_for_view=5aKSeI0AAAAJ:_FxGoFyzp5QC",
        "citation_id": "5aKSeI0AAAAJ:_FxGoFyzp5QC",
        "authors": "M Chafii, J Palicot, R Gribonval",
        "publication": "25\u00e8me Colloque Gretsi 2015, 2015",
        "year": "2015"
    },
    {
        "title": "Closed-form approximations of the PAPR distribution for multi-carrier modulation systems",
        "link": "https://scholar.google.com/citations?view_op=view_citation&hl=en&user=5aKSeI0AAAAJ&cstart=20&citation_for_view=5aKSeI0AAAAJ:YsMSGLbcyi4C",
        "citation_id": "5aKSeI0AAAAJ:YsMSGLbcyi4C",
        "authors": "M Chafii, J Palicot, R Gribonval",
        "publication": "2014 22nd European Signal Processing Conference (EUSIPCO), 1920-1924, 2014",
        "year": "2014"
    },
    {
        "title": "Closed-form approximations of the peak-to-average power ratio distribution for multi-carrier modulation and their applications",
        "link": "https://scholar.google.com/citations?view_op=view_citation&hl=en&user=5aKSeI0AAAAJ&cstart=40&citation_for_view=5aKSeI0AAAAJ:9yKSN-GCB0IC",
        "citation_id": "5aKSeI0AAAAJ:9yKSN-GCB0IC",
        "authors": "M Chafii, J Palicot, R Gribonval",
        "publication": "EURASIP Journal on Advances in Signal Processing 2014, 1-13, 2014",
        "year": "2014"
    },
    {
        "title": "A PAPR upper bound of Generalized Waveforms for Multi-Carrier modulation systems",
        "link": "https://scholar.google.com/citations?view_op=view_citation&hl=en&user=5aKSeI0AAAAJ&cstart=60&citation_for_view=5aKSeI0AAAAJ:Se3iqnhoufwC",
        "citation_id": "5aKSeI0AAAAJ:Se3iqnhoufwC",
        "authors": "M Chafii, J Palicot, R Gribonval",
        "publication": "2014 6th International Symposium on Communications, Control and Signal \u2026, 2014",
        "year": "2014"
    }
]