[
    {
        "title": "The Impact of Multi-Connectivity and Handover Constraints on Millimeter Wave and Terahertz Cellular Networks",
        "link": "https://scholar.google.com/citations?view_op=view_citation&hl=en&user=0Brxa0QAAAAJ&citation_for_view=0Brxa0QAAAAJ:n2EMxG_msskC",
        "citation_id": "0Brxa0QAAAAJ:n2EMxG_msskC",
        "authors": "MF \u00d6zko\u00e7, A Koutsaftis, R Kumar, P Liu, SS Panwar",
        "publication": "IEEE Journal on Selected Areas in Communications 39 (6), 1833-1853, 2021",
        "year": "2021"
    },
    {
        "title": "Fast inter-base station ring (fibr): new millimeter wave cellular network architectures and processes",
        "link": "https://scholar.google.com/citations?view_op=view_citation&hl=en&user=0Brxa0QAAAAJ&cstart=40&citation_for_view=0Brxa0QAAAAJ:6APfbPi00UoC",
        "citation_id": "0Brxa0QAAAAJ:6APfbPi00UoC",
        "authors": "A Koutsaftis, R Kumar, P Liu, SS Panwar",
        "publication": "US Patent App. 17/085,260, 2021",
        "year": "2021"
    },
    {
        "title": "TCP bbr for ultra-low latency networking: challenges, analysis, and solutions",
        "link": "https://scholar.google.com/citations?view_op=view_citation&hl=en&user=0Brxa0QAAAAJ&cstart=20&citation_for_view=0Brxa0QAAAAJ:Fd3FjPIBfbkC",
        "citation_id": "0Brxa0QAAAAJ:Fd3FjPIBfbkC",
        "authors": "R Kumar, A Koutsaftis, F Fund, G Naik, P Liu, Y Liu, S Panwar",
        "publication": "2019 IFIP Networking Conference (IFIP Networking), 1-9, 2019",
        "year": "2019"
    },
    {
        "title": "Realtime scheduling and power allocation using deep neural networks",
        "link": "https://scholar.google.com/citations?view_op=view_citation&hl=en&user=0Brxa0QAAAAJ&cstart=20&citation_for_view=0Brxa0QAAAAJ:rmR93V40Y70C",
        "citation_id": "0Brxa0QAAAAJ:rmR93V40Y70C",
        "authors": "S Xu, P Liu, R Wang, SS Panwar",
        "publication": "2019 IEEE Wireless Communications and Networking Conference (WCNC), 1-5, 2019",
        "year": "2019"
    },
    {
        "title": "Fast Inter-Base Station Ring (FIBR): A New Millimeter Wave Cellular Network Architecture",
        "link": "https://scholar.google.com/citations?view_op=view_citation&hl=en&user=0Brxa0QAAAAJ&cstart=20&citation_for_view=0Brxa0QAAAAJ:SCE0ypLQHGcC",
        "citation_id": "0Brxa0QAAAAJ:SCE0ypLQHGcC",
        "authors": "A Koutsaftis, R Kumar, P Liu, SS Panwar",
        "publication": "IEEE Journal on Selected Areas in Communications 37 (12), 2699-2714, 2019",
        "year": "2019"
    },
    {
        "title": "Multipath transmission scheduling in millimeter wave cloud radio access networks",
        "link": "https://scholar.google.com/citations?view_op=view_citation&hl=en&user=0Brxa0QAAAAJ&cstart=20&citation_for_view=0Brxa0QAAAAJ:znQEAXyEQe8C",
        "citation_id": "0Brxa0QAAAAJ:znQEAXyEQe8C",
        "authors": "X Chen, P Liu, H Liu, C Wu, Y Ji",
        "publication": "2018 IEEE International Conference on Communications (ICC), 1-6, 2018",
        "year": "2018"
    },
    {
        "title": "Scheduling and power allocation in self-backhauled full duplex small cells",
        "link": "https://scholar.google.com/citations?view_op=view_citation&hl=en&user=0Brxa0QAAAAJ&cstart=20&citation_for_view=0Brxa0QAAAAJ:hQ3-0SoZo6AC",
        "citation_id": "0Brxa0QAAAAJ:hQ3-0SoZo6AC",
        "authors": "S Goyal, P Liu, S Panwar",
        "publication": "2017 IEEE International Conference on Communications (ICC), 1-7, 2017",
        "year": "2017"
    },
    {
        "title": "User selection and power allocation in full-duplex multicell networks",
        "link": "https://scholar.google.com/citations?view_op=view_citation&hl=en&user=0Brxa0QAAAAJ&citation_for_view=0Brxa0QAAAAJ:3eDEwZmXtlkC",
        "citation_id": "0Brxa0QAAAAJ:3eDEwZmXtlkC",
        "authors": "S Goyal, P Liu, SS Panwar",
        "publication": "IEEE Transactions on Vehicular Technology 66 (3), 2408-2422, 2016",
        "year": "2016"
    },
    {
        "title": "Full duplex cellular systems: will doubling interference prevent doubling capacity?",
        "link": "https://scholar.google.com/citations?view_op=view_citation&hl=en&user=0Brxa0QAAAAJ&citation_for_view=0Brxa0QAAAAJ:xoCRtiy2jdkC",
        "citation_id": "0Brxa0QAAAAJ:xoCRtiy2jdkC",
        "authors": "S Goyal, P Liu, SS Panwar, RA Difazio, R Yang, E Bala",
        "publication": "IEEE Communications Magazine 53 (5), 121-127, 2015",
        "year": "2015"
    },
    {
        "title": "Directional cell discovery in millimeter wave cellular networks",
        "link": "https://scholar.google.com/citations?view_op=view_citation&hl=en&user=0Brxa0QAAAAJ&citation_for_view=0Brxa0QAAAAJ:OqSZBmoviqwC",
        "citation_id": "0Brxa0QAAAAJ:OqSZBmoviqwC",
        "authors": "CN Barati, SA Hosseini, S Rangan, P Liu, T Korakis, SS Panwar, ...",
        "publication": "IEEE Transactions on Wireless Communications 14 (12), 6664-6678, 2015",
        "year": "2015"
    },
    {
        "title": "Shining a light into the darkness: How cooperative relay communication mitigates correlated shadow fading",
        "link": "https://scholar.google.com/citations?view_op=view_citation&hl=en&user=0Brxa0QAAAAJ&cstart=40&citation_for_view=0Brxa0QAAAAJ:b1ISl_ktn64C",
        "citation_id": "0Brxa0QAAAAJ:b1ISl_ktn64C",
        "authors": "T Lu, P Liu, S Panwar",
        "publication": "2015 IEEE 81st Vehicular Technology Conference (VTC Spring), 1-7, 2015",
        "year": "2015"
    },
    {
        "title": "How long before I regain my signal?",
        "link": "https://scholar.google.com/citations?view_op=view_citation&hl=en&user=0Brxa0QAAAAJ&cstart=40&citation_for_view=0Brxa0QAAAAJ:QobCCQ6YufAC",
        "citation_id": "0Brxa0QAAAAJ:QobCCQ6YufAC",
        "authors": "T Lu, P Liu, SS Panwar",
        "publication": "2015 49th Annual Conference on Information Sciences and Systems (CISS), 1-5, 2015",
        "year": "2015"
    },
    {
        "title": "Improving small cell capacity with common-carrier full duplex radios",
        "link": "https://scholar.google.com/citations?view_op=view_citation&hl=en&user=0Brxa0QAAAAJ&citation_for_view=0Brxa0QAAAAJ:Tiz5es2fbqcC",
        "citation_id": "0Brxa0QAAAAJ:Tiz5es2fbqcC",
        "authors": "S Goyal, P Liu, S Panwar, RA DiFazio, R Yang, J Li, E Bala",
        "publication": "2014 IEEE international conference on communications (ICC), 4987-4993, 2014",
        "year": "2014"
    },
    {
        "title": "CoopMAX: a cooperative MAC with randomized distributed space time coding for an IEEE 802.16 network",
        "link": "https://scholar.google.com/citations?view_op=view_citation&hl=en&user=0Brxa0QAAAAJ&citation_for_view=0Brxa0QAAAAJ:WF5omc3nYNoC",
        "citation_id": "0Brxa0QAAAAJ:WF5omc3nYNoC",
        "authors": "C Nie, P Liu, T Korakis, E Erkip, SS Panwar",
        "publication": "US Patent 8,792,367, 2014",
        "year": "2014"
    },
    {
        "title": "CoopMAX: a cooperative MAC with randomized distributed space time coding for an IEEE 802.16 network",
        "link": "https://scholar.google.com/citations?view_op=view_citation&hl=en&user=0Brxa0QAAAAJ&citation_for_view=0Brxa0QAAAAJ:1q1G2TXS1G0C",
        "citation_id": "0Brxa0QAAAAJ:1q1G2TXS1G0C",
        "authors": "C Nie, P Liu, T Korakis, E Erkip, SS Panwar",
        "publication": "US Patent 8,792,367, 2014",
        "year": "2014"
    },
    {
        "title": "Directional cell search for millimeter wave cellular systems",
        "link": "https://scholar.google.com/citations?view_op=view_citation&hl=en&user=0Brxa0QAAAAJ&citation_for_view=0Brxa0QAAAAJ:OR75R8vi5nAC",
        "citation_id": "0Brxa0QAAAAJ:OR75R8vi5nAC",
        "authors": "CN Barati, SA Hosseini, S Rangan, P Liu, T Korakis, SS Panwar",
        "publication": "2014 IEEE 15th International Workshop on Signal Processing Advances in \u2026, 2014",
        "year": "2014"
    },
    {
        "title": "Full duplex operation for small cells",
        "link": "https://scholar.google.com/citations?view_op=view_citation&hl=en&user=0Brxa0QAAAAJ&citation_for_view=0Brxa0QAAAAJ:lD5Rj62EkMEC",
        "citation_id": "0Brxa0QAAAAJ:lD5Rj62EkMEC",
        "authors": "S Goyal, P Liu, S Panwar, R Yang, RA DiFazio, E Bala",
        "publication": "arXiv preprint arXiv:1412.8708, 2014",
        "year": "2014"
    },
    {
        "title": "A distributed MAC protocol for full duplex radio",
        "link": "https://scholar.google.com/citations?view_op=view_citation&hl=en&user=0Brxa0QAAAAJ&citation_for_view=0Brxa0QAAAAJ:u9iWguZQMMsC",
        "citation_id": "0Brxa0QAAAAJ:u9iWguZQMMsC",
        "authors": "S Goyal, P Liu, O Gurbuz, E Erkip, S Panwar",
        "publication": "2013 Asilomar conference on signals, systems and computers, 788-792, 2013",
        "year": "2013"
    },
    {
        "title": "Analyzing a full-duplex cellular system",
        "link": "https://scholar.google.com/citations?view_op=view_citation&hl=en&user=0Brxa0QAAAAJ&citation_for_view=0Brxa0QAAAAJ:L8Ckcad2t8MC",
        "citation_id": "0Brxa0QAAAAJ:L8Ckcad2t8MC",
        "authors": "S Goyal, P Liu, S Hua, S Panwar",
        "publication": "2013 47th Annual Conference on Information Sciences and Systems (CISS), 1-6, 2013",
        "year": "2013"
    },
    {
        "title": "Spatial multiplexing gain for a distributed cooperative communications system using randomized coding",
        "link": "https://scholar.google.com/citations?view_op=view_citation&hl=en&user=0Brxa0QAAAAJ&citation_for_view=0Brxa0QAAAAJ:roLk4NBRz8UC",
        "citation_id": "0Brxa0QAAAAJ:roLk4NBRz8UC",
        "authors": "E Erkip, T Korakis, P Liu, SS Panwar",
        "publication": "US Patent 8,509,288, 2013",
        "year": "2013"
    },
    {
        "title": "Robust cooperative relaying in a wireless LAN: cross-layer design",
        "link": "https://scholar.google.com/citations?view_op=view_citation&hl=en&user=0Brxa0QAAAAJ&cstart=20&citation_for_view=0Brxa0QAAAAJ:quBVm8e4N6QC",
        "citation_id": "0Brxa0QAAAAJ:quBVm8e4N6QC",
        "authors": "E Erkip, P Liu, C Nie, SS Panwar",
        "publication": "US Patent 8,611,271, 2013",
        "year": "2013"
    },
    {
        "title": "MAC design for full-duplex relaying",
        "link": "https://scholar.google.com/citations?view_op=view_citation&hl=en&user=0Brxa0QAAAAJ&cstart=40&citation_for_view=0Brxa0QAAAAJ:JV2RwH3_ST0C",
        "citation_id": "0Brxa0QAAAAJ:JV2RwH3_ST0C",
        "authors": "S Goyal, P Liu, \u00d6 G\u00fcrb\u00fcz, E Erkip, S Panwar",
        "publication": "IEEE (Institute of Electrical and Electronics Engineers), 2013",
        "year": "2013"
    },
    {
        "title": "STiCMAC: A MAC Protocol for Robust Space-Time Coding in Cooperative Wireless LANs",
        "link": "https://scholar.google.com/citations?view_op=view_citation&hl=en&user=0Brxa0QAAAAJ&cstart=20&citation_for_view=0Brxa0QAAAAJ:mVmsd5A6BfQC",
        "citation_id": "0Brxa0QAAAAJ:mVmsd5A6BfQC",
        "authors": "P Liu, C Nie, T Korakis, E Erkip, SS Panwar, F Verde, A Scaglione",
        "publication": "Wireless Communications, IEEE Transactions on 11 (4), 1358-1369, 2012",
        "year": "2012"
    },
    {
        "title": "The urge to merge: When cellular service providers pool capacity",
        "link": "https://scholar.google.com/citations?view_op=view_citation&hl=en&user=0Brxa0QAAAAJ&cstart=20&citation_for_view=0Brxa0QAAAAJ:0EnyYjriUFMC",
        "citation_id": "0Brxa0QAAAAJ:0EnyYjriUFMC",
        "authors": "S Hua, P Liu, SS Panwar",
        "publication": "2012 IEEE International Conference on Communications (ICC), 5020-5025, 2012",
        "year": "2012"
    },
    {
        "title": "Cooperative relaying in next-generation mobile WiMAX networks",
        "link": "https://scholar.google.com/citations?view_op=view_citation&hl=en&user=0Brxa0QAAAAJ&cstart=20&citation_for_view=0Brxa0QAAAAJ:QIV2ME_5wuYC",
        "citation_id": "0Brxa0QAAAAJ:QIV2ME_5wuYC",
        "authors": "C Nie, P Liu, T Korakis, E Erkip, SS Panwar",
        "publication": "IEEE Transactions on vehicular technology 62 (3), 1399-1405, 2012",
        "year": "2012"
    },
    {
        "title": "Cooperative wireless communications",
        "link": "https://scholar.google.com/citations?view_op=view_citation&hl=en&user=0Brxa0QAAAAJ&cstart=20&citation_for_view=0Brxa0QAAAAJ:tLD3X6oaJq0C",
        "citation_id": "0Brxa0QAAAAJ:tLD3X6oaJq0C",
        "authors": "SS Panwar, P Liu, Z Tao",
        "publication": "US Patent 8,175,003, 2012",
        "year": "2012"
    },
    {
        "title": "Cooperative MAC for rate adaptive randomized distributed space-time coding",
        "link": "https://scholar.google.com/citations?view_op=view_citation&hl=en&user=0Brxa0QAAAAJ&cstart=20&citation_for_view=0Brxa0QAAAAJ:ufrVoPGSRksC",
        "citation_id": "0Brxa0QAAAAJ:ufrVoPGSRksC",
        "authors": "E Erkip, T Korakis, P Liu, SS Panwar, A Scaglione",
        "publication": "US Patent 8,228,836, 2012",
        "year": "2012"
    },
    {
        "title": "Capacity analysis of distributed MIMO system",
        "link": "https://scholar.google.com/citations?view_op=view_citation&hl=en&user=0Brxa0QAAAAJ&cstart=40&citation_for_view=0Brxa0QAAAAJ:QndmRo8phpgC",
        "citation_id": "0Brxa0QAAAAJ:QndmRo8phpgC",
        "authors": "X Wang, J Zhou, P Liu, Z Liu",
        "publication": "2012 Spring Congress on Engineering and Technology, 1-4, 2012",
        "year": "2012"
    }
]