[
    {
        "title": "Motorized rehabilitation device",
        "link": "https://scholar.google.com/citations?view_op=view_citation&hl=en&user=H6_aG50AAAAJ&cstart=100&citation_for_view=H6_aG50AAAAJ:EUQCXRtRnyEC",
        "citation_id": "H6_aG50AAAAJ:EUQCXRtRnyEC",
        "authors": "RV Patel, V Mehrabi, SF Atashzar",
        "publication": "US Patent 12,016,813, 2024",
        "year": "2024"
    },
    {
        "title": "X-MyoNET: Biometric Identification using Deep Processing of Dynamic Surface Electromyography",
        "link": "https://scholar.google.com/citations?view_op=view_citation&hl=en&user=H6_aG50AAAAJ&cstart=120&citation_for_view=H6_aG50AAAAJ:uc_IGeMz5qoC",
        "citation_id": "H6_aG50AAAAJ:uc_IGeMz5qoC",
        "authors": "Q Hu, A Sarmadi, P Gulati, P Krishnamurthy, F Khorrami, SF Atashzar",
        "publication": "IEEE Transactions on Instrumentation and Measurement, 2024",
        "year": "2024"
    },
    {
        "title": "Temporal Dynamics and Interplay of Transmission Rate, Vaccination, and Mutation in Epidemic Modeling: A Poisson Point Process Approach",
        "link": "https://scholar.google.com/citations?view_op=view_citation&hl=en&user=H6_aG50AAAAJ&cstart=140&citation_for_view=H6_aG50AAAAJ:EkHepimYqZsC",
        "citation_id": "H6_aG50AAAAJ:EkHepimYqZsC",
        "authors": "NM Shahtori, SF Atashzar",
        "publication": "IEEE Transactions on Network Science and Engineering, 2024",
        "year": "2024"
    },
    {
        "title": "An LSTM Feature Imitation Network for Hand Movement Recognition from sEMG Signals",
        "link": "https://scholar.google.com/citations?view_op=view_citation&hl=en&user=H6_aG50AAAAJ&cstart=140&citation_for_view=H6_aG50AAAAJ:ipzZ9siozwsC",
        "citation_id": "H6_aG50AAAAJ:ipzZ9siozwsC",
        "authors": "C Wu, SF Atashzar, MM Ghassemi, T Alhanai",
        "publication": "arXiv preprint arXiv:2405.19356, 2024",
        "year": "2024"
    },
    {
        "title": "ViT-MDHGR: Cross-day Reliability and Agility in Dynamic Hand Gesture Prediction via HD-sEMG Signal Decoding",
        "link": "https://scholar.google.com/citations?view_op=view_citation&hl=en&user=H6_aG50AAAAJ&cstart=140&citation_for_view=H6_aG50AAAAJ:35r97b3x0nAC",
        "citation_id": "H6_aG50AAAAJ:35r97b3x0nAC",
        "authors": "Q Hu, GA Azar, A Fletcher, S Rangan, SF Atashzar",
        "publication": "IEEE Journal of Selected Topics in Signal Processing, 2024",
        "year": "2024"
    },
    {
        "title": "Synergistic Functional Muscle Networks Reveal the Passivity Behavior of the Upper-Limb in Physical Human-Robot Interaction",
        "link": "https://scholar.google.com/citations?view_op=view_citation&hl=en&user=H6_aG50AAAAJ&cstart=140&citation_for_view=H6_aG50AAAAJ:0KyAp5RtaNEC",
        "citation_id": "H6_aG50AAAAJ:0KyAp5RtaNEC",
        "authors": "S Oliver, SF Atashzar",
        "publication": "IEEE Robotics and Automation Letters, 2024",
        "year": "2024"
    },
    {
        "title": "A Deep Learning Sequential Decoder for Transient High-Density Electromyography in Hand Gesture Recognition Using Subject-Embedded Transfer Learning",
        "link": "https://scholar.google.com/citations?view_op=view_citation&hl=en&user=H6_aG50AAAAJ&cstart=140&citation_for_view=H6_aG50AAAAJ:j8SEvjWlNXcC",
        "citation_id": "H6_aG50AAAAJ:j8SEvjWlNXcC",
        "authors": "GA Azar, Q Hu, M Emami, A Fletcher, S Rangan, SF Atashzar",
        "publication": "IEEE Sensors Journal, 2024",
        "year": "2024"
    },
    {
        "title": "Transformer-based hand gesture recognition from instantaneous to fused neural decomposition of high-density EMG signals",
        "link": "https://scholar.google.com/citations?view_op=view_citation&hl=en&user=H6_aG50AAAAJ&cstart=60&citation_for_view=H6_aG50AAAAJ:W5xh706n7nkC",
        "citation_id": "H6_aG50AAAAJ:W5xh706n7nkC",
        "authors": "M Montazerin, E Rahimian, F Naderkhani, SF Atashzar, S Yanushkevich, ...",
        "publication": "Scientific reports 13 (1), 11000, 2023",
        "year": "2023"
    },
    {
        "title": "Hydra-hgr: A hybrid transformer-based architecture for fusion of macroscopic and microscopic neural drive information",
        "link": "https://scholar.google.com/citations?view_op=view_citation&hl=en&user=H6_aG50AAAAJ&cstart=80&citation_for_view=H6_aG50AAAAJ:tkaPQYYpVKoC",
        "citation_id": "H6_aG50AAAAJ:tkaPQYYpVKoC",
        "authors": "M Montazerin, E Rahimian, F Naderkhani, SF Atashzar, H Alinejad-Rokny, ...",
        "publication": "ICASSP 2023-2023 IEEE International Conference on Acoustics, Speech and \u2026, 2023",
        "year": "2023"
    },
    {
        "title": "Perilaryngeal functional muscle network in patients with vocal hyperfunction-a case study",
        "link": "https://scholar.google.com/citations?view_op=view_citation&hl=en&user=H6_aG50AAAAJ&cstart=100&citation_for_view=H6_aG50AAAAJ:eq2jaN3J8jMC",
        "citation_id": "H6_aG50AAAAJ:eq2jaN3J8jMC",
        "authors": "R O'Keeffe, SY Shirazi, S Mehrdad, T Crosby, AM Johnson, SF Atashzar",
        "publication": "2023 11th International IEEE/EMBS Conference on Neural Engineering (NER), 1-5, 2023",
        "year": "2023"
    },
    {
        "title": "On the potentials of surface tactile imaging and dilated residual networks for early detection of colorectal cancer polyps",
        "link": "https://scholar.google.com/citations?view_op=view_citation&hl=en&user=H6_aG50AAAAJ&cstart=100&citation_for_view=H6_aG50AAAAJ:t7zJ5fGR-2UC",
        "citation_id": "H6_aG50AAAAJ:t7zJ5fGR-2UC",
        "authors": "N Venkatayogi, Q Hu, OC Kara, TG Mohanraj, SF Atashzar, F Alambeigi",
        "publication": "2023 IEEE/RSJ International Conference on Intelligent Robots and Systems \u2026, 2023",
        "year": "2023"
    },
    {
        "title": "A smart handheld edge device for on-site diagnosis and classification of texture and stiffness of excised colorectal cancer polyps",
        "link": "https://scholar.google.com/citations?view_op=view_citation&hl=en&user=H6_aG50AAAAJ&cstart=100&citation_for_view=H6_aG50AAAAJ:2KloaMYe4IUC",
        "citation_id": "H6_aG50AAAAJ:2KloaMYe4IUC",
        "authors": "OC Kara, J Xue, N Venkatayogi, TG Mohanraj, Y Hirata, N Ikoma, ...",
        "publication": "2023 IEEE/RSJ International Conference on Intelligent Robots and Systems \u2026, 2023",
        "year": "2023"
    },
    {
        "title": "Non-parametric functional muscle network as a robust biomarker of fatigue",
        "link": "https://scholar.google.com/citations?view_op=view_citation&hl=en&user=H6_aG50AAAAJ&cstart=100&citation_for_view=H6_aG50AAAAJ:vRqMK49ujn8C",
        "citation_id": "H6_aG50AAAAJ:vRqMK49ujn8C",
        "authors": "R O'Keeffe, SY Shirazi, J Yang, S Mehrdad, S Rao, SF Atashzar",
        "publication": "IEEE Journal of Biomedical and Health Informatics 27 (4), 2105-2116, 2023",
        "year": "2023"
    },
    {
        "title": "From unstable contacts to stable control: A deep learning paradigm for HD-sEMG in neurorobotics",
        "link": "https://scholar.google.com/citations?view_op=view_citation&hl=en&user=H6_aG50AAAAJ&cstart=100&citation_for_view=H6_aG50AAAAJ:evX43VCCuoAC",
        "citation_id": "H6_aG50AAAAJ:evX43VCCuoAC",
        "authors": "E Tyacke, K Gupta, J Patel, R Katoch, SF Atashzar",
        "publication": "arXiv preprint arXiv:2309.11086, 2023",
        "year": "2023"
    },
    {
        "title": "Upper-limb Geometric MyoPassivity Map for Physical Human-Robot Interaction",
        "link": "https://scholar.google.com/citations?view_op=view_citation&hl=en&user=H6_aG50AAAAJ&cstart=120&citation_for_view=H6_aG50AAAAJ:ZfRJV9d4-WMC",
        "citation_id": "H6_aG50AAAAJ:ZfRJV9d4-WMC",
        "authors": "X Zhou, P Paik, SF Atashzar",
        "publication": "2023 IEEE International Conference on Robotics and Automation (ICRA), 2023",
        "year": "2023"
    },
    {
        "title": "Deep learning for deterioration prediction of COVID-19 patients based on time-series of three vital signs",
        "link": "https://scholar.google.com/citations?view_op=view_citation&hl=en&user=H6_aG50AAAAJ&cstart=120&citation_for_view=H6_aG50AAAAJ:JQOojiI6XY0C",
        "citation_id": "H6_aG50AAAAJ:JQOojiI6XY0C",
        "authors": "S Mehrdad, FE Shamout, Y Wang, SF Atashzar",
        "publication": "Scientific reports 13 (1), 9968, 2023",
        "year": "2023"
    },
    {
        "title": "Design and Modeling of a Smart Torque-Adjustable Rotary Electroadhesive Clutch for Application in Human\u2013Robot Interaction",
        "link": "https://scholar.google.com/citations?view_op=view_citation&hl=en&user=H6_aG50AAAAJ&cstart=120&citation_for_view=H6_aG50AAAAJ:AXPGKjj_ei8C",
        "citation_id": "H6_aG50AAAAJ:AXPGKjj_ei8C",
        "authors": "N Feizi, SF Atashzar, MR Kermani, RV Patel",
        "publication": "IEEE/ASME Transactions on Mechatronics 28 (5), 2738-2748, 2023",
        "year": "2023"
    },
    {
        "title": "3D muscle networks based on vibrational mechanomyography",
        "link": "https://scholar.google.com/citations?view_op=view_citation&hl=en&user=H6_aG50AAAAJ&cstart=120&citation_for_view=H6_aG50AAAAJ:-_dYPAW6P2MC",
        "citation_id": "H6_aG50AAAAJ:-_dYPAW6P2MC",
        "authors": "CSM Castillo, SF Atashzar, R Vaidyanathan",
        "publication": "Journal of neural engineering 20 (6), 066008, 2023",
        "year": "2023"
    },
    {
        "title": "Myopassivity map: Does multi-channel sEMG correlate with the energetic behavior of upper-limb biomechanics during physical human-robot interaction?",
        "link": "https://scholar.google.com/citations?view_op=view_citation&hl=en&user=H6_aG50AAAAJ&cstart=120&citation_for_view=H6_aG50AAAAJ:tzM49s52ZIMC",
        "citation_id": "H6_aG50AAAAJ:tzM49s52ZIMC",
        "authors": "S Oliver, P Paik, X Zhou, SF Atashzar",
        "publication": "IEEE Robotics and Automation Letters, 2023",
        "year": "2023"
    },
    {
        "title": "Task-oriented design of a multi-degree of freedom upper limb prosthesis with integrated myocontrol and sensory feedback",
        "link": "https://scholar.google.com/citations?view_op=view_citation&hl=en&user=H6_aG50AAAAJ&cstart=120&citation_for_view=H6_aG50AAAAJ:7T2F9Uy0os0C",
        "citation_id": "H6_aG50AAAAJ:7T2F9Uy0os0C",
        "authors": "J Kashiwakura, PGS Alva, IM Guerra, C Bona, SF Atashzar, D Farina",
        "publication": "IEEE Transactions on Medical Robotics and Bionics, 2023",
        "year": "2023"
    },
    {
        "title": "From pulse width modulated TENS to cortical modulation: based on EEG functional connectivity analysis",
        "link": "https://scholar.google.com/citations?view_op=view_citation&hl=en&user=H6_aG50AAAAJ&cstart=140&citation_for_view=H6_aG50AAAAJ:Fu2w8maKXqMC",
        "citation_id": "H6_aG50AAAAJ:Fu2w8maKXqMC",
        "authors": "AF Jadidi, W Jensen, AA Zarei, ER Lontis, SF Atashzar",
        "publication": "Frontiers in Neuroscience 17, 1239068, 2023",
        "year": "2023"
    },
    {
        "title": "Interday reliability of upper-limb geometric myopassivity map for physical human-robot interaction",
        "link": "https://scholar.google.com/citations?view_op=view_citation&hl=en&user=H6_aG50AAAAJ&cstart=140&citation_for_view=H6_aG50AAAAJ:PR6Y55bgFSsC",
        "citation_id": "H6_aG50AAAAJ:PR6Y55bgFSsC",
        "authors": "X Zhou, P Paik, R O'keeffe, SF Atashzar",
        "publication": "IEEE Transactions on Haptics 16 (4), 658-664, 2023",
        "year": "2023"
    },
    {
        "title": "Linear versus Nonlinear Muscle Networks: A Case Study to Decode Hidden Synergistic Patterns During Dynamic Lower-limb Tasks",
        "link": "https://scholar.google.com/citations?view_op=view_citation&hl=en&user=H6_aG50AAAAJ&cstart=140&citation_for_view=H6_aG50AAAAJ:dQ2og3OwTAUC",
        "citation_id": "H6_aG50AAAAJ:dQ2og3OwTAUC",
        "authors": "R O'Keeffe, V Rathod, SY Shirazi, S Mehrdad, A Edwards, S Rao, ...",
        "publication": "2023 11th International IEEE/EMBS Conference on Neural Engineering (NER), 10 \u2026, 2023",
        "year": "2023"
    },
    {
        "title": "What Happens When Pneu-Net Soft Robotic Actuators Get Fatigued?",
        "link": "https://scholar.google.com/citations?view_op=view_citation&hl=en&user=H6_aG50AAAAJ&cstart=140&citation_for_view=H6_aG50AAAAJ:9vf0nzSNQJEC",
        "citation_id": "H6_aG50AAAAJ:9vf0nzSNQJEC",
        "authors": "J Libby, AA Somwanshi, F Stancati, G Tyagi, A Patel, N Bhatt, JR Rizzo, ...",
        "publication": "2023 International Symposium on Medical Robotics (ISMR), 1-6, 2023",
        "year": "2023"
    },
    {
        "title": "2023 Index IEEE/ASME Transactions on Mechatronics Vol. 28",
        "link": "https://scholar.google.com/citations?view_op=view_citation&hl=en&user=H6_aG50AAAAJ&cstart=140&citation_for_view=H6_aG50AAAAJ:9Nmd_mFXekcC",
        "citation_id": "H6_aG50AAAAJ:9Nmd_mFXekcC",
        "authors": "MF Abdel-Hafez, M Afshar, P Agarwal, A Agha-mohammadi, ...",
        "publication": "IEEE/ASME TRANSACTIONS ON MECHATRONICS 28 (12), 2023",
        "year": "2023"
    },
    {
        "title": "2023 Index IEEE Transactions on Haptics Vol. 16",
        "link": "https://scholar.google.com/citations?view_op=view_citation&hl=en&user=H6_aG50AAAAJ&cstart=140&citation_for_view=H6_aG50AAAAJ:nrtMV_XWKgEC",
        "citation_id": "H6_aG50AAAAJ:nrtMV_XWKgEC",
        "authors": "RAG Adenekan, R Agarwal, E AliAbbasi, UA Alma, H Alsuradi, ...",
        "publication": "IEEE Transactions on Haptics 16 (4), 2023",
        "year": "2023"
    },
    {
        "title": "The MyoPassivity Puzzle: How Does Muscle Fatigue Affect Energetic Behavior of the Human Upper-Limb During Physical Interaction with Robots?",
        "link": "https://scholar.google.com/citations?view_op=view_citation&hl=en&user=H6_aG50AAAAJ&cstart=140&citation_for_view=H6_aG50AAAAJ:XD-gHx7UXLsC",
        "citation_id": "H6_aG50AAAAJ:XD-gHx7UXLsC",
        "authors": "S Oliver, P Paik, X Zhou, SF Atashzar",
        "publication": "2023 IEEE/RSJ International Conference on Intelligent Robots and Systems \u2026, 2023",
        "year": "2023"
    },
    {
        "title": "Harnessing the Power of Human Biomechanics in Force-Position Domain: A 3D Passivity Index Map for Upper Limb Physical Human-(Tele) Robot Interaction",
        "link": "https://scholar.google.com/citations?view_op=view_citation&hl=en&user=H6_aG50AAAAJ&cstart=140&citation_for_view=H6_aG50AAAAJ:z_wVstp3MssC",
        "citation_id": "H6_aG50AAAAJ:z_wVstp3MssC",
        "authors": "X Zhou, P Paik, SF Atashzar",
        "publication": "2023 IEEE/RSJ International Conference on Intelligent Robots and Systems \u2026, 2023",
        "year": "2023"
    },
    {
        "title": "Visual velocity perception dysfunction in Parkinson\u2019s disease",
        "link": "https://scholar.google.com/citations?view_op=view_citation&hl=en&user=H6_aG50AAAAJ&cstart=140&citation_for_view=H6_aG50AAAAJ:N5tVd3kTz84C",
        "citation_id": "H6_aG50AAAAJ:N5tVd3kTz84C",
        "authors": "M Bernardinis, SF Atashzar, MS Jog, RV Patel",
        "publication": "Behavioural brain research 452, 114490, 2023",
        "year": "2023"
    },
    {
        "title": "How Does the Inner Geometry of Soft Actuators Modulate the Dynamic and Hysteretic Response?",
        "link": "https://scholar.google.com/citations?view_op=view_citation&hl=en&user=H6_aG50AAAAJ&cstart=160&citation_for_view=H6_aG50AAAAJ:NJ774b8OgUMC",
        "citation_id": "H6_aG50AAAAJ:NJ774b8OgUMC",
        "authors": "J Libby, AA Somwanshi, F Stancati, G Tyagi, S Mehrdad, JR Rizzo, ...",
        "publication": "arXiv preprint arXiv:2308.04722, 2023",
        "year": "2023"
    },
    {
        "title": "Lower-Limb Non-Parametric Functional Muscle Network: Test-Retest Reliability Analysis",
        "link": "https://scholar.google.com/citations?view_op=view_citation&hl=en&user=H6_aG50AAAAJ&cstart=160&citation_for_view=H6_aG50AAAAJ:kzcrU_BdoSEC",
        "citation_id": "H6_aG50AAAAJ:kzcrU_BdoSEC",
        "authors": "R O'Keeffe, J Yang, S Mehrdad, S Rao, SF Atashzar",
        "publication": "IEEE Transactions on Neural Systems and Rehabilitation Engineering 31, 2953 \u2026, 2023",
        "year": "2023"
    },
    {
        "title": "Design Optimization and Data-driven Shallow Learning for Dynamic Modeling of a Smart Segmented Electroadhesive Clutch",
        "link": "https://scholar.google.com/citations?view_op=view_citation&hl=en&user=H6_aG50AAAAJ&cstart=160&citation_for_view=H6_aG50AAAAJ:_Ybze24A_UAC",
        "citation_id": "H6_aG50AAAAJ:_Ybze24A_UAC",
        "authors": "N Feizi, Z Bahrami, SF Atashzar, MR Kermani, RV Patel",
        "publication": "2023 IEEE International Conference on Robotics and Automation (ICRA), 9903-9909, 2023",
        "year": "2023"
    },
    {
        "title": "CogniDaVinci: Towards Estimating Mental Workload Modulated by Visual Delays During Telerobotic Surgery-An EEG-based Analysis",
        "link": "https://scholar.google.com/citations?view_op=view_citation&hl=en&user=H6_aG50AAAAJ&cstart=160&citation_for_view=H6_aG50AAAAJ:uLbwQdceFCQC",
        "citation_id": "H6_aG50AAAAJ:uLbwQdceFCQC",
        "authors": "S Kumar, DH Liu, FS Racz, M Retana, S Sharma, F Iwane, BP Murphy, ...",
        "publication": "2023 IEEE International Conference on Robotics and Automation (ICRA), 6789-6794, 2023",
        "year": "2023"
    },
    {
        "title": "FiMReSt: Finite Mixture of Multivariate Regulated Skew-t Kernels--A Flexible Probabilistic Model for Multi-Clustered Data with Asymmetrically-Scattered Non-Gaussian Kernels",
        "link": "https://scholar.google.com/citations?view_op=view_citation&hl=en&user=H6_aG50AAAAJ&cstart=160&citation_for_view=H6_aG50AAAAJ:ZuybSZzF8UAC",
        "citation_id": "H6_aG50AAAAJ:ZuybSZzF8UAC",
        "authors": "S Mehrdad, SF Atashzar",
        "publication": "arXiv preprint arXiv:2305.09071, 2023",
        "year": "2023"
    },
    {
        "title": "Simultaneous Modulation of Cortical Activity and Phantom Pain in a Patient with Brachial Plexus Injury",
        "link": "https://scholar.google.com/citations?view_op=view_citation&hl=en&user=H6_aG50AAAAJ&cstart=160&citation_for_view=H6_aG50AAAAJ:1yQoGdGgb4wC",
        "citation_id": "H6_aG50AAAAJ:1yQoGdGgb4wC",
        "authors": "AA Zarei, SF Atashzar, W Jensen, AF Jadidi, R Lontis",
        "publication": "2023 11th International IEEE/EMBS Conference on Neural Engineering (NER), 1-4, 2023",
        "year": "2023"
    },
    {
        "title": "In this work, we investigate the effect of Parkinson's disease (PD), and common corresponding therapies on vision-based perception of motion, a critical perceptual ability \u2026",
        "link": "https://scholar.google.com/citations?view_op=view_citation&hl=en&user=H6_aG50AAAAJ&cstart=160&citation_for_view=H6_aG50AAAAJ:UHK10RUVsp4C",
        "citation_id": "H6_aG50AAAAJ:UHK10RUVsp4C",
        "authors": "H Xu, AF Sadikot, J Alty, M Bernardinis, SF Atashzar",
        "publication": "Perception, Cognition, and Working Memory: Interactions, Technology, and \u2026, 2023",
        "year": "2023"
    },
    {
        "title": "Haptic feedback and force-based teleoperation in surgical robotics",
        "link": "https://scholar.google.com/citations?view_op=view_citation&hl=en&user=H6_aG50AAAAJ&citation_for_view=H6_aG50AAAAJ:1qzjygNMrQYC",
        "citation_id": "H6_aG50AAAAJ:1qzjygNMrQYC",
        "authors": "RV Patel, SF Atashzar, M Tavakoli",
        "publication": "Proceedings of the IEEE 110 (7), 1012-1027, 2022",
        "year": "2022"
    },
    {
        "title": "Hand gesture recognition using temporal convolutions and attention mechanism",
        "link": "https://scholar.google.com/citations?view_op=view_citation&hl=en&user=H6_aG50AAAAJ&cstart=20&citation_for_view=H6_aG50AAAAJ:sSrBHYA8nusC",
        "citation_id": "H6_aG50AAAAJ:sSrBHYA8nusC",
        "authors": "E Rahimian, S Zabihi, A Asif, D Farina, SF Atashzar, A Mohammadi",
        "publication": "ICASSP 2022-2022 IEEE International Conference on Acoustics, Speech and \u2026, 2022",
        "year": "2022"
    },
    {
        "title": "Force-aware interface via electromyography for natural VR/AR interaction",
        "link": "https://scholar.google.com/citations?view_op=view_citation&hl=en&user=H6_aG50AAAAJ&cstart=40&citation_for_view=H6_aG50AAAAJ:WA5NYHcadZ8C",
        "citation_id": "H6_aG50AAAAJ:WA5NYHcadZ8C",
        "authors": "Y Zhang, B Liang, B Chen, PM Torrens, SF Atashzar, D Lin, Q Sun",
        "publication": "ACM Transactions on Graphics (TOG) 41 (6), 1-18, 2022",
        "year": "2022"
    },
    {
        "title": "Hand gesture recognition via transient sEMG using transfer learning of dilated efficient CapsNet: towards generalization for neurorobotics",
        "link": "https://scholar.google.com/citations?view_op=view_citation&hl=en&user=H6_aG50AAAAJ&cstart=40&citation_for_view=H6_aG50AAAAJ:5ugPr518TE4C",
        "citation_id": "H6_aG50AAAAJ:5ugPr518TE4C",
        "authors": "E Tyacke, SPJ Reddy, N Feng, R Edlabadkar, S Zhou, J Patel, Q Hu, ...",
        "publication": "IEEE Robotics and Automation Letters 7 (4), 9216-9223, 2022",
        "year": "2022"
    },
    {
        "title": "Deep heterogeneous dilation of LSTM for transient-phase gesture prediction through high-density electromyography: Towards application in neurorobotics",
        "link": "https://scholar.google.com/citations?view_op=view_citation&hl=en&user=H6_aG50AAAAJ&cstart=40&citation_for_view=H6_aG50AAAAJ:geHnlv5EZngC",
        "citation_id": "H6_aG50AAAAJ:geHnlv5EZngC",
        "authors": "T Sun, Q Hu, J Libby, SF Atashzar",
        "publication": "IEEE Robotics and Automation Letters 7 (2), 2851-2858, 2022",
        "year": "2022"
    },
    {
        "title": "Gamma-band enhancement of functional brain connectivity following transcutaneous electrical nerve stimulation",
        "link": "https://scholar.google.com/citations?view_op=view_citation&hl=en&user=H6_aG50AAAAJ&cstart=60&citation_for_view=H6_aG50AAAAJ:VOx2b1Wkg3QC",
        "citation_id": "H6_aG50AAAAJ:VOx2b1Wkg3QC",
        "authors": "AA Zarei, W Jensen, AF Jadidi, ER Lontis, SF Atashzar",
        "publication": "Journal of neural engineering 19 (2), 026020, 2022",
        "year": "2022"
    },
    {
        "title": "Nonlinear functional muscle network based on information theory tracks sensorimotor integration post stroke",
        "link": "https://scholar.google.com/citations?view_op=view_citation&hl=en&user=H6_aG50AAAAJ&cstart=80&citation_for_view=H6_aG50AAAAJ:wbdj-CoPYUoC",
        "citation_id": "H6_aG50AAAAJ:wbdj-CoPYUoC",
        "authors": "R O\u2019Keeffe, SY Shirazi, S Bilaloglu, S Jahed, R Bighamian, P Raghavan, ...",
        "publication": "Scientific reports 12 (1), 13029, 2022",
        "year": "2022"
    },
    {
        "title": "Perilaryngeal-cranial functional muscle network differentiates vocal tasks: A multi-channel semg approach",
        "link": "https://scholar.google.com/citations?view_op=view_citation&hl=en&user=H6_aG50AAAAJ&cstart=80&citation_for_view=H6_aG50AAAAJ:mvPsJ3kp5DgC",
        "citation_id": "H6_aG50AAAAJ:mvPsJ3kp5DgC",
        "authors": "R O\u2019Keeffe, SY Shirazi, S Mehrdad, T Crosby, AM Johnson, SF Atashzar",
        "publication": "IEEE Transactions on Biomedical Engineering 69 (12), 3678-3688, 2022",
        "year": "2022"
    },
    {
        "title": "Deep Augmentation for Electrode Shift Compensation in Transient-phase High-density Electromyographical Neural Interfaces: Towards Application in Neurorobotics",
        "link": "https://scholar.google.com/citations?view_op=view_citation&hl=en&user=H6_aG50AAAAJ&cstart=80&citation_for_view=H6_aG50AAAAJ:eJXPG6dFmWUC",
        "citation_id": "H6_aG50AAAAJ:eJXPG6dFmWUC",
        "authors": "T Sun, J Libby, JR Rizzo, SF Atashzar",
        "publication": "https://www.biorxiv.org/content/10.1101/2022.02.25.481922v1, 2022",
        "year": "2022"
    },
    {
        "title": "Adaptive wave reconstruction through regulated-BMFLC for transparency-enhanced telerobotics over delayed networks",
        "link": "https://scholar.google.com/citations?view_op=view_citation&hl=en&user=H6_aG50AAAAJ&cstart=80&citation_for_view=H6_aG50AAAAJ:eflP2zaiRacC",
        "citation_id": "H6_aG50AAAAJ:eflP2zaiRacC",
        "authors": "N Feizi, RV Patel, MR Kermani, SF Atashzar",
        "publication": "IEEE Transactions on Robotics 38 (5), 2928-2942, 2022",
        "year": "2022"
    },
    {
        "title": "Depression diagnosis using machine intelligence based on spatiospectrotemporal analysis of multi-channel EEG",
        "link": "https://scholar.google.com/citations?view_op=view_citation&hl=en&user=H6_aG50AAAAJ&cstart=80&citation_for_view=H6_aG50AAAAJ:HE397vMXCloC",
        "citation_id": "H6_aG50AAAAJ:HE397vMXCloC",
        "authors": "A Nassibi, C Papavassiliou, SF Atashzar",
        "publication": "Medical & Biological Engineering & Computing 60 (11), 3187-3202, 2022",
        "year": "2022"
    },
    {
        "title": "Power-based velocity-domain variable structure passivity signature control for physical human-(tele) robot interaction",
        "link": "https://scholar.google.com/citations?view_op=view_citation&hl=en&user=H6_aG50AAAAJ&cstart=80&citation_for_view=H6_aG50AAAAJ:olpn-zPbct0C",
        "citation_id": "H6_aG50AAAAJ:olpn-zPbct0C",
        "authors": "P Paik, S Thudi, SF Atashzar",
        "publication": "IEEE Transactions on Robotics 39 (1), 386-398, 2022",
        "year": "2022"
    },
    {
        "title": "A machine learning approach for the identification of kinematic biomarkers of chronic neck pain during single-and dual-task gait",
        "link": "https://scholar.google.com/citations?view_op=view_citation&hl=en&user=H6_aG50AAAAJ&cstart=80&citation_for_view=H6_aG50AAAAJ:q3oQSFYPqjQC",
        "citation_id": "H6_aG50AAAAJ:q3oQSFYPqjQC",
        "authors": "D Jim\u00e9nez-Grande, SF Atashzar, V Devecchi, E Martinez-Valdes, D Falla",
        "publication": "Gait & Posture 96, 81-86, 2022",
        "year": "2022"
    },
    {
        "title": "Synergistic upper-limb functional muscle connectivity using acoustic mechanomyography",
        "link": "https://scholar.google.com/citations?view_op=view_citation&hl=en&user=H6_aG50AAAAJ&cstart=80&citation_for_view=H6_aG50AAAAJ:fQNAKQ3IYiAC",
        "citation_id": "H6_aG50AAAAJ:fQNAKQ3IYiAC",
        "authors": "CSM Castillo, R Vaidyanathan, SF Atashzar",
        "publication": "IEEE Transactions on Biomedical Engineering 69 (8), 2569-2580, 2022",
        "year": "2022"
    },
    {
        "title": "Pit-pattern classification of colorectal cancer polyps using a hyper sensitive vision-based tactile sensor and dilated residual networks",
        "link": "https://scholar.google.com/citations?view_op=view_citation&hl=en&user=H6_aG50AAAAJ&cstart=100&citation_for_view=H6_aG50AAAAJ:PELIpwtuRlgC",
        "citation_id": "H6_aG50AAAAJ:PELIpwtuRlgC",
        "authors": "N Venkatayogi, Q Hu, OC Kara, TG Mohanraj, SF Atashzar, F Alambeigi",
        "publication": "arXiv preprint arXiv:2211.06814, 2022",
        "year": "2022"
    },
    {
        "title": "Transformer-based Hand Gesture Recognition via High-Density EMG Signals: From Instantaneous Recognition to Fusion of Motor Unit Spike Trains",
        "link": "https://scholar.google.com/citations?view_op=view_citation&hl=en&user=H6_aG50AAAAJ&cstart=120&citation_for_view=H6_aG50AAAAJ:JoZmwDi-zQgC",
        "citation_id": "H6_aG50AAAAJ:JoZmwDi-zQgC",
        "authors": "M Montazerin, E Rahimian, F Naderkhani, SF Atashzar, S Yanushkevich, ...",
        "publication": "arXiv preprint arXiv:2212.00743, 2022",
        "year": "2022"
    },
    {
        "title": "Modeling and high-definition control of a smart electroadhesive actuator: Toward application in rehabilitation",
        "link": "https://scholar.google.com/citations?view_op=view_citation&hl=en&user=H6_aG50AAAAJ&cstart=120&citation_for_view=H6_aG50AAAAJ:eMMeJKvmdy0C",
        "citation_id": "H6_aG50AAAAJ:eMMeJKvmdy0C",
        "authors": "N Feizi, SF Atashzar, MR Kermani, RV Patel",
        "publication": "IEEE Transactions on Medical Robotics and Bionics 4 (4), 1057-1067, 2022",
        "year": "2022"
    },
    {
        "title": "Deterioration prediction using time-series of three vital signs and current clinical features amongst covid-19 patients",
        "link": "https://scholar.google.com/citations?view_op=view_citation&hl=en&user=H6_aG50AAAAJ&cstart=120&citation_for_view=H6_aG50AAAAJ:Mojj43d5GZwC",
        "citation_id": "H6_aG50AAAAJ:Mojj43d5GZwC",
        "authors": "S Mehrdad, FE Shamout, Y Wang, SF Atashzar",
        "publication": "arXiv preprint arXiv:2210.05881, 2022",
        "year": "2022"
    },
    {
        "title": "Autonomous data-driven manipulation of an unknown deformable tissue within constrained environments: a pilot study",
        "link": "https://scholar.google.com/citations?view_op=view_citation&hl=en&user=H6_aG50AAAAJ&cstart=120&citation_for_view=H6_aG50AAAAJ:J-pR_7NvFogC",
        "citation_id": "H6_aG50AAAAJ:J-pR_7NvFogC",
        "authors": "M Retana, K Nalamwar, DT Conyers, SF Atashzar, F Alambeigi",
        "publication": "2022 International Symposium on Medical Robotics (ISMR), 1-7, 2022",
        "year": "2022"
    },
    {
        "title": "Video Context Improves Performance in Identifying Operative Planes on Static Surgical Images",
        "link": "https://scholar.google.com/citations?view_op=view_citation&hl=en&user=H6_aG50AAAAJ&cstart=120&citation_for_view=H6_aG50AAAAJ:bEWYMUwI8FkC",
        "citation_id": "H6_aG50AAAAJ:bEWYMUwI8FkC",
        "authors": "KN Alsowaina, SF Atashzar, DR Pur, R Eagleson, RV Patel, AI Elnahas, ...",
        "publication": "Journal of Surgical Education 79 (2), 492-499, 2022",
        "year": "2022"
    },
    {
        "title": "NeuroHaptics: from human touch to neuroscience",
        "link": "https://scholar.google.com/citations?view_op=view_citation&hl=en&user=H6_aG50AAAAJ&cstart=140&citation_for_view=H6_aG50AAAAJ:XiVPGOgt02cC",
        "citation_id": "H6_aG50AAAAJ:XiVPGOgt02cC",
        "authors": "W Park, L Kim, T Ball, SF Atashzar",
        "publication": "Frontiers in Neuroscience 16, 964014, 2022",
        "year": "2022"
    },
    {
        "title": "InfoMuNet: Information-theory-based functional muscle network tracks sensorimotor integration post-stroke",
        "link": "https://scholar.google.com/citations?view_op=view_citation&hl=en&user=H6_aG50AAAAJ&cstart=140&citation_for_view=H6_aG50AAAAJ:LPZeul_q3PIC",
        "citation_id": "H6_aG50AAAAJ:LPZeul_q3PIC",
        "authors": "R O\u2019Keeffe, SY Shirazi, S Bilaloglu, S Jahed, R Bighamian, P Raghavan, ...",
        "publication": "bioRxiv, 2022.02. 10.479324, 2022",
        "year": "2022"
    },
    {
        "title": "Low-frequency motor cortex EEG predicts four levels of rate of change of force during ankle dorsiflexion",
        "link": "https://scholar.google.com/citations?view_op=view_citation&hl=en&user=H6_aG50AAAAJ&cstart=160&citation_for_view=H6_aG50AAAAJ:Y5dfb0dijaUC",
        "citation_id": "H6_aG50AAAAJ:Y5dfb0dijaUC",
        "authors": "R O\u2019Keeffe, SY Shirazi, A Del Vecchio, J Ib\u00e1\u00f1ez, N Mrachacz-Kersting, ...",
        "publication": "bioRxiv, 2022.11. 02.514949, 2022",
        "year": "2022"
    },
    {
        "title": "Complex Temporal behavior Modeling for Pandemic Spread: Not a Simple Delayed Response!",
        "link": "https://scholar.google.com/citations?view_op=view_citation&hl=en&user=H6_aG50AAAAJ&cstart=160&citation_for_view=H6_aG50AAAAJ:bnK-pcrLprsC",
        "citation_id": "H6_aG50AAAAJ:bnK-pcrLprsC",
        "authors": "NM Shahtori, SF Atashzar",
        "publication": "medRxiv, 2022.08. 01.22278281, 2022",
        "year": "2022"
    },
    {
        "title": "How Autonomous Intelligent Systems Can Facilitate Earth-independent Medical Care: Going Beyond Telepresence",
        "link": "https://scholar.google.com/citations?view_op=view_citation&hl=en&user=H6_aG50AAAAJ&cstart=160&citation_for_view=H6_aG50AAAAJ:uJ-U7cs_P_0C",
        "citation_id": "H6_aG50AAAAJ:uJ-U7cs_P_0C",
        "authors": "S Samani, AR Harrivel, SF Atashzar",
        "publication": "13th International Conference on Applied Human Factors and Ergonomics (AHFE \u2026, 2022",
        "year": "2022"
    },
    {
        "title": "Robotics, Autonomous Systems and AI for Nonurgent/Nonemergent Healthcare Delivery During and After the COVID-19 Pandemic",
        "link": "https://scholar.google.com/citations?view_op=view_citation&hl=en&user=H6_aG50AAAAJ&cstart=160&citation_for_view=H6_aG50AAAAJ:_B80troHkn4C",
        "citation_id": "H6_aG50AAAAJ:_B80troHkn4C",
        "authors": "M Tavakoli, SF Atashzar, AL Trejos, S DiMaio, PM Pilarski",
        "publication": "Frontiers Media SA, 2022",
        "year": "2022"
    },
    {
        "title": "Robotics, Autonomous Systems and AI for Nonurgent/Nonemergent Healthcare Delivery During and After the COVID-19 Pandemic",
        "link": "https://scholar.google.com/citations?view_op=view_citation&hl=en&user=H6_aG50AAAAJ&cstart=160&citation_for_view=H6_aG50AAAAJ:BrmTIyaxlBUC",
        "citation_id": "H6_aG50AAAAJ:BrmTIyaxlBUC",
        "authors": "AL Trejos, SF Atashzar, SP DiMaio, PM Pilarski, M Tavakoli",
        "publication": "Frontiers in Robotics and AI 9, 886926, 2022",
        "year": "2022"
    },
    {
        "title": "Hand Gesture Prediction via Transient-phase sEMG using Transfer Learning of Dilated Efficient CapsNet: Towards Generalization for Neurorobotics",
        "link": "https://scholar.google.com/citations?view_op=view_citation&hl=en&user=H6_aG50AAAAJ&cstart=160&citation_for_view=H6_aG50AAAAJ:D_sINldO8mEC",
        "citation_id": "H6_aG50AAAAJ:D_sINldO8mEC",
        "authors": "E Tyacke, SPJ Reddy, N Feng, R Edlabadkar, S Zhou, J Patel, Q Hu, ...",
        "publication": "bioRxiv, 2022.02. 25.482002, 2022",
        "year": "2022"
    },
    {
        "title": "2022 Index IEEE/ASME Transactions on Mechatronics Vol. 27",
        "link": "https://scholar.google.com/citations?view_op=view_citation&hl=en&user=H6_aG50AAAAJ&cstart=160&citation_for_view=H6_aG50AAAAJ:5awf1xo2G04C",
        "citation_id": "H6_aG50AAAAJ:5awf1xo2G04C",
        "authors": "A Abid, M Afshar, F Aghili, JJM Ahanda, B Ahmad, MN Ahmadabadi, ...",
        "publication": "IEEE/ASME TRANSACTIONS ON MECHATRONICS 27 (6), 2022",
        "year": "2022"
    },
    {
        "title": "FS-HGR: Few-shot learning for hand gesture recognition via electromyography",
        "link": "https://scholar.google.com/citations?view_op=view_citation&hl=en&user=H6_aG50AAAAJ&citation_for_view=H6_aG50AAAAJ:a0OBvERweLwC",
        "citation_id": "H6_aG50AAAAJ:a0OBvERweLwC",
        "authors": "E Rahimian, S Zabihi, A Asif, D Farina, SF Atashzar, A Mohammadi",
        "publication": "IEEE transactions on neural systems and rehabilitation engineering 29, 1004-1015, 2021",
        "year": "2021"
    },
    {
        "title": "Robotics and ai for teleoperation, tele-assessment, and tele-training for surgery in the era of covid-19: Existing challenges, and future vision",
        "link": "https://scholar.google.com/citations?view_op=view_citation&hl=en&user=H6_aG50AAAAJ&citation_for_view=H6_aG50AAAAJ:xtRiw3GOFMkC",
        "citation_id": "H6_aG50AAAAJ:xtRiw3GOFMkC",
        "authors": "N Feizi, M Tavakoli, RV Patel, SF Atashzar",
        "publication": "Frontiers in Robotics and AI 8, 610677, 2021",
        "year": "2021"
    },
    {
        "title": "Covid-fact: A fully-automated capsule network-based framework for identification of covid-19 cases from chest ct scans",
        "link": "https://scholar.google.com/citations?view_op=view_citation&hl=en&user=H6_aG50AAAAJ&citation_for_view=H6_aG50AAAAJ:yD5IFk8b50cC",
        "citation_id": "H6_aG50AAAAJ:yD5IFk8b50cC",
        "authors": "S Heidarian, P Afshar, N Enshaei, F Naderkhani, MJ Rafiee, ...",
        "publication": "Frontiers in Artificial Intelligence 4, 598932, 2021",
        "year": "2021"
    },
    {
        "title": "How can intelligent robots and smart mechatronic modules facilitate remote assessment, assistance, and rehabilitation for isolated adults with neuro-musculoskeletal conditions?",
        "link": "https://scholar.google.com/citations?view_op=view_citation&hl=en&user=H6_aG50AAAAJ&citation_for_view=H6_aG50AAAAJ:CHSYGLWDkRkC",
        "citation_id": "H6_aG50AAAAJ:CHSYGLWDkRkC",
        "authors": "SF Atashzar, J Carriere, M Tavakoli",
        "publication": "Frontiers in Robotics and AI 8, 610529, 2021",
        "year": "2021"
    },
    {
        "title": "Toward Deep Generalization of Peripheral EMG-based Human-Robot Interfacing: A Hybrid Explainable Solution for NeuroRobotic Systems",
        "link": "https://scholar.google.com/citations?view_op=view_citation&hl=en&user=H6_aG50AAAAJ&citation_for_view=H6_aG50AAAAJ:P5F9QuxV20EC",
        "citation_id": "H6_aG50AAAAJ:P5F9QuxV20EC",
        "authors": "P Gulati, Q Hu, SF Atashzar",
        "publication": "IEEE Robotics and Automation Letters, 2021",
        "year": "2021"
    },
    {
        "title": "Perspective: Wearable Internet of Medical Things for remote tracking of symptoms, prediction of health anomalies, implementation of preventative measures, and control of virus \u2026",
        "link": "https://scholar.google.com/citations?view_op=view_citation&hl=en&user=H6_aG50AAAAJ&cstart=20&citation_for_view=H6_aG50AAAAJ:uWQEDVKXjbEC",
        "citation_id": "H6_aG50AAAAJ:uWQEDVKXjbEC",
        "authors": "S Mehrdad, Y Wang, SF Atashzar",
        "publication": "Frontiers in Robotics and AI 8, 610653, 2021",
        "year": "2021"
    },
    {
        "title": "Temporal dilation of deep LSTM for agile decoding of sEMG: Application in prediction of Upper-Limb motor intention in NeuroRobotics",
        "link": "https://scholar.google.com/citations?view_op=view_citation&hl=en&user=H6_aG50AAAAJ&cstart=20&citation_for_view=H6_aG50AAAAJ:Tiz5es2fbqcC",
        "citation_id": "H6_aG50AAAAJ:Tiz5es2fbqcC",
        "authors": "T Sun, Q Hu, P Gulati, SF Atashzar",
        "publication": "IEEE Robotics and Automation Letters 6 (4), 6212-6219, 2021",
        "year": "2021"
    },
    {
        "title": "Few-shot learning for decoding surface electromyography for hand gesture recognition",
        "link": "https://scholar.google.com/citations?view_op=view_citation&hl=en&user=H6_aG50AAAAJ&cstart=20&citation_for_view=H6_aG50AAAAJ:u9iWguZQMMsC",
        "citation_id": "H6_aG50AAAAJ:u9iWguZQMMsC",
        "authors": "E Rahimian, S Zabihi, A Asif, SF Atashzar, A Mohammadi",
        "publication": "ICASSP 2021-2021 IEEE International Conference on Acoustics, Speech and \u2026, 2021",
        "year": "2021"
    },
    {
        "title": "Temgnet: Deep transformer-based decoding of upperlimb semg for hand gestures recognition",
        "link": "https://scholar.google.com/citations?view_op=view_citation&hl=en&user=H6_aG50AAAAJ&cstart=40&citation_for_view=H6_aG50AAAAJ:08ZZubdj9fEC",
        "citation_id": "H6_aG50AAAAJ:08ZZubdj9fEC",
        "authors": "E Rahimian, S Zabihi, A Asif, D Farina, SF Atashzar, A Mohammadi",
        "publication": "arXiv preprint arXiv:2109.12379, 2021",
        "year": "2021"
    },
    {
        "title": "Muscle network topology analysis for the classification of chronic neck pain based on EMG biomarkers extracted during walking",
        "link": "https://scholar.google.com/citations?view_op=view_citation&hl=en&user=H6_aG50AAAAJ&cstart=40&citation_for_view=H6_aG50AAAAJ:XiSMed-E-HIC",
        "citation_id": "H6_aG50AAAAJ:XiSMed-E-HIC",
        "authors": "D Jim\u00e9nez-Grande, SF Atashzar, E Martinez-Valdes, D Falla",
        "publication": "Plos one 16 (6), e0252657, 2021",
        "year": "2021"
    },
    {
        "title": "On future development of autonomous systems: A report of the plenary panel at IEEE ICAS\u201921",
        "link": "https://scholar.google.com/citations?view_op=view_citation&hl=en&user=H6_aG50AAAAJ&cstart=40&citation_for_view=H6_aG50AAAAJ:hkOj_22Ku90C",
        "citation_id": "H6_aG50AAAAJ:hkOj_22Ku90C",
        "authors": "Y Wang, I Pitas, KN Plataniotis, CS Regazzoni, BM Sadler, ...",
        "publication": "2021 IEEE international conference on autonomous systems (ICAS), 1-9, 2021",
        "year": "2021"
    },
    {
        "title": "A deep explainable artificial intelligent framework for neurological disorders discrimination",
        "link": "https://scholar.google.com/citations?view_op=view_citation&hl=en&user=H6_aG50AAAAJ&cstart=40&citation_for_view=H6_aG50AAAAJ:p2g8aNsByqUC",
        "citation_id": "H6_aG50AAAAJ:p2g8aNsByqUC",
        "authors": "S Shahtalebi, SF Atashzar, RV Patel, MS Jog, A Mohammadi",
        "publication": "Scientific reports 11 (1), 9630, 2021",
        "year": "2021"
    },
    {
        "title": "Kinematic biomarkers of chronic neck pain measured during gait: A data-driven classification approach",
        "link": "https://scholar.google.com/citations?view_op=view_citation&hl=en&user=H6_aG50AAAAJ&cstart=60&citation_for_view=H6_aG50AAAAJ:1sJd4Hv_s6UC",
        "citation_id": "H6_aG50AAAAJ:1sJd4Hv_s6UC",
        "authors": "D Jim\u00e9nez-Grande, SF Atashzar, E Martinez-Valdes, AM De Nunzio, ...",
        "publication": "Journal of Biomechanics 118, 110190, 2021",
        "year": "2021"
    },
    {
        "title": "Trustworthy adaptation with few-shot learning for hand gesture recognition",
        "link": "https://scholar.google.com/citations?view_op=view_citation&hl=en&user=H6_aG50AAAAJ&cstart=60&citation_for_view=H6_aG50AAAAJ:tS2w5q8j5-wC",
        "citation_id": "H6_aG50AAAAJ:tS2w5q8j5-wC",
        "authors": "E Rahimian, S Zabihi, A Asif, SF Atashzar, A Mohammadi",
        "publication": "2021 IEEE International Conference on Autonomous Systems (ICAS), 1-5, 2021",
        "year": "2021"
    },
    {
        "title": "Influence of antagonistic tensions on distributed friction forces of multisegment tendon-driven continuum manipulators with irregular geometry",
        "link": "https://scholar.google.com/citations?view_op=view_citation&hl=en&user=H6_aG50AAAAJ&cstart=60&citation_for_view=H6_aG50AAAAJ:4fKUyHm3Qg0C",
        "citation_id": "H6_aG50AAAAJ:4fKUyHm3Qg0C",
        "authors": "Y Liu, U Yoo, S Ha, SF Atashzar, F Alambeigi",
        "publication": "IEEE/ASME Transactions on Mechatronics 27 (5), 2418-2428, 2021",
        "year": "2021"
    },
    {
        "title": "Discrete Windowed-Energy Variable Structure Passivity Signature Control for Physical Human-(Tele)Robot Interaction",
        "link": "https://scholar.google.com/citations?view_op=view_citation&hl=en&user=H6_aG50AAAAJ&cstart=60&citation_for_view=H6_aG50AAAAJ:SP6oXDckpogC",
        "citation_id": "H6_aG50AAAAJ:SP6oXDckpogC",
        "authors": "S Thudi, SF Atashzar",
        "publication": "IEEE Robotics and Automation Letters 6, 3647-3654, 2021",
        "year": "2021"
    },
    {
        "title": "Design, fabrication, and validation of a new family of 3d-printable structurally-programmable actuators for soft robotics",
        "link": "https://scholar.google.com/citations?view_op=view_citation&hl=en&user=H6_aG50AAAAJ&cstart=80&citation_for_view=H6_aG50AAAAJ:K3LRdlH-MEoC",
        "citation_id": "H6_aG50AAAAJ:K3LRdlH-MEoC",
        "authors": "A Altelbani, H Zhou, S Mehrdad, F Alambeigi, SF Atashzar",
        "publication": "IEEE Robotics and Automation Letters 6 (4), 7941-7948, 2021",
        "year": "2021"
    },
    {
        "title": "X-MyoNET: Biometric identification using deep processing of transient surface electromyography",
        "link": "https://scholar.google.com/citations?view_op=view_citation&hl=en&user=H6_aG50AAAAJ&cstart=100&citation_for_view=H6_aG50AAAAJ:8AbLer7MMksC",
        "citation_id": "H6_aG50AAAAJ:8AbLer7MMksC",
        "authors": "Q Hu, A Sarmadi, P Gulati, P Krishnamurthy, F Khorrami, SF Atashzar",
        "publication": "BioRxiv, 2021.11. 30.470688, 2021",
        "year": "2021"
    },
    {
        "title": "Time-domain passivity-based controller with an optimal two-channel lawrence telerobotic architecture",
        "link": "https://scholar.google.com/citations?view_op=view_citation&hl=en&user=H6_aG50AAAAJ&cstart=100&citation_for_view=H6_aG50AAAAJ:B3FOqHPlNUQC",
        "citation_id": "H6_aG50AAAAJ:B3FOqHPlNUQC",
        "authors": "N Feizi, S Thudi, RV Patel, SF Atashzar",
        "publication": "2021 IEEE International Conference on Robotics and Automation (ICRA), 3865-3871, 2021",
        "year": "2021"
    },
    {
        "title": "Abnormal Vision-Based Displacement Perception in Parkinson\u2019s Disease",
        "link": "https://scholar.google.com/citations?view_op=view_citation&hl=en&user=H6_aG50AAAAJ&cstart=120&citation_for_view=H6_aG50AAAAJ:738O_yMBCRsC",
        "citation_id": "H6_aG50AAAAJ:738O_yMBCRsC",
        "authors": "M Bernardinis, SF Atashzar, R Patel, M Jog",
        "publication": "Frontiers in Neuroscience, 2021",
        "year": "2021"
    },
    {
        "title": "Characterization of cervical-cranial muscle network in correlation with vocal features",
        "link": "https://scholar.google.com/citations?view_op=view_citation&hl=en&user=H6_aG50AAAAJ&cstart=140&citation_for_view=H6_aG50AAAAJ:tOudhMTPpwUC",
        "citation_id": "H6_aG50AAAAJ:tOudhMTPpwUC",
        "authors": "R O\u2019Keeffe, SY Shirazi, S Mehrdad, T Crosby, AM Johnson, SF Atashzar",
        "publication": "bioRxiv, 2021.09. 23.461177, 2021",
        "year": "2021"
    },
    {
        "title": "Altered evoked low-frequency connectivity from SI to ACC following nerve injury in rats",
        "link": "https://scholar.google.com/citations?view_op=view_citation&hl=en&user=H6_aG50AAAAJ&cstart=140&citation_for_view=H6_aG50AAAAJ:OU6Ihb5iCvQC",
        "citation_id": "H6_aG50AAAAJ:OU6Ihb5iCvQC",
        "authors": "L T\u00f8ttrup, SF Atashzar, D Farina, EN Kamavuako, W Jensen",
        "publication": "Journal of neural engineering 18 (4), 046063, 2021",
        "year": "2021"
    },
    {
        "title": "Deep learning for robust decomposition of high-density surface EMG signals",
        "link": "https://scholar.google.com/citations?view_op=view_citation&hl=en&user=H6_aG50AAAAJ&citation_for_view=H6_aG50AAAAJ:pqnbT2bcN3wC",
        "citation_id": "H6_aG50AAAAJ:pqnbT2bcN3wC",
        "authors": "AK Clarke, SF Atashzar, A Del Vecchio, D Barsakcioglu, S Muceli, ...",
        "publication": "IEEE Transactions on Biomedical Engineering 68 (2), 526-534, 2020",
        "year": "2020"
    },
    {
        "title": "Xceptiontime: independent time-window xceptiontime architecture for hand gesture classification",
        "link": "https://scholar.google.com/citations?view_op=view_citation&hl=en&user=H6_aG50AAAAJ&citation_for_view=H6_aG50AAAAJ:ldfaerwXgEUC",
        "citation_id": "H6_aG50AAAAJ:ldfaerwXgEUC",
        "authors": "E Rahimian, S Zabihi, SF Atashzar, A Asif, A Mohammadi",
        "publication": "ICASSP 2020-2020 IEEE International Conference on Acoustics, Speech and \u2026, 2020",
        "year": "2020"
    },
    {
        "title": "Review of advanced medical telerobots",
        "link": "https://scholar.google.com/citations?view_op=view_citation&hl=en&user=H6_aG50AAAAJ&citation_for_view=H6_aG50AAAAJ:b0M2c_1WBrUC",
        "citation_id": "H6_aG50AAAAJ:b0M2c_1WBrUC",
        "authors": "S Mehrdad, F Liu, MT Pham, A Lelev\u00e9, SF Atashzar",
        "publication": "Applied Sciences 11 (1), 209, 2020",
        "year": "2020"
    },
    {
        "title": "Adaptive spatial filtering of high-density EMG for reducing the influence of noise and artefacts in myoelectric control",
        "link": "https://scholar.google.com/citations?view_op=view_citation&hl=en&user=H6_aG50AAAAJ&cstart=20&citation_for_view=H6_aG50AAAAJ:M05iB0D1s5AC",
        "citation_id": "H6_aG50AAAAJ:M05iB0D1s5AC",
        "authors": "M Stachaczyk, SF Atashzar, D Farina",
        "publication": "IEEE Transactions on Neural Systems and Rehabilitation Engineering 28 (7 \u2026, 2020",
        "year": "2020"
    },
    {
        "title": "A multi-functional lower-and upper-limb stroke rehabilitation robot",
        "link": "https://scholar.google.com/citations?view_op=view_citation&hl=en&user=H6_aG50AAAAJ&cstart=20&citation_for_view=H6_aG50AAAAJ:cFHS6HbyZ2cC",
        "citation_id": "H6_aG50AAAAJ:cFHS6HbyZ2cC",
        "authors": "C Nicholson-Smith, V Mehrabi, SF Atashzar, RV Patel",
        "publication": "IEEE Transactions on Medical Robotics and Bionics 2 (4), 549-552, 2020",
        "year": "2020"
    },
    {
        "title": "Surface EMG-based hand gesture recognition via hybrid and dilated deep neural network architectures for neurorobotic prostheses",
        "link": "https://scholar.google.com/citations?view_op=view_citation&hl=en&user=H6_aG50AAAAJ&cstart=20&citation_for_view=H6_aG50AAAAJ:35N4QoGY0k4C",
        "citation_id": "H6_aG50AAAAJ:35N4QoGY0k4C",
        "authors": "E Rahimian, S Zabihi, SF Atashzar, A Asif, A Mohammadi",
        "publication": "Journal of Medical Robotics Research 5 (01n02), 2041001, 2020",
        "year": "2020"
    },
    {
        "title": "Wearable MMG-plus-one armband: Evaluation of normal force on mechanomyography (MMG) to enhance human-machine interfacing",
        "link": "https://scholar.google.com/citations?view_op=view_citation&hl=en&user=H6_aG50AAAAJ&cstart=20&citation_for_view=H6_aG50AAAAJ:_xSYboBqXhAC",
        "citation_id": "H6_aG50AAAAJ:_xSYboBqXhAC",
        "authors": "CSM Castillo, S Wilson, R Vaidyanathan, SF Atashzar",
        "publication": "IEEE Transactions on Neural Systems and Rehabilitation Engineering 29, 196-205, 2020",
        "year": "2020"
    },
    {
        "title": "PHTNet: Characterization and deep mining of involuntary pathological hand tremor using recurrent neural network models",
        "link": "https://scholar.google.com/citations?view_op=view_citation&hl=en&user=H6_aG50AAAAJ&cstart=20&citation_for_view=H6_aG50AAAAJ:2P1L_qKh6hAC",
        "citation_id": "H6_aG50AAAAJ:2P1L_qKh6hAC",
        "authors": "S Shahtalebi, SF Atashzar, O Samotus, RV Patel, MS Jog, A Mohammadi",
        "publication": "Scientific reports 10 (1), 2195, 2020",
        "year": "2020"
    },
    {
        "title": "Wearable multichannel haptic device for encoding proprioception in the upper limb",
        "link": "https://scholar.google.com/citations?view_op=view_citation&hl=en&user=H6_aG50AAAAJ&cstart=20&citation_for_view=H6_aG50AAAAJ:g5m5HwL7SMYC",
        "citation_id": "H6_aG50AAAAJ:g5m5HwL7SMYC",
        "authors": "PGS Alva, S Muceli, SF Atashzar, L William, D Farina",
        "publication": "Journal of neural engineering 17 (5), 056035, 2020",
        "year": "2020"
    },
    {
        "title": "Intraoperative localization of STN during DBS surgery using a data-driven model",
        "link": "https://scholar.google.com/citations?view_op=view_citation&hl=en&user=H6_aG50AAAAJ&cstart=40&citation_for_view=H6_aG50AAAAJ:70eg2SAEIzsC",
        "citation_id": "H6_aG50AAAAJ:70eg2SAEIzsC",
        "authors": "M Khosravi, SF Atashzar, G Gilmore, MS Jog, RV Patel",
        "publication": "IEEE journal of translational engineering in health and medicine 8, 1-9, 2020",
        "year": "2020"
    },
    {
        "title": "A multimodal intention detection sensor suite for shared autonomy of upper-limb robotic prostheses",
        "link": "https://scholar.google.com/citations?view_op=view_citation&hl=en&user=H6_aG50AAAAJ&cstart=40&citation_for_view=H6_aG50AAAAJ:4OULZ7Gr8RgC",
        "citation_id": "H6_aG50AAAAJ:4OULZ7Gr8RgC",
        "authors": "M Gardner, CS Mancero Castillo, S Wilson, D Farina, E Burdet, BC Khoo, ...",
        "publication": "Sensors 20 (21), 6097, 2020",
        "year": "2020"
    },
    {
        "title": "Toward universal neural interfaces for daily use: Decoding the neural drive to muscles generalises highly accurate finger task identification across humans",
        "link": "https://scholar.google.com/citations?view_op=view_citation&hl=en&user=H6_aG50AAAAJ&cstart=40&citation_for_view=H6_aG50AAAAJ:rO6llkc54NcC",
        "citation_id": "H6_aG50AAAAJ:rO6llkc54NcC",
        "authors": "M Stachaczyk, SF Atashzar, S Dupan, I Vujaklija, D Farina",
        "publication": "Ieee Access 8, 149025-149035, 2020",
        "year": "2020"
    },
    {
        "title": "Wearable dual-frequency vibrotactile system for restoring force and stiffness perception",
        "link": "https://scholar.google.com/citations?view_op=view_citation&hl=en&user=H6_aG50AAAAJ&cstart=60&citation_for_view=H6_aG50AAAAJ:vV6vV6tmYwMC",
        "citation_id": "H6_aG50AAAAJ:vV6vV6tmYwMC",
        "authors": "T Gathmann, SF Atashzar, PGS Alva, D Farina",
        "publication": "IEEE Transactions on Haptics 13 (1), 191-196, 2020",
        "year": "2020"
    },
    {
        "title": "Energetic passivity decoding of human hip joint for physical human-robot interaction",
        "link": "https://scholar.google.com/citations?view_op=view_citation&hl=en&user=H6_aG50AAAAJ&cstart=60&citation_for_view=H6_aG50AAAAJ:HoB7MX3m0LUC",
        "citation_id": "H6_aG50AAAAJ:HoB7MX3m0LUC",
        "authors": "SF Atashzar, HY Huang, F Del Duca, E Burdet, D Farina",
        "publication": "IEEE robotics and automation letters 5 (4), 5953-5960, 2020",
        "year": "2020"
    },
    {
        "title": "Parallel haptic rendering for orthopedic surgery simulators",
        "link": "https://scholar.google.com/citations?view_op=view_citation&hl=en&user=H6_aG50AAAAJ&cstart=60&citation_for_view=H6_aG50AAAAJ:3s1wT3WcHBgC",
        "citation_id": "H6_aG50AAAAJ:3s1wT3WcHBgC",
        "authors": "M Faieghi, SF Atashzar, OR Tutunea-Fatan, R Eagleson",
        "publication": "IEEE Robotics and Automation Letters 5 (4), 6388-6395, 2020",
        "year": "2020"
    },
    {
        "title": "Vibration analysis in robot-driven glenoid reaming procedure",
        "link": "https://scholar.google.com/citations?view_op=view_citation&hl=en&user=H6_aG50AAAAJ&cstart=100&citation_for_view=H6_aG50AAAAJ:ZHo1McVdvXMC",
        "citation_id": "H6_aG50AAAAJ:ZHo1McVdvXMC",
        "authors": "M Faieghi, SF Atashzar, M Sharma, OR Tutunea-Fatan, R Eagleson, ...",
        "publication": "2020 IEEE/ASME International Conference on Advanced Intelligent Mechatronics \u2026, 2020",
        "year": "2020"
    },
    {
        "title": "3D-mechanomyography: accessing deeper muscle information non-invasively for human-machine interfacing",
        "link": "https://scholar.google.com/citations?view_op=view_citation&hl=en&user=H6_aG50AAAAJ&cstart=100&citation_for_view=H6_aG50AAAAJ:SeFeTyx0c_EC",
        "citation_id": "H6_aG50AAAAJ:SeFeTyx0c_EC",
        "authors": "CSM Castillo, SF Atashzar, R Vaidyanathan",
        "publication": "2020 IEEE/ASME International Conference on Advanced Intelligent Mechatronics \u2026, 2020",
        "year": "2020"
    },
    {
        "title": "Nerve injury decreases hyperacute resting-state connectivity between the anterior cingulate and primary somatosensory cortex in anesthetized rats",
        "link": "https://scholar.google.com/citations?view_op=view_citation&hl=en&user=H6_aG50AAAAJ&cstart=100&citation_for_view=H6_aG50AAAAJ:D03iK_w7-QYC",
        "citation_id": "H6_aG50AAAAJ:D03iK_w7-QYC",
        "authors": "L T\u00f8ttrup, SF Atashzar, D Farina, EN Kamavuako, W Jensen",
        "publication": "IEEE Transactions on Neural Systems and Rehabilitation Engineering 28 (12 \u2026, 2020",
        "year": "2020"
    },
    {
        "title": "Kinematic Biomarkers of Chronic Neck Pain During Curvilinear Walking: A Data-driven Differential Diagnosis Approach*",
        "link": "https://scholar.google.com/citations?view_op=view_citation&hl=en&user=H6_aG50AAAAJ&cstart=120&citation_for_view=H6_aG50AAAAJ:zA6iFVUQeVQC",
        "citation_id": "H6_aG50AAAAJ:zA6iFVUQeVQC",
        "authors": "D Jim\u00e9nez-Grande, SF Atashzar, E Martinez-Valdes, AM De Nunzio, ...",
        "publication": "2020 42nd Annual International Conference of the IEEE Engineering in \u2026, 2020",
        "year": "2020"
    },
    {
        "title": "Toward Universal Neural Interfaces for Daily Use",
        "link": "https://scholar.google.com/citations?view_op=view_citation&hl=en&user=H6_aG50AAAAJ&cstart=160&citation_for_view=H6_aG50AAAAJ:u_35RYKgDlwC",
        "citation_id": "H6_aG50AAAAJ:u_35RYKgDlwC",
        "authors": "M Stachaczyk, SF Atashzar, S Dupan, I Vujaklija, D Farina",
        "publication": "IEEE-INST ELECTRICAL ELECTRONICS ENGINEERS INC, 2020",
        "year": "2020"
    },
    {
        "title": "Autonomy and Intelligence in Neurorehabilitation Robotic and Prosthetic Technologies",
        "link": "https://scholar.google.com/citations?view_op=view_citation&hl=en&user=H6_aG50AAAAJ&cstart=160&citation_for_view=H6_aG50AAAAJ:dfsIfKJdRG4C",
        "citation_id": "H6_aG50AAAAJ:dfsIfKJdRG4C",
        "authors": "S Farokh Atashzar, M Tavakoli, D Farina, RV Patel",
        "publication": "Journal of Medical Robotics Research 5 (01n02), 2002001, 2020",
        "year": "2020"
    },
    {
        "title": "Xceptiontime: A novel deep architecture based on depthwise separable convolutions for hand gesture classification",
        "link": "https://scholar.google.com/citations?view_op=view_citation&hl=en&user=H6_aG50AAAAJ&citation_for_view=H6_aG50AAAAJ:ns9cj8rnVeAC",
        "citation_id": "H6_aG50AAAAJ:ns9cj8rnVeAC",
        "authors": "E Rahimian, S Zabihi, SF Atashzar, A Asif, A Mohammadi",
        "publication": "arXiv preprint arXiv:1911.03803, 2019",
        "year": "2019"
    },
    {
        "title": "Semg-based hand gesture recognition via dilated convolutional neural networks",
        "link": "https://scholar.google.com/citations?view_op=view_citation&hl=en&user=H6_aG50AAAAJ&cstart=20&citation_for_view=H6_aG50AAAAJ:RYcK_YlVTxYC",
        "citation_id": "H6_aG50AAAAJ:RYcK_YlVTxYC",
        "authors": "E Rahimian, S Zabihi, SF Atashzar, A Asif, A Mohammadi",
        "publication": "2019 IEEE Global Conference on Signal and Information Processing (GlobalSIP \u2026, 2019",
        "year": "2019"
    },
    {
        "title": "Haptics-enabled interactive neurorehabilitation mechatronics: classification, functionality, challenges and ongoing research",
        "link": "https://scholar.google.com/citations?view_op=view_citation&hl=en&user=H6_aG50AAAAJ&cstart=20&citation_for_view=H6_aG50AAAAJ:k_IJM867U9cC",
        "citation_id": "H6_aG50AAAAJ:k_IJM867U9cC",
        "authors": "SF Atashzar, M Shahbazi, RV Patel",
        "publication": "Mechatronics 57, 1-19, 2019",
        "year": "2019"
    },
    {
        "title": "WAKE: Wavelet decomposition coupled with adaptive Kalman filtering for pathological tremor extraction",
        "link": "https://scholar.google.com/citations?view_op=view_citation&hl=en&user=H6_aG50AAAAJ&cstart=20&citation_for_view=H6_aG50AAAAJ:-f6ydRqryjwC",
        "citation_id": "H6_aG50AAAAJ:-f6ydRqryjwC",
        "authors": "S Shahtalebi, SF Atashzar, RV Patel, A Mohammadi",
        "publication": "Biomedical Signal Processing and Control 48, 179-188, 2019",
        "year": "2019"
    },
    {
        "title": "Differential temporal perception abilities in Parkinson\u2019s disease patients based on timing magnitude",
        "link": "https://scholar.google.com/citations?view_op=view_citation&hl=en&user=H6_aG50AAAAJ&cstart=40&citation_for_view=H6_aG50AAAAJ:J_g5lzvAfSwC",
        "citation_id": "H6_aG50AAAAJ:J_g5lzvAfSwC",
        "authors": "M Bernardinis, SF Atashzar, MS Jog, RV Patel",
        "publication": "Scientific reports 9 (1), 19638, 2019",
        "year": "2019"
    },
    {
        "title": "HMFP-DBRNN: Real-time hand motion filtering and prediction via deep bidirectional RNN",
        "link": "https://scholar.google.com/citations?view_op=view_citation&hl=en&user=H6_aG50AAAAJ&cstart=60&citation_for_view=H6_aG50AAAAJ:M3NEmzRMIkIC",
        "citation_id": "H6_aG50AAAAJ:M3NEmzRMIkIC",
        "authors": "S Shahtalebi, SF Atashzar, RV Patel, A Mohammadi",
        "publication": "IEEE Robotics and Automation Letters 4 (2), 1061-1068, 2019",
        "year": "2019"
    },
    {
        "title": "Unsupervised clustering of micro-electrophysiological signals for localization of subthalamic nucleus during DBS surgery",
        "link": "https://scholar.google.com/citations?view_op=view_citation&hl=en&user=H6_aG50AAAAJ&cstart=60&citation_for_view=H6_aG50AAAAJ:NMxIlDl6LWMC",
        "citation_id": "H6_aG50AAAAJ:NMxIlDl6LWMC",
        "authors": "M Khosravi, SF Atashzar, G Gilmore, MS Jog, RV Patel",
        "publication": "2019 9th International IEEE/EMBS Conference on Neural Engineering (NER), 17-20, 2019",
        "year": "2019"
    },
    {
        "title": "Multiclass detection and tracking of transient motor activation based on decomposed myoelectric signals",
        "link": "https://scholar.google.com/citations?view_op=view_citation&hl=en&user=H6_aG50AAAAJ&cstart=60&citation_for_view=H6_aG50AAAAJ:BqipwSGYUEgC",
        "citation_id": "H6_aG50AAAAJ:BqipwSGYUEgC",
        "authors": "M Stachaczyk, SF Atashzar, S Dupan, I Vujaklija, D Farina",
        "publication": "2019 9th International IEEE/EMBS Conference on Neural Engineering (NER \u2026, 2019",
        "year": "2019"
    },
    {
        "title": "Design and implementation of a two-DoF robotic system with an adjustable force limiting mechanism for ankle rehabilitation",
        "link": "https://scholar.google.com/citations?view_op=view_citation&hl=en&user=H6_aG50AAAAJ&cstart=100&citation_for_view=H6_aG50AAAAJ:O3NaXMp0MMsC",
        "citation_id": "H6_aG50AAAAJ:O3NaXMp0MMsC",
        "authors": "V Mehrabi, SF Atashzar, HA Talebi, RV Patel",
        "publication": "2019 International Conference on Robotics and Automation (ICRA), 577-583, 2019",
        "year": "2019"
    },
    {
        "title": "Visual Temporal Perception in Parkinson\u2019s Disease Analyzed Using a Computer-Generated Graphical Tool",
        "link": "https://scholar.google.com/citations?view_op=view_citation&hl=en&user=H6_aG50AAAAJ&cstart=100&citation_for_view=H6_aG50AAAAJ:YFjsv_pBGBYC",
        "citation_id": "H6_aG50AAAAJ:YFjsv_pBGBYC",
        "authors": "M Bernardinis, SF Atashzar, M Jog, RV Patel",
        "publication": "2019 9th International IEEE/EMBS Conference on Neural Engineering (NER), 65-68, 2019",
        "year": "2019"
    },
    {
        "title": "Semi-autonomous robot-assisted cooperative therapy exercises for a therapist\u2019s interaction with a patient",
        "link": "https://scholar.google.com/citations?view_op=view_citation&hl=en&user=H6_aG50AAAAJ&cstart=120&citation_for_view=H6_aG50AAAAJ:lSLTfruPkqcC",
        "citation_id": "H6_aG50AAAAJ:lSLTfruPkqcC",
        "authors": "CM Martinez, J Fong, SF Atashzar, M Tavakoli",
        "publication": "2019 IEEE Global Conference on Signal and Information Processing (GlobalSIP \u2026, 2019",
        "year": "2019"
    },
    {
        "title": "Training of deep bidirectional RNNs for hand motion filtering via multimodal data fusion",
        "link": "https://scholar.google.com/citations?view_op=view_citation&hl=en&user=H6_aG50AAAAJ&cstart=140&citation_for_view=H6_aG50AAAAJ:NaGl4SEjCO4C",
        "citation_id": "H6_aG50AAAAJ:NaGl4SEjCO4C",
        "authors": "S Shahtalebi, SF Atashzar, RV Patel, A Mohammadi",
        "publication": "2019 IEEE Global Conference on Signal and Information Processing (GlobalSIP \u2026, 2019",
        "year": "2019"
    },
    {
        "title": "An Online Spectral Information-Enhanced Approach for Artifact Detection and Fault Attentuation in Myoelectric Control",
        "link": "https://scholar.google.com/citations?view_op=view_citation&hl=en&user=H6_aG50AAAAJ&cstart=160&citation_for_view=H6_aG50AAAAJ:GnPB-g6toBAC",
        "citation_id": "H6_aG50AAAAJ:GnPB-g6toBAC",
        "authors": "M Stachaczyk, SF Atashzar, D Farina",
        "publication": "2019 IEEE 16th International Conference on Rehabilitation Robotics (ICORR \u2026, 2019",
        "year": "2019"
    },
    {
        "title": "2018 Index IEEE Transactions on Haptics Vol. 11",
        "link": "https://scholar.google.com/citations?view_op=view_citation&hl=en&user=H6_aG50AAAAJ&cstart=160&citation_for_view=H6_aG50AAAAJ:hMod-77fHWUC",
        "citation_id": "H6_aG50AAAAJ:hMod-77fHWUC",
        "authors": "DA Abbink, A Abdulali, M Abdullah, N Afzal, SC Ahn, F Argelaguet, ...",
        "publication": "IEEE Transactions on Haptics 12 (1), 1, 2019",
        "year": "2019"
    },
    {
        "title": "A systematic review of multilateral teleoperation systems",
        "link": "https://scholar.google.com/citations?view_op=view_citation&hl=en&user=H6_aG50AAAAJ&citation_for_view=H6_aG50AAAAJ:_Qo2XoVZTnwC",
        "citation_id": "H6_aG50AAAAJ:_Qo2XoVZTnwC",
        "authors": "M Shahbazi, SF Atashzar, RV Patel",
        "publication": "IEEE transactions on haptics 11 (3), 338-356, 2018",
        "year": "2018"
    },
    {
        "title": "Position-force domain passivity of the human arm in telerobotic systems",
        "link": "https://scholar.google.com/citations?view_op=view_citation&hl=en&user=H6_aG50AAAAJ&cstart=20&citation_for_view=H6_aG50AAAAJ:mB3voiENLucC",
        "citation_id": "H6_aG50AAAAJ:mB3voiENLucC",
        "authors": "M Shahbazi, SF Atashzar, M Tavakoli, RV Patel",
        "publication": "IEEE/ASME Transactions on Mechatronics 23 (2), 552-562, 2018",
        "year": "2018"
    },
    {
        "title": "Multimodal sensorimotor integration for expert-in-the-loop telerobotic surgical training",
        "link": "https://scholar.google.com/citations?view_op=view_citation&hl=en&user=H6_aG50AAAAJ&cstart=20&citation_for_view=H6_aG50AAAAJ:4JMBOYKVnBMC",
        "citation_id": "H6_aG50AAAAJ:4JMBOYKVnBMC",
        "authors": "M Shahbazi, SF Atashzar, C Ward, HA Talebi, RV Patel",
        "publication": "IEEE Transactions on Robotics 34 (6), 1549-1564, 2018",
        "year": "2018"
    },
    {
        "title": "A Computational Model based Study of Supervised Haptics-enabled Therapist-in-the-Loop Training for Upper-Limb Post-Stroke Robotic Rehabilitation",
        "link": "https://scholar.google.com/citations?view_op=view_citation&hl=en&user=H6_aG50AAAAJ&cstart=20&citation_for_view=H6_aG50AAAAJ:R3hNpaxXUhUC",
        "citation_id": "H6_aG50AAAAJ:R3hNpaxXUhUC",
        "authors": "SF Atashzar, M Shahbazi, M Tavakoli, R Patel",
        "publication": "IEEE/ASME Transactions on Mechatronics, 2018",
        "year": "2018"
    },
    {
        "title": "Active sensorimotor augmentation in robotics-assisted surgical systems",
        "link": "https://scholar.google.com/citations?view_op=view_citation&hl=en&user=H6_aG50AAAAJ&cstart=60&citation_for_view=H6_aG50AAAAJ:TFP_iSt0sucC",
        "citation_id": "H6_aG50AAAAJ:TFP_iSt0sucC",
        "authors": "SF Atashzar, M Naish, RV Patel",
        "publication": "Mixed and Augmented Reality in Medicine, 61-81, 2018",
        "year": "2018"
    },
    {
        "title": "Electrophysiological signal processing for intraoperative localization of subthalamic nucleus during deep brain stimulation surgery",
        "link": "https://scholar.google.com/citations?view_op=view_citation&hl=en&user=H6_aG50AAAAJ&cstart=60&citation_for_view=H6_aG50AAAAJ:JV2RwH3_ST0C",
        "citation_id": "H6_aG50AAAAJ:JV2RwH3_ST0C",
        "authors": "M Khosravi, SF Atashzar, G Gilmore, MS Jog, RV Patel",
        "publication": "2018 IEEE Global Conference on Signal and Information Processing (GlobalSIP \u2026, 2018",
        "year": "2018"
    },
    {
        "title": "Teleoperation for Minimally Invasive Robotics-assisted Surgery",
        "link": "https://scholar.google.com/citations?view_op=view_citation&hl=en&user=H6_aG50AAAAJ&cstart=80&citation_for_view=H6_aG50AAAAJ:j3f4tGmQtD8C",
        "citation_id": "H6_aG50AAAAJ:j3f4tGmQtD8C",
        "authors": "SF Atashzar, RV Patel",
        "publication": "The Encyclopedia of Medical Robotics 1, 341-372, 2018",
        "year": "2018"
    },
    {
        "title": "Visual displacement perception in Parkinson's disease analyzed using a computer-generated graphical tool",
        "link": "https://scholar.google.com/citations?view_op=view_citation&hl=en&user=H6_aG50AAAAJ&cstart=100&citation_for_view=H6_aG50AAAAJ:isC4tDSrTZIC",
        "citation_id": "H6_aG50AAAAJ:isC4tDSrTZIC",
        "authors": "M Bernardinis, SF Atashzar, M Jog, RV Patel",
        "publication": "2018 40th Annual International Conference of the IEEE Engineering in \u2026, 2018",
        "year": "2018"
    },
    {
        "title": "2018 Index IEEE/ASME Transactions on Mechatronics Vol. 23",
        "link": "https://scholar.google.com/citations?view_op=view_citation&hl=en&user=H6_aG50AAAAJ&cstart=160&citation_for_view=H6_aG50AAAAJ:blknAaTinKkC",
        "citation_id": "H6_aG50AAAAJ:blknAaTinKkC",
        "authors": "M Abdeetedal, RY Abdolmalaki, MP Aghababa, A Aghaeifar, B Ahi, ...",
        "publication": "IEEE/ASME TRANSACTIONS ON MECHATRONICS 23 (6), 2981, 2018",
        "year": "2018"
    },
    {
        "title": "2018 Index IEEE Transactions on Robotics Vol. 34",
        "link": "https://scholar.google.com/citations?view_op=view_citation&hl=en&user=H6_aG50AAAAJ&cstart=160&citation_for_view=H6_aG50AAAAJ:maZDTaKrznsC",
        "citation_id": "H6_aG50AAAAJ:maZDTaKrznsC",
        "authors": "B Abbasi, I Abraham, S Agarwal, A Agha-mohammadi, A Ajoudani, ...",
        "publication": "IEEE Transactions on Robotics 34 (6), 1669, 2018",
        "year": "2018"
    },
    {
        "title": "Video Context Improves Performance in Identifying Operative Planes on Static Surgical Images",
        "link": "https://scholar.google.com/citations?view_op=view_citation&hl=en&user=H6_aG50AAAAJ&cstart=180&citation_for_view=H6_aG50AAAAJ:V3AGJWp-ZtQC",
        "citation_id": "H6_aG50AAAAJ:V3AGJWp-ZtQC",
        "authors": "KN Alsowaina, SF Atashzar, R Eagleson, RV Patel, JD Hawel, ...",
        "publication": "Journal of the American College of Surgeons 227 (4), e212, 2018",
        "year": "2018"
    },
    {
        "title": "Multiple-Model and Reduced-Order Kalman Filtering for Pathological Hand Tremor Extraction",
        "link": "https://scholar.google.com/citations?view_op=view_citation&hl=en&user=H6_aG50AAAAJ&cstart=180&citation_for_view=H6_aG50AAAAJ:r0BpntZqJG4C",
        "citation_id": "H6_aG50AAAAJ:r0BpntZqJG4C",
        "authors": "VK Ghassab, A Mohammadi, SF Atashzar, RV Patel",
        "publication": "2018 IEEE International Conference on Acoustics, Speech and Signal \u2026, 2018",
        "year": "2018"
    },
    {
        "title": "A grasp-based passivity signature for haptics-enabled human-robot interaction: Application to design of a new safety mechanism for robotic rehabilitation",
        "link": "https://scholar.google.com/citations?view_op=view_citation&hl=en&user=H6_aG50AAAAJ&citation_for_view=H6_aG50AAAAJ:qUcmZB5y_30C",
        "citation_id": "H6_aG50AAAAJ:qUcmZB5y_30C",
        "authors": "SF Atashzar, M Shahbazi, M Tavakoli, RV Patel",
        "publication": "The International Journal of Robotics Research 36 (5-7), 778-799, 2017",
        "year": "2017"
    },
    {
        "title": "Telerobotics-assisted platform for enhancing interaction with physical environments for people living with cerebral palsy",
        "link": "https://scholar.google.com/citations?view_op=view_citation&hl=en&user=H6_aG50AAAAJ&cstart=40&citation_for_view=H6_aG50AAAAJ:hC7cP41nSMkC",
        "citation_id": "H6_aG50AAAAJ:hC7cP41nSMkC",
        "authors": "SF Atashzar, N Jafari, M Shahbazi, H Janz, M Tavakoli, RV Patel, ...",
        "publication": "Journal of Medical Robotics Research 2 (02), 1740001, 2017",
        "year": "2017"
    },
    {
        "title": "Dynamic estimation strategy for E-BMFLC filters in analyzing pathological hand tremors",
        "link": "https://scholar.google.com/citations?view_op=view_citation&hl=en&user=H6_aG50AAAAJ&cstart=80&citation_for_view=H6_aG50AAAAJ:hFOr9nPyWt4C",
        "citation_id": "H6_aG50AAAAJ:hFOr9nPyWt4C",
        "authors": "VK Ghassab, A Mohammadi, SF Atashzar, RV Patel",
        "publication": "2017 IEEE Global Conference on Signal and Information Processing (GlobalSIP \u2026, 2017",
        "year": "2017"
    },
    {
        "title": "A multi-rate and auto-adjustable wavelet decomposition framework for pathological hand tremor extraction",
        "link": "https://scholar.google.com/citations?view_op=view_citation&hl=en&user=H6_aG50AAAAJ&cstart=100&citation_for_view=H6_aG50AAAAJ:HDshCWvjkbEC",
        "citation_id": "H6_aG50AAAAJ:HDshCWvjkbEC",
        "authors": "S Shahtalebi, A Mohammadi, SF Atashzar, RV Patel",
        "publication": "2017 IEEE Global Conference on Signal and Information Processing (GlobalSIP \u2026, 2017",
        "year": "2017"
    },
    {
        "title": "2017 Index IEEE Transactions on Robotics Vol. 33",
        "link": "https://scholar.google.com/citations?view_op=view_citation&hl=en&user=H6_aG50AAAAJ&cstart=180&citation_for_view=H6_aG50AAAAJ:TQgYirikUcIC",
        "citation_id": "H6_aG50AAAAJ:TQgYirikUcIC",
        "authors": "JJ Abbott, M Adams, A Agha-Mohammadi, A Ahmad, MN Ahmadabadi, ...",
        "publication": "IEEE Transactions on Robotics 33 (6), 1525, 2017",
        "year": "2017"
    },
    {
        "title": "Telerobotics-Assisted Platform for Enhancing Interaction with Physical Environments for People Living with Cerebral Palsy",
        "link": "https://scholar.google.com/citations?view_op=view_citation&hl=en&user=H6_aG50AAAAJ&cstart=180&citation_for_view=H6_aG50AAAAJ:RHpTSmoSYBkC",
        "citation_id": "H6_aG50AAAAJ:RHpTSmoSYBkC",
        "authors": "K Adams, N Jafari, M Shahbazi, H Janz, SF Atashzar, RV Patel, ...",
        "publication": null,
        "year": "2017"
    },
    {
        "title": "A passivity-based approach for stable patient\u2013robot interaction in haptics-enabled rehabilitation systems: Modulated time-domain passivity control",
        "link": "https://scholar.google.com/citations?view_op=view_citation&hl=en&user=H6_aG50AAAAJ&citation_for_view=H6_aG50AAAAJ:9ZlFYXVOiuMC",
        "citation_id": "H6_aG50AAAAJ:9ZlFYXVOiuMC",
        "authors": "SF Atashzar, M Shahbazi, M Tavakoli, RV Patel",
        "publication": "IEEE Transactions on Control Systems Technology 25 (3), 991-1006, 2016",
        "year": "2016"
    },
    {
        "title": "Robotics-assisted mirror rehabilitation therapy: A therapist-in-the-loop assist-as-needed architecture",
        "link": "https://scholar.google.com/citations?view_op=view_citation&hl=en&user=H6_aG50AAAAJ&citation_for_view=H6_aG50AAAAJ:Wp0gIr-vW9MC",
        "citation_id": "H6_aG50AAAAJ:Wp0gIr-vW9MC",
        "authors": "M Shahbazi, SF Atashzar, M Tavakoli, RV Patel",
        "publication": "IEEE/ASME Transactions on Mechatronics 21 (4), 1954-1965, 2016",
        "year": "2016"
    },
    {
        "title": "A small-gain approach for nonpassive bilateral telerobotic rehabilitation: Stability analysis and controller synthesis",
        "link": "https://scholar.google.com/citations?view_op=view_citation&hl=en&user=H6_aG50AAAAJ&citation_for_view=H6_aG50AAAAJ:7PzlFSSx8tAC",
        "citation_id": "H6_aG50AAAAJ:7PzlFSSx8tAC",
        "authors": "SF Atashzar, IG Polushin, RV Patel",
        "publication": "IEEE Transactions on Robotics 33 (1), 49-66, 2016",
        "year": "2016"
    },
    {
        "title": "Characterization of upper-limb pathological tremors: Application to design of an augmented haptic rehabilitation system",
        "link": "https://scholar.google.com/citations?view_op=view_citation&hl=en&user=H6_aG50AAAAJ&citation_for_view=H6_aG50AAAAJ:4DMP91E08xMC",
        "citation_id": "H6_aG50AAAAJ:4DMP91E08xMC",
        "authors": "SF Atashzar, M Shahbazi, O Samotus, M Tavakoli, MS Jog, RV Patel",
        "publication": "IEEE Journal of Selected Topics in Signal Processing 10 (5), 888-903, 2016",
        "year": "2016"
    },
    {
        "title": "Kinematic and kinetic assessment of upper limb movements in patients with writer's cramp",
        "link": "https://scholar.google.com/citations?view_op=view_citation&hl=en&user=H6_aG50AAAAJ&cstart=60&citation_for_view=H6_aG50AAAAJ:aqlVkmm33-oC",
        "citation_id": "H6_aG50AAAAJ:aqlVkmm33-oC",
        "authors": "M Delrobaei, F Rahimi, ME Jackman, SF Atashzar, M Shahbazi, R Patel, ...",
        "publication": "Journal of NeuroEngineering and Rehabilitation 13, 1-10, 2016",
        "year": "2016"
    },
    {
        "title": "Haptic feedback manipulation during botulinum toxin injection therapy for focal hand dystonia patients: a possible new assistive strategy",
        "link": "https://scholar.google.com/citations?view_op=view_citation&hl=en&user=H6_aG50AAAAJ&cstart=80&citation_for_view=H6_aG50AAAAJ:mVmsd5A6BfQC",
        "citation_id": "H6_aG50AAAAJ:mVmsd5A6BfQC",
        "authors": "SF Atashzar, M Shahbazi, C Ward, O Samotus, M Delrobaei, F Rahimi, ...",
        "publication": "IEEE transactions on haptics 9 (4), 523-535, 2016",
        "year": "2016"
    },
    {
        "title": "Predicting improvement in writer\u2019s cramp symptoms following botulinum neurotoxin injection therapy",
        "link": "https://scholar.google.com/citations?view_op=view_citation&hl=en&user=H6_aG50AAAAJ&cstart=80&citation_for_view=H6_aG50AAAAJ:QIV2ME_5wuYC",
        "citation_id": "H6_aG50AAAAJ:QIV2ME_5wuYC",
        "authors": "M Jackman, M Delrobaei, F Rahimi, SF Atashzar, M Shahbazi, R Patel, ...",
        "publication": "Tremor and Other Hyperkinetic Movements 6, 2016",
        "year": "2016"
    },
    {
        "title": "2016 Index IEEE/ASME Transactions on Mechatronics Vol. 21",
        "link": "https://scholar.google.com/citations?view_op=view_citation&hl=en&user=H6_aG50AAAAJ&cstart=180&citation_for_view=H6_aG50AAAAJ:ZeXyd9-uunAC",
        "citation_id": "H6_aG50AAAAJ:ZeXyd9-uunAC",
        "authors": "A Abadi, HA Abdullah, AI Adiba, F Aghili, C Aguilar-Avelar, M Ahmadi, ...",
        "publication": "IEEE/ASME TRANSACTIONS ON MECHATRONICS 21 (6), 3001, 2016",
        "year": "2016"
    },
    {
        "title": "2016 Index IEEE Journal of Selected Topics in Signal Processing Vol. 10",
        "link": "https://scholar.google.com/citations?view_op=view_citation&hl=en&user=H6_aG50AAAAJ&cstart=180&citation_for_view=H6_aG50AAAAJ:dhFuZR0502QC",
        "citation_id": "H6_aG50AAAAJ:dhFuZR0502QC",
        "authors": "B Aazhang, P Abry, ST Acton, T Adali, MF Ahmad, AN Akansu, P Alinia, ...",
        "publication": "IEEE Journal of Selected Topics in Signal Processing 10 (8), 1577, 2016",
        "year": "2016"
    },
    {
        "title": "Safe Haptics-Enabled Patient-Robot Interaction for Robotic and Telerobotic Rehabilitation of Neuromuscular Disorders: Control Design and Analysis",
        "link": "https://scholar.google.com/citations?view_op=view_citation&hl=en&user=H6_aG50AAAAJ&cstart=180&citation_for_view=H6_aG50AAAAJ:L8Ckcad2t8MC",
        "citation_id": "H6_aG50AAAAJ:L8Ckcad2t8MC",
        "authors": "SF Atashzar",
        "publication": "The University of Western Ontario (Canada), 2016",
        "year": "2016"
    },
    {
        "title": "Robust motion control of ultrasonic motors under temperature disturbance",
        "link": "https://scholar.google.com/citations?view_op=view_citation&hl=en&user=H6_aG50AAAAJ&citation_for_view=H6_aG50AAAAJ:M3ejUd6NZC8C",
        "citation_id": "H6_aG50AAAAJ:M3ejUd6NZC8C",
        "authors": "MA Tavallaei, SF Atashzar, M Drangova",
        "publication": "IEEE Transactions on Industrial Electronics 63 (4), 2360-2368, 2015",
        "year": "2015"
    },
    {
        "title": "A new passivity-based control technique for safe patient-robot interaction in haptics-enabled rehabilitation systems",
        "link": "https://scholar.google.com/citations?view_op=view_citation&hl=en&user=H6_aG50AAAAJ&cstart=40&citation_for_view=H6_aG50AAAAJ:qxL8FJ1GzNcC",
        "citation_id": "H6_aG50AAAAJ:qxL8FJ1GzNcC",
        "authors": "SF Atashzar, M Shahbazi, M Tavakoli, RV Patel",
        "publication": "2015 IEEE/RSJ International Conference on Intelligent Robots and Systems \u2026, 2015",
        "year": "2015"
    },
    {
        "title": "A six-degree-of-freedom robotic system for lower extremity rehabilitation",
        "link": "https://scholar.google.com/citations?view_op=view_citation&hl=en&user=H6_aG50AAAAJ&cstart=60&citation_for_view=H6_aG50AAAAJ:4TOpqqG69KYC",
        "citation_id": "H6_aG50AAAAJ:4TOpqqG69KYC",
        "authors": "A Yurkewich, SF Atashzar, A Ayad, RV Patel",
        "publication": "2015 IEEE International Conference on Rehabilitation Robotics (ICORR), 810-815, 2015",
        "year": "2015"
    },
    {
        "title": "Therapist-in-the-loop robotics-assisted mirror rehabilitation therapy: An assist-as-needed framework",
        "link": "https://scholar.google.com/citations?view_op=view_citation&hl=en&user=H6_aG50AAAAJ&cstart=60&citation_for_view=H6_aG50AAAAJ:_kc_bZDykSQC",
        "citation_id": "H6_aG50AAAAJ:_kc_bZDykSQC",
        "authors": "M Shahbazi, SF Atashzar, M Tavakoli, RV Patel",
        "publication": "2015 IEEE International Conference on Robotics and Automation (ICRA), 5910-5915, 2015",
        "year": "2015"
    },
    {
        "title": "Telerobotics-assisted platform for enhancing interaction with physical environments designed for people living with cerebral palsy",
        "link": "https://scholar.google.com/citations?view_op=view_citation&hl=en&user=H6_aG50AAAAJ&cstart=80&citation_for_view=H6_aG50AAAAJ:KxtntwgDAa4C",
        "citation_id": "H6_aG50AAAAJ:KxtntwgDAa4C",
        "authors": "F Atashzar, N Jafari, M Shahbazi, H Janz, M Tavakoli, R Patel, K Adams",
        "publication": "Journal of Medical Robotics Research 2 (2), 740001, 2015",
        "year": "2015"
    },
    {
        "title": "Novel cooperative teleoperation framework: Multi-master/single-slave system",
        "link": "https://scholar.google.com/citations?view_op=view_citation&hl=en&user=H6_aG50AAAAJ&citation_for_view=H6_aG50AAAAJ:kNdYIx-mwKoC",
        "citation_id": "H6_aG50AAAAJ:kNdYIx-mwKoC",
        "authors": "M Shahbazi, SF Atashzar, HA Talebi, RV Patel",
        "publication": "IEEE/ASME Transactions on Mechatronics 20 (4), 1668-1679, 2014",
        "year": "2014"
    },
    {
        "title": "Kinematic instability in concentric-tube robots: Modeling and analysis",
        "link": "https://scholar.google.com/citations?view_op=view_citation&hl=en&user=H6_aG50AAAAJ&cstart=20&citation_for_view=H6_aG50AAAAJ:KlAtU1dfN6UC",
        "citation_id": "H6_aG50AAAAJ:KlAtU1dfN6UC",
        "authors": "R Xu, SF Atashzar, RV Patel",
        "publication": "5th IEEE RAS/EMBS International Conference on Biomedical Robotics and \u2026, 2014",
        "year": "2014"
    },
    {
        "title": "An expertise-oriented training framework for robotics-assisted surgery",
        "link": "https://scholar.google.com/citations?view_op=view_citation&hl=en&user=H6_aG50AAAAJ&cstart=20&citation_for_view=H6_aG50AAAAJ:3fE2CSJIrl8C",
        "citation_id": "H6_aG50AAAAJ:3fE2CSJIrl8C",
        "authors": "M Shahbazi, SF Atashzar, HA Talebi, RV Patel",
        "publication": "2014 IEEE international conference on robotics and automation (ICRA), 5902-5907, 2014",
        "year": "2014"
    },
    {
        "title": "Real-time trajectory tracking for externally loaded concentric-tube robots",
        "link": "https://scholar.google.com/citations?view_op=view_citation&hl=en&user=H6_aG50AAAAJ&cstart=40&citation_for_view=H6_aG50AAAAJ:MXK_kJrjxJIC",
        "citation_id": "H6_aG50AAAAJ:MXK_kJrjxJIC",
        "authors": "R Xu, A Asadian, SF Atashzar, RV Patel",
        "publication": "2014 IEEE International Conference on Robotics and Automation (ICRA), 4374-4379, 2014",
        "year": "2014"
    },
    {
        "title": "A framework for supervised robotics-assisted mirror rehabilitation therapy",
        "link": "https://scholar.google.com/citations?view_op=view_citation&hl=en&user=H6_aG50AAAAJ&cstart=40&citation_for_view=H6_aG50AAAAJ:ULOm3_A8WrAC",
        "citation_id": "H6_aG50AAAAJ:ULOm3_A8WrAC",
        "authors": "M Shahbazi, SF Atashzar, RV Patel",
        "publication": "2014 IEEE/RSJ International Conference on Intelligent Robots and Systems \u2026, 2014",
        "year": "2014"
    },
    {
        "title": "Involuntary movement during haptics-enabled robotic rehabilitation: Analysis and control design",
        "link": "https://scholar.google.com/citations?view_op=view_citation&hl=en&user=H6_aG50AAAAJ&cstart=80&citation_for_view=H6_aG50AAAAJ:Zph67rFs4hoC",
        "citation_id": "H6_aG50AAAAJ:Zph67rFs4hoC",
        "authors": "SF Atashzar, A Saxena, M Shahbazi, RV Patel, SF Atashzar",
        "publication": "2014 IEEE/RSJ International Conference on Intelligent Robots and Systems \u2026, 2014",
        "year": "2014"
    },
    {
        "title": "Simultaneous arm joint angles and force changes in writer's cramp",
        "link": "https://scholar.google.com/citations?view_op=view_citation&hl=en&user=H6_aG50AAAAJ&cstart=180&citation_for_view=H6_aG50AAAAJ:YOwf2qJgpHMC",
        "citation_id": "H6_aG50AAAAJ:YOwf2qJgpHMC",
        "authors": "M Delrobaei, M Jog, ME Jackman, F Rahimi, SF Atashzar, M Shahbazi, ...",
        "publication": "2014 21th Iranian Conference on Biomedical Engineering (ICBME), 229-234, 2014",
        "year": "2014"
    },
    {
        "title": "A dual-user teleoperated system with virtual fixtures for robotic surgical training",
        "link": "https://scholar.google.com/citations?view_op=view_citation&hl=en&user=H6_aG50AAAAJ&citation_for_view=H6_aG50AAAAJ:Se3iqnhoufwC",
        "citation_id": "H6_aG50AAAAJ:Se3iqnhoufwC",
        "authors": "M Shahbazi, SF Atashzar, RV Patel",
        "publication": "2013 IEEE International Conference on Robotics and Automation, 3639-3644, 2013",
        "year": "2013"
    },
    {
        "title": "Projection-based force reflection algorithms for teleoperated rehabilitation therapy",
        "link": "https://scholar.google.com/citations?view_op=view_citation&hl=en&user=H6_aG50AAAAJ&cstart=40&citation_for_view=H6_aG50AAAAJ:hqOjcs7Dif8C",
        "citation_id": "H6_aG50AAAAJ:hqOjcs7Dif8C",
        "authors": "SF Atashzar, IG Polushin, RV Patel",
        "publication": "2013 IEEE/RSJ International Conference on Intelligent Robots and Systems \u2026, 2013",
        "year": "2013"
    },
    {
        "title": "A sliding-mode controller for dual-user teleoperation with unknown constant time delays",
        "link": "https://scholar.google.com/citations?view_op=view_citation&hl=en&user=H6_aG50AAAAJ&cstart=40&citation_for_view=H6_aG50AAAAJ:Y0pCki6q_DkC",
        "citation_id": "H6_aG50AAAAJ:Y0pCki6q_DkC",
        "authors": "M Shahbazi, SF Atashzar, HA Talebi, F Towhidkhah, MJ Yazdanpanah",
        "publication": "Robotica 31 (4), 589-598, 2013",
        "year": "2013"
    },
    {
        "title": "Robot-assisted lung motion compensation during needle insertion",
        "link": "https://scholar.google.com/citations?view_op=view_citation&hl=en&user=H6_aG50AAAAJ&cstart=40&citation_for_view=H6_aG50AAAAJ:roLk4NBRz8UC",
        "citation_id": "H6_aG50AAAAJ:roLk4NBRz8UC",
        "authors": "SF Atashzar, I Khalaji, M Shahbazi, A Talasaz, RV Patel, MD Naish",
        "publication": "2013 IEEE international conference on robotics and automation, 1682-1687, 2013",
        "year": "2013"
    },
    {
        "title": "A force observation method for tracking control of flexible-link manipulators",
        "link": "https://scholar.google.com/citations?view_op=view_citation&hl=en&user=H6_aG50AAAAJ&cstart=100&citation_for_view=H6_aG50AAAAJ:WF5omc3nYNoC",
        "citation_id": "H6_aG50AAAAJ:WF5omc3nYNoC",
        "authors": "SF Atashzar, M Shahbazi, HA Talebi, F Towhidkhah",
        "publication": "Robotica 31 (4), 669-677, 2013",
        "year": "2013"
    },
    {
        "title": "Effect of kinesthetic force feedback and visual sensory input on writer's cramp",
        "link": "https://scholar.google.com/citations?view_op=view_citation&hl=en&user=H6_aG50AAAAJ&cstart=120&citation_for_view=H6_aG50AAAAJ:5nxA0vEk-isC",
        "citation_id": "H6_aG50AAAAJ:5nxA0vEk-isC",
        "authors": "SF Atashzar, M Shahbazi, F Rahimi, M Delrobaei, J Lee, RV Patel, M Jog",
        "publication": "2013 6th International IEEE/EMBS Conference on Neural Engineering (NER), 883-886, 2013",
        "year": "2013"
    },
    {
        "title": "Sensory manipulation in writer's cramp: Possibilities for rehabilitation",
        "link": "https://scholar.google.com/citations?view_op=view_citation&hl=en&user=H6_aG50AAAAJ&cstart=120&citation_for_view=H6_aG50AAAAJ:0EnyYjriUFMC",
        "citation_id": "H6_aG50AAAAJ:0EnyYjriUFMC",
        "authors": "F Rahimi, M Delrobaei, SF Atashzar, M Shahbazi, J Lee, ME Jackman, ...",
        "publication": "2013 6th International IEEE/EMBS Conference on Neural Engineering (NER), 303-306, 2013",
        "year": "2013"
    },
    {
        "title": "Networked teleoperation with non-passive environment: Application to tele-rehabilitation",
        "link": "https://scholar.google.com/citations?view_op=view_citation&hl=en&user=H6_aG50AAAAJ&citation_for_view=H6_aG50AAAAJ:_FxGoFyzp5QC",
        "citation_id": "H6_aG50AAAAJ:_FxGoFyzp5QC",
        "authors": "SF Atashzar, IG Polushin, RV Patel",
        "publication": "2012 IEEE/RSJ International Conference on Intelligent Robots and Systems \u2026, 2012",
        "year": "2012"
    },
    {
        "title": "Robust solution to three-dimensional pose estimation using composite extended Kalman observer and Kalman filter",
        "link": "https://scholar.google.com/citations?view_op=view_citation&hl=en&user=H6_aG50AAAAJ&cstart=40&citation_for_view=H6_aG50AAAAJ:9yKSN-GCB0IC",
        "citation_id": "H6_aG50AAAAJ:9yKSN-GCB0IC",
        "authors": "HD Taghirad, SF Atashzar, M Shahbazi",
        "publication": "IET Computer Vision 6 (2), 140-152, 2012",
        "year": "2012"
    },
    {
        "title": "Control of time-delayed telerobotic systems with flexible-link slave manipulators",
        "link": "https://scholar.google.com/citations?view_op=view_citation&hl=en&user=H6_aG50AAAAJ&cstart=40&citation_for_view=H6_aG50AAAAJ:ufrVoPGSRksC",
        "citation_id": "H6_aG50AAAAJ:ufrVoPGSRksC",
        "authors": "SF Atashzar, M Shahbazi, HA Talebi, RV Patel",
        "publication": "2012 IEEE/RSJ International Conference on Intelligent Robots and Systems \u2026, 2012",
        "year": "2012"
    },
    {
        "title": "A multi-master/single-slave teleoperation system",
        "link": "https://scholar.google.com/citations?view_op=view_citation&hl=en&user=H6_aG50AAAAJ&cstart=80&citation_for_view=H6_aG50AAAAJ:8k81kl-MbHgC",
        "citation_id": "H6_aG50AAAAJ:8k81kl-MbHgC",
        "authors": "M Shahbazi, SF Atashzar, HA Talebi, RV Patel",
        "publication": "Dynamic Systems and Control Conference 45318, 107-112, 2012",
        "year": "2012"
    },
    {
        "title": "Robust trajectory modification for tip position tracking of flexible-link manipulators",
        "link": "https://scholar.google.com/citations?view_op=view_citation&hl=en&user=H6_aG50AAAAJ&cstart=80&citation_for_view=H6_aG50AAAAJ:zYLM7Y9cAGgC",
        "citation_id": "H6_aG50AAAAJ:zYLM7Y9cAGgC",
        "authors": "SF Atashzar, HA Talebi, M Shahbazi, F Towhidkhah, MJ Yazdanpanah",
        "publication": "Proceedings of the Institution of Mechanical Engineers, Part I: Journal of \u2026, 2012",
        "year": "2012"
    },
    {
        "title": "A robust pose-based visual servoing technique for redundant manipulators",
        "link": "https://scholar.google.com/citations?view_op=view_citation&hl=en&user=H6_aG50AAAAJ&cstart=100&citation_for_view=H6_aG50AAAAJ:iH-uZ7U-co4C",
        "citation_id": "H6_aG50AAAAJ:iH-uZ7U-co4C",
        "authors": "HD Taghirad, M Shahbazi, SF Atashzar, S RayatDoost",
        "publication": "submitted to Robotica, 2012",
        "year": "2012"
    },
    {
        "title": "Control of time-delayed telerobotic systems with flexible-link slave manipulators, in 2012 IEEE",
        "link": "https://scholar.google.com/citations?view_op=view_citation&hl=en&user=H6_aG50AAAAJ&cstart=120&citation_for_view=H6_aG50AAAAJ:nb7KW1ujOQ8C",
        "citation_id": "H6_aG50AAAAJ:nb7KW1ujOQ8C",
        "authors": "SF Atashzar, M Shahbazi, H Talebi, RV Patel",
        "publication": "RSJ International Conference on Intelligent Robots and Systems, 3035-3040, 2012",
        "year": "2012"
    }
]