[
    {
        "title": "To Switch or Not to Switch to TCP Prague? Incentives for Adoption in a Partial L4S Deployment",
        "link": "https://scholar.google.com/citations?view_op=view_citation&hl=en&user=veyAHJgAAAAJ&cstart=280&citation_for_view=veyAHJgAAAAJ:zwpXiJ37cpgC",
        "citation_id": "veyAHJgAAAAJ:zwpXiJ37cpgC",
        "authors": "FB Sarpkaya, A Srivastava, F Fund, S Panwar",
        "publication": "arXiv preprint arXiv:2407.00464, 2024",
        "year": "2024"
    },
    {
        "title": "To Switch or Not to Switch to TCP Prague? Incentives for Adoption in a Partial L4S Deployment",
        "link": "https://scholar.google.com/citations?view_op=view_citation&hl=en&user=veyAHJgAAAAJ&cstart=280&citation_for_view=veyAHJgAAAAJ:CNPyR2KL9-0C",
        "citation_id": "veyAHJgAAAAJ:CNPyR2KL9-0C",
        "authors": "F Berkay Sarpkaya, A Srivastava, F Fund, S Panwar",
        "publication": "arXiv e-prints, arXiv: 2407.00464, 2024",
        "year": "2024"
    },
    {
        "title": "Structured Reinforcement Learning for Delay-Optimal Data Transmission in Dense mmWave Networks",
        "link": "https://scholar.google.com/citations?view_op=view_citation&hl=en&user=veyAHJgAAAAJ&cstart=300&citation_for_view=veyAHJgAAAAJ:NxmKEeNBbOMC",
        "citation_id": "veyAHJgAAAAJ:NxmKEeNBbOMC",
        "authors": "S Wang, G Xiong, S Zhang, H Zeng, J Li, S Panwar",
        "publication": "arXiv preprint arXiv:2404.16920, 2024",
        "year": "2024"
    },
    {
        "title": "Enhanced distributed resource selection and power control for high frequency NR V2X sidelink",
        "link": "https://scholar.google.com/citations?view_op=view_citation&hl=en&user=veyAHJgAAAAJ&cstart=200&citation_for_view=veyAHJgAAAAJ:-6RzNnnwWf8C",
        "citation_id": "veyAHJgAAAAJ:-6RzNnnwWf8C",
        "authors": "A Srivastava, S Datta, S Goyal, U Salim, WJ Hussain, P Liu, S Panwar, ...",
        "publication": "IEEE Access, 2023",
        "year": "2023"
    },
    {
        "title": "Do Switches Still Need to Deliver Packets in Sequence?",
        "link": "https://scholar.google.com/citations?view_op=view_citation&hl=en&user=veyAHJgAAAAJ&cstart=220&citation_for_view=veyAHJgAAAAJ:qE4H1tSSYIIC",
        "citation_id": "veyAHJgAAAAJ:qE4H1tSSYIIC",
        "authors": "U Usub\u00fct\u00fcn, F Fund, S Panwar",
        "publication": "2023 IEEE 24th International Conference on High Performance Switching and \u2026, 2023",
        "year": "2023"
    },
    {
        "title": "Fast inter-base station ring (FIBR): new millimeter wave cellular network architectures and processes",
        "link": "https://scholar.google.com/citations?view_op=view_citation&hl=en&user=veyAHJgAAAAJ&cstart=240&citation_for_view=veyAHJgAAAAJ:SnGPuo6Feq8C",
        "citation_id": "veyAHJgAAAAJ:SnGPuo6Feq8C",
        "authors": "A Koutsaftis, R Kumar, P Liu, SS Panwar",
        "publication": "US Patent 11,659,470, 2023",
        "year": "2023"
    },
    {
        "title": "Enhancing XR Application Performance in Multi-Connectivity Enabled mmWave Networks",
        "link": "https://scholar.google.com/citations?view_op=view_citation&hl=en&user=veyAHJgAAAAJ&cstart=260&citation_for_view=veyAHJgAAAAJ:EsEWqaRxkBgC",
        "citation_id": "veyAHJgAAAAJ:EsEWqaRxkBgC",
        "authors": "MA Javed, P Liu, SS Panwar",
        "publication": "IEEE Open Journal of the Communications Society, 2023",
        "year": "2023"
    },
    {
        "title": "A multi-connectivity architecture with data replication for XR traffic in mmWave networks",
        "link": "https://scholar.google.com/citations?view_op=view_citation&hl=en&user=veyAHJgAAAAJ&cstart=260&citation_for_view=veyAHJgAAAAJ:MIg0yeAD4ggC",
        "citation_id": "veyAHJgAAAAJ:MIg0yeAD4ggC",
        "authors": "MA Javed, P Liu, SS Panwar",
        "publication": "2023 IFIP Networking Conference (IFIP Networking), 1-9, 2023",
        "year": "2023"
    },
    {
        "title": "Predictive data replication for XR applications in multi-connectivity enabled mmWave networks",
        "link": "https://scholar.google.com/citations?view_op=view_citation&hl=en&user=veyAHJgAAAAJ&cstart=260&citation_for_view=veyAHJgAAAAJ:T_ojBgVMvoEC",
        "citation_id": "veyAHJgAAAAJ:T_ojBgVMvoEC",
        "authors": "MA Javed, P Liu, SS Panwar",
        "publication": "2023 International Balkan Conference on Communications and Networking \u2026, 2023",
        "year": "2023"
    },
    {
        "title": "Oblivious Routing Using Learning Methods",
        "link": "https://scholar.google.com/citations?view_op=view_citation&hl=en&user=veyAHJgAAAAJ&cstart=300&citation_for_view=veyAHJgAAAAJ:-yGd096yOn8C",
        "citation_id": "veyAHJgAAAAJ:-yGd096yOn8C",
        "authors": "U Usub\u00fct\u00fcn, M Kodialam, TV Lakshman, S Panwar",
        "publication": "GLOBECOM 2023-2023 IEEE Global Communications Conference, 5226-5231, 2023",
        "year": "2023"
    },
    {
        "title": "Can 5G NR Sidelink communications support wireless augmented reality?",
        "link": "https://scholar.google.com/citations?view_op=view_citation&hl=en&user=veyAHJgAAAAJ&cstart=300&citation_for_view=veyAHJgAAAAJ:unp9ATQDT5gC",
        "citation_id": "veyAHJgAAAAJ:unp9ATQDT5gC",
        "authors": "A Srivastava, Q Zhao, Y Lu, P Wang, Q Qu, Z Ji, YS Chan, SS Panwar",
        "publication": "GLOBECOM 2023-2023 IEEE Global Communications Conference, 394-400, 2023",
        "year": "2023"
    },
    {
        "title": "Handover with low latency in response to blockages in a wireless network",
        "link": "https://scholar.google.com/citations?view_op=view_citation&hl=en&user=veyAHJgAAAAJ&cstart=300&citation_for_view=veyAHJgAAAAJ:c1e4I3QdEKYC",
        "citation_id": "veyAHJgAAAAJ:c1e4I3QdEKYC",
        "authors": "SS Panwar, A Koutsaftis",
        "publication": "US Patent App. 18/119,791, 2023",
        "year": "2023"
    },
    {
        "title": "A Data Set and Reference Experiments for Multipath Wireless Emulation on Public Testbeds",
        "link": "https://scholar.google.com/citations?view_op=view_citation&hl=en&user=veyAHJgAAAAJ&cstart=300&citation_for_view=veyAHJgAAAAJ:__bU50VfleQC",
        "citation_id": "veyAHJgAAAAJ:__bU50VfleQC",
        "authors": "I Aydin, F Fund, SS Panwar",
        "publication": "IEEE INFOCOM 2023-IEEE Conference on Computer Communications Workshops \u2026, 2023",
        "year": "2023"
    },
    {
        "title": "Evaluating a multicast backhaul protocol for reliable low latency communication over mmWave links",
        "link": "https://scholar.google.com/citations?view_op=view_citation&hl=en&user=veyAHJgAAAAJ&cstart=300&citation_for_view=veyAHJgAAAAJ:A8cqit5AE6sC",
        "citation_id": "veyAHJgAAAAJ:A8cqit5AE6sC",
        "authors": "D Mastrogiannis, F Fund, SS Panwar",
        "publication": "IEEE INFOCOM 2023-IEEE Conference on Computer Communications Workshops \u2026, 2023",
        "year": "2023"
    },
    {
        "title": "Some of the Internet may be heading towards BBR dominance: an experimental study",
        "link": "https://scholar.google.com/citations?view_op=view_citation&hl=en&user=veyAHJgAAAAJ&cstart=300&citation_for_view=veyAHJgAAAAJ:z6xuaG2dYH0C",
        "citation_id": "veyAHJgAAAAJ:z6xuaG2dYH0C",
        "authors": "A Srivastava, F Fund, SS Panwar",
        "publication": "IEEE INFOCOM 2023-IEEE Conference on Computer Communications Workshops \u2026, 2023",
        "year": "2023"
    },
    {
        "title": "Fast wireless backhaul: A multi-connectivity enabled mmwave cellular system",
        "link": "https://scholar.google.com/citations?view_op=view_citation&hl=en&user=veyAHJgAAAAJ&cstart=200&citation_for_view=veyAHJgAAAAJ:eAlLMO4JVmQC",
        "citation_id": "veyAHJgAAAAJ:eAlLMO4JVmQC",
        "authors": "A Koutsaftis, MF \u00d6zko\u00e7, F Fund, P Liu, SS Panwar",
        "publication": "GLOBECOM 2022-2022 IEEE Global Communications Conference, 1813-1818, 2022",
        "year": "2022"
    },
    {
        "title": "Coexistence of delay-based TCP congestion control: Challenges and opportunities",
        "link": "https://scholar.google.com/citations?view_op=view_citation&hl=en&user=veyAHJgAAAAJ&cstart=220&citation_for_view=veyAHJgAAAAJ:RJOyoaXV5v8C",
        "citation_id": "veyAHJgAAAAJ:RJOyoaXV5v8C",
        "authors": "A Srivastava, F Fund, SS Panwar",
        "publication": "2022 IEEE International Workshop Technical Committee on Communications \u2026, 2022",
        "year": "2022"
    },
    {
        "title": "Data-driven beamforming codebook design to improve coverage in millimeter wave networks",
        "link": "https://scholar.google.com/citations?view_op=view_citation&hl=en&user=veyAHJgAAAAJ&cstart=220&citation_for_view=veyAHJgAAAAJ:0aBXIfxlw9sC",
        "citation_id": "veyAHJgAAAAJ:0aBXIfxlw9sC",
        "authors": "MF \u00d6zko\u00e7, C Tunc, SS Panwar",
        "publication": "2022 IEEE 95th Vehicular Technology Conference:(VTC2022-Spring), 1-7, 2022",
        "year": "2022"
    },
    {
        "title": "Overcoming directional deafness in high frequency sidelink communications",
        "link": "https://scholar.google.com/citations?view_op=view_citation&hl=en&user=veyAHJgAAAAJ&cstart=220&citation_for_view=veyAHJgAAAAJ:eGYfIraVYiQC",
        "citation_id": "veyAHJgAAAAJ:eGYfIraVYiQC",
        "authors": "A Srivastava, S Goyal, U Salim, P Liu, R Pragada, SS Panwar",
        "publication": "2022 IEEE 95th Vehicular Technology Conference:(VTC2022-Spring), 1-7, 2022",
        "year": "2022"
    },
    {
        "title": "On the Impact of Rotational Mobility in Directional Cellular Systems",
        "link": "https://scholar.google.com/citations?view_op=view_citation&hl=en&user=veyAHJgAAAAJ&cstart=260&citation_for_view=veyAHJgAAAAJ:ghEM2AJqZyQC",
        "citation_id": "veyAHJgAAAAJ:ghEM2AJqZyQC",
        "authors": "MF \u00d6zko\u00e7, S Goyal, A Koutsaftis, U Salim, P Liu, R Pragada, SS Panwar",
        "publication": "IEEE Open Journal of the Communications Society 3, 1119-1133, 2022",
        "year": "2022"
    },
    {
        "title": "The impact of multi-connectivity and handover constraints on millimeter wave and terahertz cellular networks",
        "link": "https://scholar.google.com/citations?view_op=view_citation&hl=en&user=veyAHJgAAAAJ&cstart=60&citation_for_view=veyAHJgAAAAJ:mWEH9CqjF64C",
        "citation_id": "veyAHJgAAAAJ:mWEH9CqjF64C",
        "authors": "MF \u00d6zko\u00e7, A Koutsaftis, R Kumar, P Liu, SS Panwar",
        "publication": "IEEE Journal on Selected Areas in Communications 39 (6), 1833-1853, 2021",
        "year": "2021"
    },
    {
        "title": "Full-duplex cell-free massive MIMO systems: Analysis and decentralized optimization",
        "link": "https://scholar.google.com/citations?view_op=view_citation&hl=en&user=veyAHJgAAAAJ&cstart=100&citation_for_view=veyAHJgAAAAJ:IsPWOBWtZBwC",
        "citation_id": "veyAHJgAAAAJ:IsPWOBWtZBwC",
        "authors": "S Datta, DN Amudala, E Sharma, R Budhiraja, SS Panwar",
        "publication": "IEEE Open Journal of the Communications Society 3, 31-50, 2021",
        "year": "2021"
    },
    {
        "title": "Mitigating the impact of blockages in millimeter-wave vehicular networks through vehicular relays",
        "link": "https://scholar.google.com/citations?view_op=view_citation&hl=en&user=veyAHJgAAAAJ&cstart=140&citation_for_view=veyAHJgAAAAJ:JTqpx9DYBaYC",
        "citation_id": "veyAHJgAAAAJ:JTqpx9DYBaYC",
        "authors": "C Tunc, SS Panwar",
        "publication": "IEEE Open Journal of Intelligent Transportation Systems 2, 225-239, 2021",
        "year": "2021"
    },
    {
        "title": "Learning based methods for traffic matrix estimation from link measurements",
        "link": "https://scholar.google.com/citations?view_op=view_citation&hl=en&user=veyAHJgAAAAJ&cstart=180&citation_for_view=veyAHJgAAAAJ:raTqNPD5sRQC",
        "citation_id": "veyAHJgAAAAJ:raTqNPD5sRQC",
        "authors": "S Xu, M Kodialam, TV Lakshman, SS Panwar",
        "publication": "IEEE Open Journal of the Communications Society 2, 488-499, 2021",
        "year": "2021"
    },
    {
        "title": "FlowToss: Fast wait-free scheduling of deterministic flows in time synchronized networks",
        "link": "https://scholar.google.com/citations?view_op=view_citation&hl=en&user=veyAHJgAAAAJ&cstart=180&citation_for_view=veyAHJgAAAAJ:TlpoogIpr_IC",
        "citation_id": "veyAHJgAAAAJ:TlpoogIpr_IC",
        "authors": "R Bhatia, TV Lakshman, MF \u00d6zko\u00e7, S Panwar",
        "publication": "2021 IFIP Networking Conference (IFIP Networking), 1-6, 2021",
        "year": "2021"
    },
    {
        "title": "Tackling the latency divide with Copa",
        "link": "https://scholar.google.com/citations?view_op=view_citation&hl=en&user=veyAHJgAAAAJ&cstart=220&citation_for_view=veyAHJgAAAAJ:HJSXoJQnj-YC",
        "citation_id": "veyAHJgAAAAJ:HJSXoJQnj-YC",
        "authors": "D Roberts, A Srivastava, F Fund, SS Panwar",
        "publication": "IEEE INFOCOM 2021-IEEE Conference on Computer Communications Workshops \u2026, 2021",
        "year": "2021"
    },
    {
        "title": "Tomography based learning for load distribution through opaque networks",
        "link": "https://scholar.google.com/citations?view_op=view_citation&hl=en&user=veyAHJgAAAAJ&cstart=240&citation_for_view=veyAHJgAAAAJ:YsrPvlHIBpEC",
        "citation_id": "veyAHJgAAAAJ:YsrPvlHIBpEC",
        "authors": "S Xu, M Kodialam, TV Lakshman, SS Panwar",
        "publication": "IEEE Open Journal of the Communications Society 2, 656-670, 2021",
        "year": "2021"
    },
    {
        "title": "Determining a receive window of a receiving device that reduces bufferbloat in a wireless communications system, such as that caused by TCP dynamics over millimeter wave links",
        "link": "https://scholar.google.com/citations?view_op=view_citation&hl=en&user=veyAHJgAAAAJ&cstart=300&citation_for_view=veyAHJgAAAAJ:3NQIlFlcGxIC",
        "citation_id": "veyAHJgAAAAJ:3NQIlFlcGxIC",
        "authors": "M Zhang, M Mezzavilla, S Rangan, SS Panwar",
        "publication": "US Patent 11,063,879, 2021",
        "year": "2021"
    },
    {
        "title": "FD Cell-Free mMIMO: Analysis and Optimization",
        "link": "https://scholar.google.com/citations?view_op=view_citation&hl=en&user=veyAHJgAAAAJ&cstart=300&citation_for_view=veyAHJgAAAAJ:5bg8sr1QxYwC",
        "citation_id": "veyAHJgAAAAJ:5bg8sr1QxYwC",
        "authors": "S Datta, E Sharma, DN Amudala, R Budhiraja, SS Panwar",
        "publication": "ICC 2021-IEEE International Conference on Communications, 1-6, 2021",
        "year": "2021"
    },
    {
        "title": "A controlled, reproducible, and extensible experiment for evaluating the impact of Tor latency",
        "link": "https://scholar.google.com/citations?view_op=view_citation&hl=en&user=veyAHJgAAAAJ&cstart=300&citation_for_view=veyAHJgAAAAJ:wvYxNZNCP7wC",
        "citation_id": "veyAHJgAAAAJ:wvYxNZNCP7wC",
        "authors": "B Keita, A Srivastava, F Fund, SS Panwar",
        "publication": "IEEE INFOCOM 2021-IEEE Conference on Computer Communications Workshops \u2026, 2021",
        "year": "2021"
    },
    {
        "title": "Deep neural network approximated dynamic programming for combinatorial optimization",
        "link": "https://scholar.google.com/citations?view_op=view_citation&hl=en&user=veyAHJgAAAAJ&cstart=80&citation_for_view=veyAHJgAAAAJ:3bvyWxjaHKcC",
        "citation_id": "veyAHJgAAAAJ:3bvyWxjaHKcC",
        "authors": "S Xu, SS Panwar, M Kodialam, TV Lakshman",
        "publication": "Proceedings of the AAAI Conference on Artificial Intelligence 34 (02), 1684-1691, 2020",
        "year": "2020"
    },
    {
        "title": "An experimental evaluation of low latency congestion control for mmWave links",
        "link": "https://scholar.google.com/citations?view_op=view_citation&hl=en&user=veyAHJgAAAAJ&cstart=120&citation_for_view=veyAHJgAAAAJ:-nhnvRiOwuoC",
        "citation_id": "veyAHJgAAAAJ:-nhnvRiOwuoC",
        "authors": "A Srivastava, F Fund, SS Panwar",
        "publication": "IEEE INFOCOM 2020-IEEE Conference on Computer Communications Workshops \u2026, 2020",
        "year": "2020"
    },
    {
        "title": "The blind side: Latency challenges in millimeter wave networks for connected vehicle applications",
        "link": "https://scholar.google.com/citations?view_op=view_citation&hl=en&user=veyAHJgAAAAJ&cstart=120&citation_for_view=veyAHJgAAAAJ:SGW5VrABaM0C",
        "citation_id": "veyAHJgAAAAJ:SGW5VrABaM0C",
        "authors": "C Tunc, MF \u00d6zko\u00e7, F Fund, SS Panwar",
        "publication": "IEEE Transactions on Vehicular Technology 70 (1), 529-542, 2020",
        "year": "2020"
    },
    {
        "title": "Breaking the millisecond barrier: Robots and self-driving cars will need completely reengineered networks",
        "link": "https://scholar.google.com/citations?view_op=view_citation&hl=en&user=veyAHJgAAAAJ&cstart=160&citation_for_view=veyAHJgAAAAJ:An6A6Jpfc1oC",
        "citation_id": "veyAHJgAAAAJ:An6A6Jpfc1oC",
        "authors": "S Panwar",
        "publication": "IEEE Spectrum 57 (11), 44-49, 2020",
        "year": "2020"
    },
    {
        "title": "Beamformed mmwave system propagation at 60 GHz in an office environment",
        "link": "https://scholar.google.com/citations?view_op=view_citation&hl=en&user=veyAHJgAAAAJ&cstart=200&citation_for_view=veyAHJgAAAAJ:F2UWTTQJPOcC",
        "citation_id": "veyAHJgAAAAJ:F2UWTTQJPOcC",
        "authors": "SHA Shah, S Balakrishnan, L Xin, M Abouelseoud, K Sakoda, K Tanaka, ...",
        "publication": "ICC 2020-2020 IEEE International Conference on Communications (ICC), 1-7, 2020",
        "year": "2020"
    },
    {
        "title": "A low latency congestion control that can compete",
        "link": "https://scholar.google.com/citations?view_op=view_citation&hl=en&user=veyAHJgAAAAJ&cstart=240&citation_for_view=veyAHJgAAAAJ:EPG8bYD4jVwC",
        "citation_id": "veyAHJgAAAAJ:EPG8bYD4jVwC",
        "authors": "A Srivastava, F Fund, S Panwar",
        "publication": "Proceedings of the Student Workshop, 15-16, 2020",
        "year": "2020"
    },
    {
        "title": "Full-duplex cell-free mMIMO systems: Analysis and decentralized optimization",
        "link": "https://scholar.google.com/citations?view_op=view_citation&hl=en&user=veyAHJgAAAAJ&cstart=240&citation_for_view=veyAHJgAAAAJ:kzcSZmkxUKAC",
        "citation_id": "veyAHJgAAAAJ:kzcSZmkxUKAC",
        "authors": "S Datta, DN Amudala, E Sharma, R Budhiraja, SS Panwar",
        "publication": "arXiv preprint arXiv:2010.14110, 2020",
        "year": "2020"
    },
    {
        "title": "Method and apparatus for wireless distribution of TV services",
        "link": "https://scholar.google.com/citations?view_op=view_citation&hl=en&user=veyAHJgAAAAJ&cstart=240&citation_for_view=veyAHJgAAAAJ:LPtt_HFRSbwC",
        "citation_id": "veyAHJgAAAAJ:LPtt_HFRSbwC",
        "authors": "R Margolies, R Jana, SS Panwar, R Kumar, Y Liu",
        "publication": "US Patent 10,785,520, 2020",
        "year": "2020"
    },
    {
        "title": "Analysis of Outage Probability and Duration in Millimeter Wave Vehicle-to-Infrastructure Networks",
        "link": "https://scholar.google.com/citations?view_op=view_citation&hl=en&user=veyAHJgAAAAJ&cstart=260&citation_for_view=veyAHJgAAAAJ:QUX0mv85b1cC",
        "citation_id": "veyAHJgAAAAJ:QUX0mv85b1cC",
        "authors": "C Tunc, S Panwar",
        "publication": "2020 IEEE 92nd Vehicular Technology Conference (VTC2020-Fall), 1-7, 2020",
        "year": "2020"
    },
    {
        "title": "60 GHz multipath propagation analysis and inference for an indoor scenario",
        "link": "https://scholar.google.com/citations?view_op=view_citation&hl=en&user=veyAHJgAAAAJ&cstart=260&citation_for_view=veyAHJgAAAAJ:rTD5ala9j4wC",
        "citation_id": "veyAHJgAAAAJ:rTD5ala9j4wC",
        "authors": "S Balakrishnan, SHA Shah, L Xin, M Abouelseoud, K Sakoda, K Tanaka, ...",
        "publication": "2020 IEEE 92nd Vehicular Technology Conference (VTC2020-Fall), 1-5, 2020",
        "year": "2020"
    },
    {
        "title": "A Model for Joint Engineering-Economic Analysis of Cellular Systems",
        "link": "https://scholar.google.com/citations?view_op=view_citation&hl=en&user=veyAHJgAAAAJ&cstart=300&citation_for_view=veyAHJgAAAAJ:BrOSOlqYqPUC",
        "citation_id": "veyAHJgAAAAJ:BrOSOlqYqPUC",
        "authors": "F Fund, S Shahsavari, SS Panwar, E Erkip",
        "publication": "IEEE Wireless Communications Letters 10 (2), 344-348, 2020",
        "year": "2020"
    },
    {
        "title": "Will TCP work in mmWave 5G cellular networks?",
        "link": "https://scholar.google.com/citations?view_op=view_citation&hl=en&user=veyAHJgAAAAJ&citation_for_view=veyAHJgAAAAJ:jU7OWUQzBzMC",
        "citation_id": "veyAHJgAAAAJ:jU7OWUQzBzMC",
        "authors": "M Zhang, M Polese, M Mezzavilla, J Zhu, S Rangan, S Panwar, M Zorzi",
        "publication": "IEEE Communications Magazine 57 (1), 65-71, 2019",
        "year": "2019"
    },
    {
        "title": "The impact of mobile blockers on millimeter wave cellular systems",
        "link": "https://scholar.google.com/citations?view_op=view_citation&hl=en&user=veyAHJgAAAAJ&citation_for_view=veyAHJgAAAAJ:kWvqk_afx_IC",
        "citation_id": "veyAHJgAAAAJ:kWvqk_afx_IC",
        "authors": "IK Jain, R Kumar, SS Panwar",
        "publication": "IEEE Journal on Selected Areas in Communications 37 (4), 854-868, 2019",
        "year": "2019"
    },
    {
        "title": "TCP BBR for ultra-low latency networking: challenges, analysis, and solutions",
        "link": "https://scholar.google.com/citations?view_op=view_citation&hl=en&user=veyAHJgAAAAJ&cstart=100&citation_for_view=veyAHJgAAAAJ:-95Q15plzcUC",
        "citation_id": "veyAHJgAAAAJ:-95Q15plzcUC",
        "authors": "R Kumar, A Koutsaftis, F Fund, G Naik, P Liu, Y Liu, S Panwar",
        "publication": "2019 IFIP Networking Conference (IFIP Networking), 1-9, 2019",
        "year": "2019"
    },
    {
        "title": "Realtime scheduling and power allocation using deep neural networks",
        "link": "https://scholar.google.com/citations?view_op=view_citation&hl=en&user=veyAHJgAAAAJ&cstart=120&citation_for_view=veyAHJgAAAAJ:CdxZDUztZiMC",
        "citation_id": "veyAHJgAAAAJ:CdxZDUztZiMC",
        "authors": "S Xu, P Liu, R Wang, SS Panwar",
        "publication": "2019 IEEE Wireless Communications and Networking Conference (WCNC), 1-5, 2019",
        "year": "2019"
    },
    {
        "title": "Optimal transmission policies for energy harvesting age of information systems with battery recovery",
        "link": "https://scholar.google.com/citations?view_op=view_citation&hl=en&user=veyAHJgAAAAJ&cstart=120&citation_for_view=veyAHJgAAAAJ:HhcuHIWmDEUC",
        "citation_id": "veyAHJgAAAAJ:HhcuHIWmDEUC",
        "authors": "C Tunc, S Panwar",
        "publication": "2019 53rd Asilomar Conference on Signals, Systems, and Computers, 2012-2016, 2019",
        "year": "2019"
    },
    {
        "title": "Fast inter-base station ring (FIBR): A new millimeter wave cellular network architecture",
        "link": "https://scholar.google.com/citations?view_op=view_citation&hl=en&user=veyAHJgAAAAJ&cstart=140&citation_for_view=veyAHJgAAAAJ:KNjnJ3z-R6IC",
        "citation_id": "veyAHJgAAAAJ:KNjnJ3z-R6IC",
        "authors": "A Koutsaftis, R Kumar, P Liu, SS Panwar",
        "publication": "IEEE Journal on Selected Areas in Communications 37 (12), 2699-2714, 2019",
        "year": "2019"
    },
    {
        "title": "Millimeter wave coverage and blockage duration analysis for vehicular communications",
        "link": "https://scholar.google.com/citations?view_op=view_citation&hl=en&user=veyAHJgAAAAJ&cstart=160&citation_for_view=veyAHJgAAAAJ:uVUOdF_882EC",
        "citation_id": "veyAHJgAAAAJ:uVUOdF_882EC",
        "authors": "C Tunc, MF Ozkoc, S Panwar",
        "publication": "2019 IEEE 90th Vehicular Technology Conference (VTC2019-Fall), 1-6, 2019",
        "year": "2019"
    },
    {
        "title": "Design of an enhanced bearer buffer for latency minimization in the mobile RAN",
        "link": "https://scholar.google.com/citations?view_op=view_citation&hl=en&user=veyAHJgAAAAJ&cstart=220&citation_for_view=veyAHJgAAAAJ:w0F2JDEymm0C",
        "citation_id": "veyAHJgAAAAJ:w0F2JDEymm0C",
        "authors": "R Kumar, A Francini, S Panwar, S Sharma",
        "publication": "2019 IEEE Global Communications Conference (GLOBECOM), 1-6, 2019",
        "year": "2019"
    },
    {
        "title": "Improving Google\u2019s BBR for reduced latency and increased fairness",
        "link": "https://scholar.google.com/citations?view_op=view_citation&hl=en&user=veyAHJgAAAAJ&cstart=240&citation_for_view=veyAHJgAAAAJ:mUJArPsKIAAC",
        "citation_id": "veyAHJgAAAAJ:mUJArPsKIAAC",
        "authors": "M Zhang, M Mezzavilla, S Rangan, S Panwar",
        "publication": "IEEE INFOCOM 2019-IEEE Conference on Computer Communications Workshops \u2026, 2019",
        "year": "2019"
    },
    {
        "title": "Restless video bandits: Optimal svc streaming in a multi-user wireless network",
        "link": "https://scholar.google.com/citations?view_op=view_citation&hl=en&user=veyAHJgAAAAJ&cstart=260&citation_for_view=veyAHJgAAAAJ:lgwcVrK6X84C",
        "citation_id": "veyAHJgAAAAJ:lgwcVrK6X84C",
        "authors": "SA Hosseini, SS Panwar",
        "publication": "IEEE Access 7, 150805-150822, 2019",
        "year": "2019"
    },
    {
        "title": "Driven by capacity or blockage? A millimeter wave blockage analysis",
        "link": "https://scholar.google.com/citations?view_op=view_citation&hl=en&user=veyAHJgAAAAJ&cstart=40&citation_for_view=veyAHJgAAAAJ:pS0ncopqnHgC",
        "citation_id": "veyAHJgAAAAJ:pS0ncopqnHgC",
        "authors": "IK Jain, R Kumar, S Panwar",
        "publication": "2018 30th International Teletraffic Congress (ITC 30) 1, 153-159, 2018",
        "year": "2018"
    },
    {
        "title": "Dynamic control of RLC buffer size for latency minimization in mobile RAN",
        "link": "https://scholar.google.com/citations?view_op=view_citation&hl=en&user=veyAHJgAAAAJ&cstart=80&citation_for_view=veyAHJgAAAAJ:7wO8s98CvbsC",
        "citation_id": "veyAHJgAAAAJ:7wO8s98CvbsC",
        "authors": "R Kumar, A Francini, S Panwar, S Sharma",
        "publication": "2018 IEEE Wireless Communications and Networking Conference (WCNC), 1-6, 2018",
        "year": "2018"
    },
    {
        "title": "Limited by capacity or blockage? A millimeter wave blockage analysis",
        "link": "https://scholar.google.com/citations?view_op=view_citation&hl=en&user=veyAHJgAAAAJ&cstart=160&citation_for_view=veyAHJgAAAAJ:w1MjKQ0l0TYC",
        "citation_id": "veyAHJgAAAAJ:w1MjKQ0l0TYC",
        "authors": "IK Jain, R Kumar, S Panwar",
        "publication": "arXiv preprint arXiv:1808.01228, 2018",
        "year": "2018"
    },
    {
        "title": "WiLiTV: Reducing live satellite TV costs using wireless relays",
        "link": "https://scholar.google.com/citations?view_op=view_citation&hl=en&user=veyAHJgAAAAJ&cstart=160&citation_for_view=veyAHJgAAAAJ:FiytvqdAVhgC",
        "citation_id": "veyAHJgAAAAJ:FiytvqdAVhgC",
        "authors": "R Kumar, R Margolies, R Jana, Y Liu, SS Panwar",
        "publication": "IEEE Journal on Selected Areas in Communications 36 (2), 233-245, 2018",
        "year": "2018"
    },
    {
        "title": "Can millimeter wave cellular systems provide high reliability and low latency? an analysis of the impact of mobile blockers",
        "link": "https://scholar.google.com/citations?view_op=view_citation&hl=en&user=veyAHJgAAAAJ&cstart=200&citation_for_view=veyAHJgAAAAJ:-mN3Mh-tlDkC",
        "citation_id": "veyAHJgAAAAJ:-mN3Mh-tlDkC",
        "authors": "IK Jain, R Kumar, S Panwar",
        "publication": "arXiv preprint arXiv:1807.04388, 2018",
        "year": "2018"
    },
    {
        "title": "Capacity analysis for full duplex self-backhauled small cells",
        "link": "https://scholar.google.com/citations?view_op=view_citation&hl=en&user=veyAHJgAAAAJ&cstart=260&citation_for_view=veyAHJgAAAAJ:yxmsSjX2EkcC",
        "citation_id": "veyAHJgAAAAJ:yxmsSjX2EkcC",
        "authors": "S Xu, P Liu, S Goyal, SS Panwar",
        "publication": "2018 IEEE Globecom Workshops (GC Wkshps), 1-6, 2018",
        "year": "2018"
    },
    {
        "title": "Millimeter Waves, Millisecond Delays",
        "link": "https://scholar.google.com/citations?view_op=view_citation&hl=en&user=veyAHJgAAAAJ&cstart=300&citation_for_view=veyAHJgAAAAJ:1yWc8FF-_SYC",
        "citation_id": "veyAHJgAAAAJ:1yWc8FF-_SYC",
        "authors": "SS Panwar",
        "publication": "Proceedings of the 2nd ACM Workshop on Millimeter Wave Networks and Sensing \u2026, 2018",
        "year": "2018"
    },
    {
        "title": "Capturing capacity and profit gains with base station sharing in mmWave cellular networks",
        "link": "https://scholar.google.com/citations?view_op=view_citation&hl=en&user=veyAHJgAAAAJ&cstart=300&citation_for_view=veyAHJgAAAAJ:WC23djZS0W4C",
        "citation_id": "veyAHJgAAAAJ:WC23djZS0W4C",
        "authors": "S Shahsavari, F Fund, E Erkip, SS Panwar",
        "publication": "IEEE INFOCOM 2018-IEEE Conference on Computer Communications Workshops \u2026, 2018",
        "year": "2018"
    },
    {
        "title": "milliProxy: A TCP proxy architecture for 5G mmWave cellular systems",
        "link": "https://scholar.google.com/citations?view_op=view_citation&hl=en&user=veyAHJgAAAAJ&cstart=60&citation_for_view=veyAHJgAAAAJ:PaBasH6fAo0C",
        "citation_id": "veyAHJgAAAAJ:PaBasH6fAo0C",
        "authors": "M Polese, M Mezzavilla, M Zhang, J Zhu, S Rangan, S Panwar, M Zorzi",
        "publication": "2017 51st Asilomar Conference on Signals, Systems, and Computers, 951-957, 2017",
        "year": "2017"
    },
    {
        "title": "TCP dynamics over mmWave links",
        "link": "https://scholar.google.com/citations?view_op=view_citation&hl=en&user=veyAHJgAAAAJ&cstart=60&citation_for_view=veyAHJgAAAAJ:1taIhTC69MYC",
        "citation_id": "veyAHJgAAAAJ:1taIhTC69MYC",
        "authors": "M Zhang, M Mezzavilla, J Zhu, S Rangan, S Panwar",
        "publication": "2017 IEEE 18th International Workshop on Signal Processing Advances in \u2026, 2017",
        "year": "2017"
    },
    {
        "title": "User association in 5G mmWave networks",
        "link": "https://scholar.google.com/citations?view_op=view_citation&hl=en&user=veyAHJgAAAAJ&cstart=60&citation_for_view=veyAHJgAAAAJ:kVjdVfd2voEC",
        "citation_id": "veyAHJgAAAAJ:kVjdVfd2voEC",
        "authors": "S Goyal, M Mezzavilla, S Rangan, S Panwar, M Zorzi",
        "publication": "2017 IEEE Wireless Communications and Networking Conference (WCNC), 1-6, 2017",
        "year": "2017"
    },
    {
        "title": "Enhancing mobile networks with software defined networking and cloud computing",
        "link": "https://scholar.google.com/citations?view_op=view_citation&hl=en&user=veyAHJgAAAAJ&cstart=80&citation_for_view=veyAHJgAAAAJ:BzfGm06jWhQC",
        "citation_id": "veyAHJgAAAAJ:BzfGm06jWhQC",
        "authors": "Z Cao, SS Panwar, M Kodialam, TV Lakshman",
        "publication": "IEEE/ACM Transactions on Networking 25 (3), 1431-1444, 2017",
        "year": "2017"
    },
    {
        "title": "Resource sharing among mmWave cellular service providers in a vertically differentiated duopoly",
        "link": "https://scholar.google.com/citations?view_op=view_citation&hl=en&user=veyAHJgAAAAJ&cstart=100&citation_for_view=veyAHJgAAAAJ:v1_lew4L6wgC",
        "citation_id": "veyAHJgAAAAJ:v1_lew4L6wgC",
        "authors": "F Fund, S Shahsavari, SS Panwar, E Erkip, S Rangan",
        "publication": "2017 IEEE international conference on communications (ICC), 1-7, 2017",
        "year": "2017"
    },
    {
        "title": "Scheduling and power allocation in self-backhauled full duplex small cells",
        "link": "https://scholar.google.com/citations?view_op=view_citation&hl=en&user=veyAHJgAAAAJ&cstart=120&citation_for_view=veyAHJgAAAAJ:U4n9YNQMCAIC",
        "citation_id": "veyAHJgAAAAJ:U4n9YNQMCAIC",
        "authors": "S Goyal, P Liu, S Panwar",
        "publication": "2017 IEEE International Conference on Communications (ICC), 1-7, 2017",
        "year": "2017"
    },
    {
        "title": "An open-access research testbed for visible light communication",
        "link": "https://scholar.google.com/citations?view_op=view_citation&hl=en&user=veyAHJgAAAAJ&cstart=220&citation_for_view=veyAHJgAAAAJ:IaI1MmNe2tcC",
        "citation_id": "veyAHJgAAAAJ:IaI1MmNe2tcC",
        "authors": "J Zamora, F Fund, A Koutsaftis, SS Panwar",
        "publication": "Proceedings of the 4th ACM Workshop on Visible Light Communication Systems \u2026, 2017",
        "year": "2017"
    },
    {
        "title": "WiLiTV: A low-cost wireless framework for live TV services",
        "link": "https://scholar.google.com/citations?view_op=view_citation&hl=en&user=veyAHJgAAAAJ&cstart=220&citation_for_view=veyAHJgAAAAJ:ALROH1vI_8AC",
        "citation_id": "veyAHJgAAAAJ:ALROH1vI_8AC",
        "authors": "R Kumar, RS Margolies, R Jana, Y Liu, S Panwar",
        "publication": "2017 IEEE Conference on Computer Communications Workshops (INFOCOM WKSHPS \u2026, 2017",
        "year": "2017"
    },
    {
        "title": "Streamloading content, such as video content for example, by both downloading enhancement layers of the content and streaming a base layer of the content",
        "link": "https://scholar.google.com/citations?view_op=view_citation&hl=en&user=veyAHJgAAAAJ&cstart=240&citation_for_view=veyAHJgAAAAJ:r_AWSJRzSzQC",
        "citation_id": "veyAHJgAAAAJ:r_AWSJRzSzQC",
        "authors": "S Panwar",
        "publication": "US Patent 9,661,051, 2017",
        "year": "2017"
    },
    {
        "title": "Restless streaming bandits: Scheduling scalable video in wireless networks",
        "link": "https://scholar.google.com/citations?view_op=view_citation&hl=en&user=veyAHJgAAAAJ&cstart=240&citation_for_view=veyAHJgAAAAJ:MhiOAD_qIWkC",
        "citation_id": "veyAHJgAAAAJ:MhiOAD_qIWkC",
        "authors": "SA Hosseini, SS Panwar",
        "publication": "2017 55th Annual Allerton Conference on Communication, Control, and \u2026, 2017",
        "year": "2017"
    },
    {
        "title": "Bridging the digital divide between research and home networks",
        "link": "https://scholar.google.com/citations?view_op=view_citation&hl=en&user=veyAHJgAAAAJ&cstart=240&citation_for_view=veyAHJgAAAAJ:cK4Rrx0J3m0C",
        "citation_id": "veyAHJgAAAAJ:cK4Rrx0J3m0C",
        "authors": "C Smith-Salzberg, F Fund, S Panwar",
        "publication": "2017 IEEE Conference on Computer Communications Workshops (INFOCOM WKSHPS \u2026, 2017",
        "year": "2017"
    },
    {
        "title": "Spreading the message: Defining the delay distribution in opportunistic communications",
        "link": "https://scholar.google.com/citations?view_op=view_citation&hl=en&user=veyAHJgAAAAJ&cstart=260&citation_for_view=veyAHJgAAAAJ:kw52XkFRtyQC",
        "citation_id": "veyAHJgAAAAJ:kw52XkFRtyQC",
        "authors": "G Kyriakou, P Liu, S Panwar, S Raio, G Bertoli, WS Sanz, H Brown",
        "publication": "MILCOM 2017-2017 IEEE Military Communications Conference (MILCOM), 418-423, 2017",
        "year": "2017"
    },
    {
        "title": "Exploiting network similarity for latency prediction of edge devices",
        "link": "https://scholar.google.com/citations?view_op=view_citation&hl=en&user=veyAHJgAAAAJ&cstart=300&citation_for_view=veyAHJgAAAAJ:7Hz3ACDFbsoC",
        "citation_id": "veyAHJgAAAAJ:7Hz3ACDFbsoC",
        "authors": "S Xu, P Liu, SS Panwar",
        "publication": "2017 IEEE International Conference on Communications (ICC), 1-5, 2017",
        "year": "2017"
    },
    {
        "title": "Initial access in millimeter wave cellular systems",
        "link": "https://scholar.google.com/citations?view_op=view_citation&hl=en&user=veyAHJgAAAAJ&citation_for_view=veyAHJgAAAAJ:PVgj2kMGcgYC",
        "citation_id": "veyAHJgAAAAJ:PVgj2kMGcgYC",
        "authors": "CN Barati, SA Hosseini, M Mezzavilla, T Korakis, SS Panwar, S Rangan, ...",
        "publication": "IEEE Transactions on Wireless Communications 15 (12), 7926-7940, 2016",
        "year": "2016"
    },
    {
        "title": "Transport layer performance in 5G mmWave cellular",
        "link": "https://scholar.google.com/citations?view_op=view_citation&hl=en&user=veyAHJgAAAAJ&cstart=20&citation_for_view=veyAHJgAAAAJ:LhH-TYMQEocC",
        "citation_id": "veyAHJgAAAAJ:LhH-TYMQEocC",
        "authors": "M Zhang, M Mezzavilla, R Ford, S Rangan, S Panwar, E Mellios, D Kong, ...",
        "publication": "2016 IEEE Conference on Computer Communications Workshops (INFOCOM WKSHPS \u2026, 2016",
        "year": "2016"
    },
    {
        "title": "User selection and power allocation in full-duplex multicell networks",
        "link": "https://scholar.google.com/citations?view_op=view_citation&hl=en&user=veyAHJgAAAAJ&cstart=20&citation_for_view=veyAHJgAAAAJ:vDZJ-YLwNdEC",
        "citation_id": "veyAHJgAAAAJ:vDZJ-YLwNdEC",
        "authors": "S Goyal, P Liu, SS Panwar",
        "publication": "IEEE Transactions on Vehicular Technology 66 (3), 2408-2422, 2016",
        "year": "2016"
    },
    {
        "title": "An MDP model for optimal handover decisions in mmWave cellular networks",
        "link": "https://scholar.google.com/citations?view_op=view_citation&hl=en&user=veyAHJgAAAAJ&cstart=20&citation_for_view=veyAHJgAAAAJ:DJbcl8HfkQkC",
        "citation_id": "veyAHJgAAAAJ:DJbcl8HfkQkC",
        "authors": "M Mezzavilla, S Goyal, S Panwar, S Rangan, M Zorzi",
        "publication": "2016 European conference on networks and communications (EuCNC), 100-105, 2016",
        "year": "2016"
    },
    {
        "title": "Throughput and coverage for a mixed full and half duplex small cell network",
        "link": "https://scholar.google.com/citations?view_op=view_citation&hl=en&user=veyAHJgAAAAJ&cstart=40&citation_for_view=veyAHJgAAAAJ:HeT0ZceujKMC",
        "citation_id": "veyAHJgAAAAJ:HeT0ZceujKMC",
        "authors": "S Goyal, C Galiotto, N Marchetti, S Panwar",
        "publication": "2016 IEEE International Conference on Communications (ICC), 1-7, 2016",
        "year": "2016"
    },
    {
        "title": "The bufferbloat problem over intermittent multi-gbps mmwave links",
        "link": "https://scholar.google.com/citations?view_op=view_citation&hl=en&user=veyAHJgAAAAJ&cstart=100&citation_for_view=veyAHJgAAAAJ:buQ7SEKw-1sC",
        "citation_id": "veyAHJgAAAAJ:buQ7SEKw-1sC",
        "authors": "M Zhang, M Mezzavilla, J Zhu, S Rangan, S Panwar",
        "publication": "arXiv preprint arXiv:1611.02117, 2016",
        "year": "2016"
    },
    {
        "title": "Spectrum and infrastructure sharing in millimeter wave cellular networks: An economic perspective",
        "link": "https://scholar.google.com/citations?view_op=view_citation&hl=en&user=veyAHJgAAAAJ&cstart=120&citation_for_view=veyAHJgAAAAJ:Bg7qf7VwUHIC",
        "citation_id": "veyAHJgAAAAJ:Bg7qf7VwUHIC",
        "authors": "F Fund, S Shahsavari, SS Panwar, E Erkip, S Rangan",
        "publication": "arXiv preprint arXiv:1605.04602, 2016",
        "year": "2016"
    },
    {
        "title": "SVC-based multi-user streamloading for wireless networks",
        "link": "https://scholar.google.com/citations?view_op=view_citation&hl=en&user=veyAHJgAAAAJ&cstart=140&citation_for_view=veyAHJgAAAAJ:3htObqc8RwsC",
        "citation_id": "veyAHJgAAAAJ:3htObqc8RwsC",
        "authors": "SA Hosseini, Z Lu, G De Veciana, SS Panwar",
        "publication": "IEEE Journal on Selected Areas in Communications 34 (8), 2185-2197, 2016",
        "year": "2016"
    },
    {
        "title": "Do open resources encourage entry into the millimeter wave cellular service market?",
        "link": "https://scholar.google.com/citations?view_op=view_citation&hl=en&user=veyAHJgAAAAJ&cstart=180&citation_for_view=veyAHJgAAAAJ:jL-93Qbq4QoC",
        "citation_id": "veyAHJgAAAAJ:jL-93Qbq4QoC",
        "authors": "F Fund, S Shahsavari, SS Panwar, E Erkip, S Rangan",
        "publication": "Proceedings of the Eighth Wireless of the Students, by the Students, and for \u2026, 2016",
        "year": "2016"
    },
    {
        "title": "Under a cloud of uncertainty: legal questions affecting internet storage and transmission of copyright-protected video content",
        "link": "https://scholar.google.com/citations?view_op=view_citation&hl=en&user=veyAHJgAAAAJ&cstart=180&citation_for_view=veyAHJgAAAAJ:yqoGN6RLRZoC",
        "citation_id": "veyAHJgAAAAJ:yqoGN6RLRZoC",
        "authors": "F Fund, SA Hosseini, SS Panwar",
        "publication": "IEEE Network 30 (2), 32-38, 2016",
        "year": "2016"
    },
    {
        "title": "How bad is the flat earth assumption? Effect of topography on wireless systems",
        "link": "https://scholar.google.com/citations?view_op=view_citation&hl=en&user=veyAHJgAAAAJ&cstart=220&citation_for_view=veyAHJgAAAAJ:4X0JR2_MtJMC",
        "citation_id": "veyAHJgAAAAJ:4X0JR2_MtJMC",
        "authors": "F Fund, R Lin, T Korakis, SS Panwar",
        "publication": "2016 14th International Symposium on Modeling and Optimization in Mobile, Ad \u2026, 2016",
        "year": "2016"
    },
    {
        "title": "Do open resources encourage entry into the millimeter wave cellular service market? poster",
        "link": "https://scholar.google.com/citations?view_op=view_citation&hl=en&user=veyAHJgAAAAJ&cstart=300&citation_for_view=veyAHJgAAAAJ:uDGL6kOW6j0C",
        "citation_id": "veyAHJgAAAAJ:uDGL6kOW6j0C",
        "authors": "F Fund, S Shahsavari, SS Panwar, E Erkip, S Rangan",
        "publication": "Proceedings of the 22nd Annual International Conference on Mobile Computing \u2026, 2016",
        "year": "2016"
    },
    {
        "title": "Full duplex cellular systems: will doubling interference prevent doubling capacity?",
        "link": "https://scholar.google.com/citations?view_op=view_citation&hl=en&user=veyAHJgAAAAJ&citation_for_view=veyAHJgAAAAJ:dBIO0h50nwkC",
        "citation_id": "veyAHJgAAAAJ:dBIO0h50nwkC",
        "authors": "S Goyal, P Liu, SS Panwar, RA Difazio, R Yang, E Bala",
        "publication": "IEEE Communications Magazine 53 (5), 121-127, 2015",
        "year": "2015"
    },
    {
        "title": "Directional cell discovery in millimeter wave cellular networks",
        "link": "https://scholar.google.com/citations?view_op=view_citation&hl=en&user=veyAHJgAAAAJ&citation_for_view=veyAHJgAAAAJ:HIFyuExEbWQC",
        "citation_id": "veyAHJgAAAAJ:HIFyuExEbWQC",
        "authors": "CN Barati, SA Hosseini, S Rangan, P Liu, T Korakis, SS Panwar, ...",
        "publication": "IEEE Transactions on Wireless Communications 14 (12), 6664-6678, 2015",
        "year": "2015"
    },
    {
        "title": "Directional initial access for millimeter wave cellular systems",
        "link": "https://scholar.google.com/citations?view_op=view_citation&hl=en&user=veyAHJgAAAAJ&cstart=40&citation_for_view=veyAHJgAAAAJ:OR75R8vi5nAC",
        "citation_id": "veyAHJgAAAAJ:OR75R8vi5nAC",
        "authors": "CN Barati, SA Hosseini, M Mezzavilla, P Amiri-Eliasi, S Rangan, T Korakis, ...",
        "publication": "2015 49th Asilomar Conference on Signals, Systems and Computers, 307-311, 2015",
        "year": "2015"
    },
    {
        "title": "Streamloading content, such as video content for example, by both downloading enhancement layers of the content and streaming a base layer of the content",
        "link": "https://scholar.google.com/citations?view_op=view_citation&hl=en&user=veyAHJgAAAAJ&cstart=160&citation_for_view=veyAHJgAAAAJ:kh2fBNsKQNwC",
        "citation_id": "veyAHJgAAAAJ:kh2fBNsKQNwC",
        "authors": "S Panwar",
        "publication": "US Patent 9,172,737, 2015",
        "year": "2015"
    },
    {
        "title": "Wireless video multicast with cooperative and incremental transmission of parity packets",
        "link": "https://scholar.google.com/citations?view_op=view_citation&hl=en&user=veyAHJgAAAAJ&cstart=180&citation_for_view=veyAHJgAAAAJ:YohjEiUPhakC",
        "citation_id": "veyAHJgAAAAJ:YohjEiUPhakC",
        "authors": "Z Guo, Y Wang, E Erkip, SS Panwar",
        "publication": "IEEE Transactions on Multimedia 17 (8), 1335-1346, 2015",
        "year": "2015"
    },
    {
        "title": "(Not) yet another policy for scalable video delivery to mobile users",
        "link": "https://scholar.google.com/citations?view_op=view_citation&hl=en&user=veyAHJgAAAAJ&cstart=180&citation_for_view=veyAHJgAAAAJ:9c2xU6iGI7YC",
        "citation_id": "veyAHJgAAAAJ:9c2xU6iGI7YC",
        "authors": "SA Hosseini, F Fund, SS Panwar",
        "publication": "Proceedings of the 7th ACM International Workshop on Mobile Video, 17-22, 2015",
        "year": "2015"
    },
    {
        "title": "Shining a light into the darkness: How cooperative relay communication mitigates correlated shadow fading",
        "link": "https://scholar.google.com/citations?view_op=view_citation&hl=en&user=veyAHJgAAAAJ&cstart=220&citation_for_view=veyAHJgAAAAJ:cWzG1nlazyYC",
        "citation_id": "veyAHJgAAAAJ:cWzG1nlazyYC",
        "authors": "T Lu, P Liu, S Panwar",
        "publication": "2015 IEEE 81st Vehicular Technology Conference (VTC Spring), 1-7, 2015",
        "year": "2015"
    },
    {
        "title": "How long before I regain my signal?",
        "link": "https://scholar.google.com/citations?view_op=view_citation&hl=en&user=veyAHJgAAAAJ&cstart=240&citation_for_view=veyAHJgAAAAJ:QYdC8u9Cj1oC",
        "citation_id": "veyAHJgAAAAJ:QYdC8u9Cj1oC",
        "authors": "T Lu, P Liu, SS Panwar",
        "publication": "2015 49th Annual Conference on Information Sciences and Systems (CISS), 1-5, 2015",
        "year": "2015"
    },
    {
        "title": "Beam steering in millimeter wave cellular networks",
        "link": "https://scholar.google.com/citations?view_op=view_citation&hl=en&user=veyAHJgAAAAJ&cstart=300&citation_for_view=veyAHJgAAAAJ:OP4eGU-M3BUC",
        "citation_id": "veyAHJgAAAAJ:OP4eGU-M3BUC",
        "authors": "CN Barati, SA Hosseini, S Rangan, P Liu, T Korakis, S Panwar, ...",
        "publication": "IEEE Transactions on Wireless Communications, Accepted, 2015",
        "year": "2015"
    },
    {
        "title": "Improving small cell capacity with common-carrier full duplex radios",
        "link": "https://scholar.google.com/citations?view_op=view_citation&hl=en&user=veyAHJgAAAAJ&cstart=20&citation_for_view=veyAHJgAAAAJ:HtEfBTGE9r8C",
        "citation_id": "veyAHJgAAAAJ:HtEfBTGE9r8C",
        "authors": "S Goyal, P Liu, S Panwar, RA DiFazio, R Yang, J Li, E Bala",
        "publication": "2014 IEEE international conference on communications (ICC), 4987-4993, 2014",
        "year": "2014"
    },
    {
        "title": "CoopMAX: a cooperative MAC with randomized distributed space time coding for an IEEE 802.16 network",
        "link": "https://scholar.google.com/citations?view_op=view_citation&hl=en&user=veyAHJgAAAAJ&cstart=20&citation_for_view=veyAHJgAAAAJ:SP6oXDckpogC",
        "citation_id": "veyAHJgAAAAJ:SP6oXDckpogC",
        "authors": "C Nie, P Liu, T Korakis, E Erkip, SS Panwar",
        "publication": "US Patent 8,792,367, 2014",
        "year": "2014"
    },
    {
        "title": "Directional cell search for millimeter wave cellular systems",
        "link": "https://scholar.google.com/citations?view_op=view_citation&hl=en&user=veyAHJgAAAAJ&cstart=40&citation_for_view=veyAHJgAAAAJ:XvxMoLDsR5gC",
        "citation_id": "veyAHJgAAAAJ:XvxMoLDsR5gC",
        "authors": "CN Barati, SA Hosseini, S Rangan, P Liu, T Korakis, SS Panwar",
        "publication": "2014 IEEE 15th International Workshop on Signal Processing Advances in \u2026, 2014",
        "year": "2014"
    },
    {
        "title": "Exploiting multiple antennas in cooperative cognitive radio networks",
        "link": "https://scholar.google.com/citations?view_op=view_citation&hl=en&user=veyAHJgAAAAJ&cstart=60&citation_for_view=veyAHJgAAAAJ:rmuvC79q63oC",
        "citation_id": "veyAHJgAAAAJ:rmuvC79q63oC",
        "authors": "S Hua, H Liu, X Zhuo, M Wu, SS Panwar",
        "publication": "IEEE Transactions on Vehicular Technology 63 (7), 3318-3330, 2014",
        "year": "2014"
    },
    {
        "title": "Full duplex operation for small cells",
        "link": "https://scholar.google.com/citations?view_op=view_citation&hl=en&user=veyAHJgAAAAJ&cstart=60&citation_for_view=veyAHJgAAAAJ:mlAyqtXpCwEC",
        "citation_id": "veyAHJgAAAAJ:mlAyqtXpCwEC",
        "authors": "S Goyal, P Liu, S Panwar, R Yang, RA DiFazio, E Bala",
        "publication": "arXiv preprint arXiv:1412.8708, 2014",
        "year": "2014"
    },
    {
        "title": "Distributed scheduling for an optical switch",
        "link": "https://scholar.google.com/citations?view_op=view_citation&hl=en&user=veyAHJgAAAAJ&cstart=140&citation_for_view=veyAHJgAAAAJ:b1wdh0AR-JQC",
        "citation_id": "veyAHJgAAAAJ:b1wdh0AR-JQC",
        "authors": "SS Panwar, Y Shen, S Ye",
        "publication": "US Patent 8,873,955, 2014",
        "year": "2014"
    },
    {
        "title": "More bars, more bang for the buck: Channel-dependent pricing for video delivery to mobile users",
        "link": "https://scholar.google.com/citations?view_op=view_citation&hl=en&user=veyAHJgAAAAJ&cstart=220&citation_for_view=veyAHJgAAAAJ:a9-T7VOCCH8C",
        "citation_id": "veyAHJgAAAAJ:a9-T7VOCCH8C",
        "authors": "F Fund, SA Hosseini, SS Panwar",
        "publication": "2014 IEEE Conference on Computer Communications Workshops (INFOCOM WKSHPS \u2026, 2014",
        "year": "2014"
    },
    {
        "title": "Full-duplex relaying in an infrastructure-based wireless network",
        "link": "https://scholar.google.com/citations?view_op=view_citation&hl=en&user=veyAHJgAAAAJ&cstart=240&citation_for_view=veyAHJgAAAAJ:IRz6iEL74y4C",
        "citation_id": "veyAHJgAAAAJ:IRz6iEL74y4C",
        "authors": "S Luo, P Liu, S Panwar",
        "publication": "2014 IEEE 80th Vehicular Technology Conference (VTC2014-Fall), 1-6, 2014",
        "year": "2014"
    },
    {
        "title": "Distributed scheduling for variable-size packet switching system",
        "link": "https://scholar.google.com/citations?view_op=view_citation&hl=en&user=veyAHJgAAAAJ&cstart=240&citation_for_view=veyAHJgAAAAJ:tuHXwOkdijsC",
        "citation_id": "veyAHJgAAAAJ:tuHXwOkdijsC",
        "authors": "SS Panwar, Y Shen, S Ye",
        "publication": "US Patent 8,824,491, 2014",
        "year": "2014"
    },
    {
        "title": "Technical report: Efficient buffering and scheduling for a single-chip crosspoint-queued switch",
        "link": "https://scholar.google.com/citations?view_op=view_citation&hl=en&user=veyAHJgAAAAJ&cstart=260&citation_for_view=veyAHJgAAAAJ:4hFrxpcac9AC",
        "citation_id": "veyAHJgAAAAJ:4hFrxpcac9AC",
        "authors": "Z Cao, SS Panwar",
        "publication": "arXiv preprint arXiv:1403.2098, 2014",
        "year": "2014"
    },
    {
        "title": "Distributed Scheduling Algorithms for Crosspoint-Buffered Switches",
        "link": "https://scholar.google.com/citations?view_op=view_citation&hl=en&user=veyAHJgAAAAJ&cstart=300&citation_for_view=veyAHJgAAAAJ:6ZxmRoH8BuwC",
        "citation_id": "veyAHJgAAAAJ:6ZxmRoH8BuwC",
        "authors": "S Ye, Y Shen, SS Panwar",
        "publication": "arXiv preprint arXiv:1406.4235, 2014",
        "year": "2014"
    },
    {
        "title": "Scheduling, including distributed scheduling, for a buffered crossbar switch",
        "link": "https://scholar.google.com/citations?view_op=view_citation&hl=en&user=veyAHJgAAAAJ&cstart=300&citation_for_view=veyAHJgAAAAJ:j8SEvjWlNXcC",
        "citation_id": "veyAHJgAAAAJ:j8SEvjWlNXcC",
        "authors": "S Ye, Y Shen, SS Panwar",
        "publication": "US Patent 8,737,414, 2014",
        "year": "2014"
    },
    {
        "title": "A distributed MAC protocol for full duplex radio",
        "link": "https://scholar.google.com/citations?view_op=view_citation&hl=en&user=veyAHJgAAAAJ&citation_for_view=veyAHJgAAAAJ:NXb4pA-qfm4C",
        "citation_id": "veyAHJgAAAAJ:NXb4pA-qfm4C",
        "authors": "S Goyal, P Liu, O Gurbuz, E Erkip, S Panwar",
        "publication": "2013 Asilomar conference on signals, systems and computers, 788-792, 2013",
        "year": "2013"
    },
    {
        "title": "Analyzing a full-duplex cellular system",
        "link": "https://scholar.google.com/citations?view_op=view_citation&hl=en&user=veyAHJgAAAAJ&citation_for_view=veyAHJgAAAAJ:XoXfffV-tXoC",
        "citation_id": "veyAHJgAAAAJ:XoXfffV-tXoC",
        "authors": "S Goyal, P Liu, S Hua, S Panwar",
        "publication": "2013 47th Annual Conference on Information Sciences and Systems (CISS), 1-6, 2013",
        "year": "2013"
    },
    {
        "title": "Performance of DASH and WebRTC video services for mobile users",
        "link": "https://scholar.google.com/citations?view_op=view_citation&hl=en&user=veyAHJgAAAAJ&cstart=40&citation_for_view=veyAHJgAAAAJ:86PQX7AUzd4C",
        "citation_id": "veyAHJgAAAAJ:86PQX7AUzd4C",
        "authors": "F Fund, C Wang, Y Liu, T Korakis, M Zink, SS Panwar",
        "publication": "2013 20th International Packet Video Workshop, 1-8, 2013",
        "year": "2013"
    },
    {
        "title": "A truthful auction based incentive framework for femtocell access",
        "link": "https://scholar.google.com/citations?view_op=view_citation&hl=en&user=veyAHJgAAAAJ&cstart=60&citation_for_view=veyAHJgAAAAJ:i2xiXl-TujoC",
        "citation_id": "veyAHJgAAAAJ:i2xiXl-TujoC",
        "authors": "S Hua, X Zhuo, SS Panwar",
        "publication": "2013 IEEE Wireless Communications and Networking Conference (WCNC), 2271-2276, 2013",
        "year": "2013"
    },
    {
        "title": "Spatial multiplexing gain for a distributed cooperative communications system using randomized coding",
        "link": "https://scholar.google.com/citations?view_op=view_citation&hl=en&user=veyAHJgAAAAJ&cstart=60&citation_for_view=veyAHJgAAAAJ:q3oQSFYPqjQC",
        "citation_id": "veyAHJgAAAAJ:q3oQSFYPqjQC",
        "authors": "E Erkip, T Korakis, P Liu, SS Panwar",
        "publication": "US Patent 8,509,288, 2013",
        "year": "2013"
    },
    {
        "title": "Streamloading: Low cost high quality video streaming for mobile users",
        "link": "https://scholar.google.com/citations?view_op=view_citation&hl=en&user=veyAHJgAAAAJ&cstart=120&citation_for_view=veyAHJgAAAAJ:HbR8gkJAVGIC",
        "citation_id": "veyAHJgAAAAJ:HbR8gkJAVGIC",
        "authors": "A Rath, S Goyal, S Panwar",
        "publication": "Proceedings of the 5th Workshop on Mobile Video, 1-6, 2013",
        "year": "2013"
    },
    {
        "title": "Robust cooperative relaying in a wireless LAN: cross-layer design",
        "link": "https://scholar.google.com/citations?view_op=view_citation&hl=en&user=veyAHJgAAAAJ&cstart=160&citation_for_view=veyAHJgAAAAJ:-_dYPAW6P2MC",
        "citation_id": "veyAHJgAAAAJ:-_dYPAW6P2MC",
        "authors": "E Erkip, P Liu, C Nie, SS Panwar",
        "publication": "US Patent 8,611,271, 2013",
        "year": "2013"
    },
    {
        "title": "GENI WiMAX performance: Evaluation and comparison of two campus testbeds",
        "link": "https://scholar.google.com/citations?view_op=view_citation&hl=en&user=veyAHJgAAAAJ&cstart=180&citation_for_view=veyAHJgAAAAJ:0N-VGjzr574C",
        "citation_id": "veyAHJgAAAAJ:0N-VGjzr574C",
        "authors": "F Fund, C Wang, T Korakis, M Zink, S Panwar",
        "publication": "2013 Second GENI Research and Educational Experiment Workshop, 73-80, 2013",
        "year": "2013"
    },
    {
        "title": "Network Management and Control: Volume 2",
        "link": "https://scholar.google.com/citations?view_op=view_citation&hl=en&user=veyAHJgAAAAJ&cstart=200&citation_for_view=veyAHJgAAAAJ:nZcligLrVowC",
        "citation_id": "veyAHJgAAAAJ:nZcligLrVowC",
        "authors": "IT Frisch, M Malek, SS Panwar",
        "publication": "Springer Science & Business Media, 2013",
        "year": "2013"
    },
    {
        "title": "Video multicast through cooperative incremental parity packet transmission",
        "link": "https://scholar.google.com/citations?view_op=view_citation&hl=en&user=veyAHJgAAAAJ&cstart=220&citation_for_view=veyAHJgAAAAJ:foquWX3nUaYC",
        "citation_id": "veyAHJgAAAAJ:foquWX3nUaYC",
        "authors": "Z Guo, Y Wang, E Erkip, S Panwar",
        "publication": "Proceedings of the 5th Workshop on Mobile Video, 19-24, 2013",
        "year": "2013"
    },
    {
        "title": "Implementation of a protocol for cooperative packet recovery over hybrid networks",
        "link": "https://scholar.google.com/citations?view_op=view_citation&hl=en&user=veyAHJgAAAAJ&cstart=240&citation_for_view=veyAHJgAAAAJ:ClCfbGk0d_YC",
        "citation_id": "veyAHJgAAAAJ:ClCfbGk0d_YC",
        "authors": "F Fund, T Korakis, SS Panwar",
        "publication": "Proceedings of the 8th ACM international workshop on Wireless network \u2026, 2013",
        "year": "2013"
    },
    {
        "title": "MAC design for full-duplex relaying",
        "link": "https://scholar.google.com/citations?view_op=view_citation&hl=en&user=veyAHJgAAAAJ&cstart=260&citation_for_view=veyAHJgAAAAJ:Ri6SYOTghG4C",
        "citation_id": "veyAHJgAAAAJ:Ri6SYOTghG4C",
        "authors": "S Goyal, P Liu, \u00d6 G\u00fcrb\u00fcz, E Erkip, S Panwar",
        "publication": "IEEE (Institute of Electrical and Electronics Engineers), 2013",
        "year": "2013"
    },
    {
        "title": "Randomized Distributed Spatial Multiplexing: Adding capacity to the cell edge",
        "link": "https://scholar.google.com/citations?view_op=view_citation&hl=en&user=veyAHJgAAAAJ&cstart=300&citation_for_view=veyAHJgAAAAJ:ruyezt5ZtCIC",
        "citation_id": "veyAHJgAAAAJ:ruyezt5ZtCIC",
        "authors": "S Luo, P Liu, S Panwar",
        "publication": "2013 47th Annual Conference on Information Sciences and Systems (CISS), 1-6, 2013",
        "year": "2013"
    },
    {
        "title": "Fast handover in cellular networks with femtocells",
        "link": "https://scholar.google.com/citations?view_op=view_citation&hl=en&user=veyAHJgAAAAJ&cstart=40&citation_for_view=veyAHJgAAAAJ:tYavs44e6CUC",
        "citation_id": "veyAHJgAAAAJ:tYavs44e6CUC",
        "authors": "A Rath, S Panwar",
        "publication": "2012 IEEE international conference on communications (ICC), 2752-2757, 2012",
        "year": "2012"
    },
    {
        "title": "STiCMAC: a MAC protocol for robust space-time coding in cooperative wireless LANs",
        "link": "https://scholar.google.com/citations?view_op=view_citation&hl=en&user=veyAHJgAAAAJ&cstart=60&citation_for_view=veyAHJgAAAAJ:Tiz5es2fbqcC",
        "citation_id": "veyAHJgAAAAJ:Tiz5es2fbqcC",
        "authors": "P Liu, C Nie, T Korakis, E Erkip, SS Panwar, F Verde, A Scaglione",
        "publication": "IEEE Transactions on Wireless Communications 11 (4), 1358-1369, 2012",
        "year": "2012"
    },
    {
        "title": "The urge to merge: When cellular service providers pool capacity",
        "link": "https://scholar.google.com/citations?view_op=view_citation&hl=en&user=veyAHJgAAAAJ&cstart=80&citation_for_view=veyAHJgAAAAJ:9vf0nzSNQJEC",
        "citation_id": "veyAHJgAAAAJ:9vf0nzSNQJEC",
        "authors": "S Hua, P Liu, SS Panwar",
        "publication": "2012 IEEE International Conference on Communications (ICC), 5020-5025, 2012",
        "year": "2012"
    },
    {
        "title": "Cooperative relaying in next-generation mobile WiMAX networks",
        "link": "https://scholar.google.com/citations?view_op=view_citation&hl=en&user=veyAHJgAAAAJ&cstart=80&citation_for_view=veyAHJgAAAAJ:xtoqd-5pKcoC",
        "citation_id": "veyAHJgAAAAJ:xtoqd-5pKcoC",
        "authors": "C Nie, P Liu, T Korakis, E Erkip, SS Panwar",
        "publication": "IEEE Transactions on vehicular technology 62 (3), 1399-1405, 2012",
        "year": "2012"
    },
    {
        "title": "Peer-to-peer voice over internet protocol",
        "link": "https://scholar.google.com/citations?view_op=view_citation&hl=en&user=veyAHJgAAAAJ&cstart=100&citation_for_view=veyAHJgAAAAJ:1qzjygNMrQYC",
        "citation_id": "veyAHJgAAAAJ:1qzjygNMrQYC",
        "authors": "SH Leiden, A Rath, Y Liu, S Panwar, K Ross",
        "publication": "US Patent 8,315,521, 2012",
        "year": "2012"
    },
    {
        "title": "Cooperative MAC for rate adaptive randomized distributed space-time coding",
        "link": "https://scholar.google.com/citations?view_op=view_citation&hl=en&user=veyAHJgAAAAJ&cstart=140&citation_for_view=veyAHJgAAAAJ:t6usbXjVLHcC",
        "citation_id": "veyAHJgAAAAJ:t6usbXjVLHcC",
        "authors": "E Erkip, T Korakis, P Liu, SS Panwar, A Scaglione",
        "publication": "US Patent 8,228,836, 2012",
        "year": "2012"
    },
    {
        "title": "Method and apparatus for scalable content multicast over a hybrid network",
        "link": "https://scholar.google.com/citations?view_op=view_citation&hl=en&user=veyAHJgAAAAJ&cstart=160&citation_for_view=veyAHJgAAAAJ:_Re3VWB3Y0AC",
        "citation_id": "veyAHJgAAAAJ:_Re3VWB3Y0AC",
        "authors": "Y Guo, S Hua, H Liu, Y Liu, S Panwar",
        "publication": "US Patent App. 13/138,610, 2012",
        "year": "2012"
    },
    {
        "title": "Efficient buffering and scheduling for a single-chip crosspoint-queued switch",
        "link": "https://scholar.google.com/citations?view_op=view_citation&hl=en&user=veyAHJgAAAAJ&cstart=160&citation_for_view=veyAHJgAAAAJ:SpbeaW3--B0C",
        "citation_id": "veyAHJgAAAAJ:SpbeaW3--B0C",
        "authors": "Z Cao, SS Panwar",
        "publication": "Proceedings of the eighth ACM/IEEE symposium on Architectures for networking \u2026, 2012",
        "year": "2012"
    },
    {
        "title": "Video multicast using relay devices defined by a channel quality parameter hierarchy",
        "link": "https://scholar.google.com/citations?view_op=view_citation&hl=en&user=veyAHJgAAAAJ&cstart=180&citation_for_view=veyAHJgAAAAJ:SdhP9T11ey4C",
        "citation_id": "veyAHJgAAAAJ:SdhP9T11ey4C",
        "authors": "A Ozgu, E Erkip, T Korakis, SS Panwar, Y Wang",
        "publication": "US Patent 8,179,848, 2012",
        "year": "2012"
    },
    {
        "title": "Sender and/or helper node modifications to enable security features in cooperative wireless communications",
        "link": "https://scholar.google.com/citations?view_op=view_citation&hl=en&user=veyAHJgAAAAJ&cstart=200&citation_for_view=veyAHJgAAAAJ:J-pR_7NvFogC",
        "citation_id": "veyAHJgAAAAJ:J-pR_7NvFogC",
        "authors": "T Korakis, S Makda, SS Panwar",
        "publication": "US Patent 8,094,634, 2012",
        "year": "2012"
    },
    {
        "title": "Multimedia communications and video coding",
        "link": "https://scholar.google.com/citations?view_op=view_citation&hl=en&user=veyAHJgAAAAJ&cstart=200&citation_for_view=veyAHJgAAAAJ:kRWSkSYxWN8C",
        "citation_id": "veyAHJgAAAAJ:kRWSkSYxWN8C",
        "authors": "HL Bertoni, SP Kim, S Panwar, Y Wang",
        "publication": "Springer Science & Business Media, 2012",
        "year": "2012"
    },
    {
        "title": "Feedback assisted transmission of multiple description, forward error correction coded, streams in a peer-to-peer video system",
        "link": "https://scholar.google.com/citations?view_op=view_citation&hl=en&user=veyAHJgAAAAJ&cstart=200&citation_for_view=veyAHJgAAAAJ:LjlpjdlvIbIC",
        "citation_id": "veyAHJgAAAAJ:LjlpjdlvIbIC",
        "authors": "Z Liu, SS Panwar, KW Ross, Y Shen, Y Wang",
        "publication": "US Patent 8,290,037, 2012",
        "year": "2012"
    },
    {
        "title": "A 576 Mb DRAM with 16-channel 10.3125 Gbps Serial I/O and 14.5 ns Latency",
        "link": "https://scholar.google.com/citations?view_op=view_citation&hl=en&user=veyAHJgAAAAJ&cstart=240&citation_for_view=veyAHJgAAAAJ:VN7nJs4JPk0C",
        "citation_id": "veyAHJgAAAAJ:VN7nJs4JPk0C",
        "authors": "SD Vamvakos, B Kleveland, D Sikdar, BK Ahuja, H Lin, J Balachandran, ...",
        "publication": "2012 Proceedings of the ESSCIRC (ESSCIRC), 458-461, 2012",
        "year": "2012"
    },
    {
        "title": "Two-way wireless video communication using randomized cooperation, network coding and packet level fec",
        "link": "https://scholar.google.com/citations?view_op=view_citation&hl=en&user=veyAHJgAAAAJ&cstart=260&citation_for_view=veyAHJgAAAAJ:gsN89kCJA0AC",
        "citation_id": "veyAHJgAAAAJ:gsN89kCJA0AC",
        "authors": "X Xu, \u00d6 Alay, E Erkip, Y Wang, S Panwar",
        "publication": "2012 IEEE International Conference on Communications (ICC), 7066-7070, 2012",
        "year": "2012"
    },
    {
        "title": "A framework for multidimensional measurements on an experimental wimax testbed",
        "link": "https://scholar.google.com/citations?view_op=view_citation&hl=en&user=veyAHJgAAAAJ&cstart=280&citation_for_view=veyAHJgAAAAJ:Dip1O2bNi0gC",
        "citation_id": "veyAHJgAAAAJ:Dip1O2bNi0gC",
        "authors": "F Fund, C Dong, T Korakis, S Panwar",
        "publication": "Testbeds and Research Infrastructure. Development of Networks and \u2026, 2012",
        "year": "2012"
    },
    {
        "title": "Saturated delayed controls for nonlinear multiple integrators",
        "link": "https://scholar.google.com/citations?view_op=view_citation&hl=en&user=veyAHJgAAAAJ&cstart=300&citation_for_view=veyAHJgAAAAJ:k8Z6L05lTy4C",
        "citation_id": "veyAHJgAAAAJ:k8Z6L05lTy4C",
        "authors": "H Ye, ZP Jiang, S Panwar, W Gui",
        "publication": "2012 24th Chinese Control and Decision Conference (CCDC), 2105-2110, 2012",
        "year": "2012"
    }
]