[
    {
        "title": "Rate-Splitting Multiple Access: The First Prototype and Experimental Validation of its Superiority over SDMA and NOMA",
        "link": "https://scholar.google.com/citations?view_op=view_citation&hl=en&user=QhklKroAAAAJ&citation_for_view=QhklKroAAAAJ:7PzlFSSx8tAC",
        "citation_id": "QhklKroAAAAJ:7PzlFSSx8tAC",
        "authors": "X Lyu, S Aditya, J Kim, B Clerckx",
        "publication": "IEEE Transactions on Wireless Communications, 2024",
        "year": "2024"
    },
    {
        "title": "Rate-Splitting Multiple Access for Overloaded Multi-group Multicast: A First Experimental Study",
        "link": "https://scholar.google.com/citations?view_op=view_citation&hl=en&user=QhklKroAAAAJ&citation_for_view=QhklKroAAAAJ:qUcmZB5y_30C",
        "citation_id": "QhklKroAAAAJ:qUcmZB5y_30C",
        "authors": "X Lyu, S Aditya, B Clerckx",
        "publication": "arXiv preprint arXiv:2406.15217, 2024",
        "year": "2024"
    },
    {
        "title": "Rate-Splitting Multiple Access for Non-Orthogonal Unicast Multicast: An Experimental Study",
        "link": "https://scholar.google.com/citations?view_op=view_citation&hl=en&user=QhklKroAAAAJ&citation_for_view=QhklKroAAAAJ:L8Ckcad2t8MC",
        "citation_id": "QhklKroAAAAJ:L8Ckcad2t8MC",
        "authors": "X Lyu, S Aditya, B Clerckx",
        "publication": "arXiv preprint arXiv:2404.08516, 2024",
        "year": "2024"
    },
    {
        "title": "Joint transmit and receive beamforming design in full-duplex integrated sensing and communications",
        "link": "https://scholar.google.com/citations?view_op=view_citation&hl=en&user=QhklKroAAAAJ&citation_for_view=QhklKroAAAAJ:Zph67rFs4hoC",
        "citation_id": "QhklKroAAAAJ:Zph67rFs4hoC",
        "authors": "Z Liu, S Aditya, H Li, B Clerckx",
        "publication": "IEEE Journal on Selected Areas in Communications 41 (9), 2907-2919, 2023",
        "year": "2023"
    },
    {
        "title": "Input distribution optimization in OFDM dual-function radar-communication systems",
        "link": "https://scholar.google.com/citations?view_op=view_citation&hl=en&user=QhklKroAAAAJ&citation_for_view=QhklKroAAAAJ:ULOm3_A8WrAC",
        "citation_id": "QhklKroAAAAJ:ULOm3_A8WrAC",
        "authors": "Y Zhang, S Aditya, B Clerckx",
        "publication": "arXiv preprint arXiv:2305.06635, 2023",
        "year": "2023"
    },
    {
        "title": "Multi-functional OFDM signal design for integrated sensing, communications, and power transfer",
        "link": "https://scholar.google.com/citations?view_op=view_citation&hl=en&user=QhklKroAAAAJ&citation_for_view=QhklKroAAAAJ:mVmsd5A6BfQC",
        "citation_id": "QhklKroAAAAJ:mVmsd5A6BfQC",
        "authors": "Y Zhang, S Aditya, B Clerckx",
        "publication": "arXiv preprint arXiv:2311.00104, 2023",
        "year": "2023"
    },
    {
        "title": "2023 Index IEEE Journal on Selected Areas in Communications Vol. 41",
        "link": "https://scholar.google.com/citations?view_op=view_citation&hl=en&user=QhklKroAAAAJ&citation_for_view=QhklKroAAAAJ:9ZlFYXVOiuMC",
        "citation_id": "QhklKroAAAAJ:9ZlFYXVOiuMC",
        "authors": "S AbdulRahman, S Aditya, IE Aguerri, AA Ahmad, B Ai, M Akrout",
        "publication": "IEEE Journal on Selected Areas in Communications 41 (12), 2023",
        "year": "2023"
    },
    {
        "title": "Rate Splitting Multiple Access: Prototypes, Experiments and Standardization Efforts",
        "link": "https://scholar.google.com/citations?view_op=view_citation&hl=en&user=QhklKroAAAAJ&citation_for_view=QhklKroAAAAJ:dhFuZR0502QC",
        "citation_id": "QhklKroAAAAJ:dhFuZR0502QC",
        "authors": "S Aditya, O Dizdar, D Vargas, B Clerckx, S Wang, X Lyu, S Zhang",
        "publication": "2023 IEEE Conference on Standards for Communications and Networking (CSCN \u2026, 2023",
        "year": "2023"
    },
    {
        "title": "Sensing using coded communications signals",
        "link": "https://scholar.google.com/citations?view_op=view_citation&hl=en&user=QhklKroAAAAJ&citation_for_view=QhklKroAAAAJ:KlAtU1dfN6UC",
        "citation_id": "QhklKroAAAAJ:KlAtU1dfN6UC",
        "authors": "S Aditya, O Dizdar, B Clerckx, X Li",
        "publication": "IEEE Open Journal of the Communications Society 4, 134-152, 2022",
        "year": "2022"
    },
    {
        "title": "Power-efficient beam tracking during connected mode DRX in mmWave and sub-THz systems",
        "link": "https://scholar.google.com/citations?view_op=view_citation&hl=en&user=QhklKroAAAAJ&citation_for_view=QhklKroAAAAJ:kNdYIx-mwKoC",
        "citation_id": "QhklKroAAAAJ:kNdYIx-mwKoC",
        "authors": "SHA Shah, S Aditya, S Rangan",
        "publication": "IEEE Journal on Selected Areas in Communications 39 (6), 1711-1724, 2021",
        "year": "2021"
    },
    {
        "title": "2021 Index IEEE Journal on Selected Areas in Communications Vol. 39",
        "link": "https://scholar.google.com/citations?view_op=view_citation&hl=en&user=QhklKroAAAAJ&cstart=20&citation_for_view=QhklKroAAAAJ:4TOpqqG69KYC",
        "citation_id": "QhklKroAAAAJ:4TOpqqG69KYC",
        "authors": "S Abadal, S Abbasloo, MA Abd-Elmagid, A Abdi, AT Abebe, MR Abedi, ...",
        "publication": "IEEE Journal on Selected Areas in Communications 39 (12), 2021",
        "year": "2021"
    },
    {
        "title": "Localizing targets in a distributed radar environment based on correlated blocking likelihood",
        "link": "https://scholar.google.com/citations?view_op=view_citation&hl=en&user=QhklKroAAAAJ&cstart=20&citation_for_view=QhklKroAAAAJ:MXK_kJrjxJIC",
        "citation_id": "QhklKroAAAAJ:MXK_kJrjxJIC",
        "authors": "HM Behairy, S Aditya, AF Molisch",
        "publication": "US Patent App. 16/163,933, 2020",
        "year": "2020"
    },
    {
        "title": "Power efficient discontinuous reception in THz and mmWave wireless systems",
        "link": "https://scholar.google.com/citations?view_op=view_citation&hl=en&user=QhklKroAAAAJ&citation_for_view=QhklKroAAAAJ:0EnyYjriUFMC",
        "citation_id": "QhklKroAAAAJ:0EnyYjriUFMC",
        "authors": "SHA Shah, S Aditya, S Dutta, C Slezak, S Rangan",
        "publication": "2019 IEEE 20th International Workshop on Signal Processing Advances in \u2026, 2019",
        "year": "2019"
    },
    {
        "title": "Power Efficient Discontinuous Reception in THz and mmWave Wireless Systems",
        "link": "https://scholar.google.com/citations?view_op=view_citation&hl=en&user=QhklKroAAAAJ&citation_for_view=QhklKroAAAAJ:IWHjjKOFINEC",
        "citation_id": "QhklKroAAAAJ:IWHjjKOFINEC",
        "authors": "SH Ali Shah, S Aditya, S Dutta, C Slezak, S Rangan",
        "publication": "IEEE SPAWC, 2019",
        "year": "2019"
    },
    {
        "title": "2019 Index IEEE Transactions on Wireless Communications Vol. 18",
        "link": "https://scholar.google.com/citations?view_op=view_citation&hl=en&user=QhklKroAAAAJ&cstart=20&citation_for_view=QhklKroAAAAJ:3fE2CSJIrl8C",
        "citation_id": "QhklKroAAAAJ:3fE2CSJIrl8C",
        "authors": "AM Abdelhady, Z Abu-Shaban, S Aditya, RS Adve, M Ahmadian-Attari, ...",
        "publication": "IEEE Transactions on Wireless Communications 18 (12), 2019",
        "year": "2019"
    },
    {
        "title": "Remote localization and radio-frequency identification using a combination of structural and antenna modes scattering responses",
        "link": "https://scholar.google.com/citations?view_op=view_citation&hl=en&user=QhklKroAAAAJ&cstart=20&citation_for_view=QhklKroAAAAJ:hqOjcs7Dif8C",
        "citation_id": "QhklKroAAAAJ:hqOjcs7Dif8C",
        "authors": "S Aditya, HM Behairy, AF Molisch",
        "publication": "US Patent 10,261,168, 2019",
        "year": "2019"
    },
    {
        "title": "2019 Index IEEE Transactions on Nanotechnology Vol. 18",
        "link": "https://scholar.google.com/citations?view_op=view_citation&hl=en&user=QhklKroAAAAJ&cstart=20&citation_for_view=QhklKroAAAAJ:_kc_bZDykSQC",
        "citation_id": "QhklKroAAAAJ:_kc_bZDykSQC",
        "authors": "S Abadal, S Aditya, HK Ahn, AM Al-Amri, M Alam, E Alarcon, Z Ali, ...",
        "publication": "IEEE Transactions on Nanotechnology 18, 2019",
        "year": "2019"
    },
    {
        "title": "A survey on the impact of multipath on wideband time-of-arrival based localization",
        "link": "https://scholar.google.com/citations?view_op=view_citation&hl=en&user=QhklKroAAAAJ&citation_for_view=QhklKroAAAAJ:Y0pCki6q_DkC",
        "citation_id": "QhklKroAAAAJ:Y0pCki6q_DkC",
        "authors": "S Aditya, AF Molisch, HM Behairy",
        "publication": "Proceedings of the IEEE 106 (7), 1183-1203, 2018",
        "year": "2018"
    },
    {
        "title": "A tractable analysis of the blind spot probability in localization networks under correlated blocking",
        "link": "https://scholar.google.com/citations?view_op=view_citation&hl=en&user=QhklKroAAAAJ&citation_for_view=QhklKroAAAAJ:IjCSPb-OGe4C",
        "citation_id": "QhklKroAAAAJ:IjCSPb-OGe4C",
        "authors": "S Aditya, HS Dhillon, AF Molisch, HM Behairy",
        "publication": "IEEE Transactions on Wireless Communications 17 (12), 8150-8164, 2018",
        "year": "2018"
    },
    {
        "title": "Characterizing the impact of SNR heterogeneity on time-of-arrival-based localization outage probability",
        "link": "https://scholar.google.com/citations?view_op=view_citation&hl=en&user=QhklKroAAAAJ&citation_for_view=QhklKroAAAAJ:Tyk-4Ss8FVUC",
        "citation_id": "QhklKroAAAAJ:Tyk-4Ss8FVUC",
        "authors": "S Aditya, HS Dhillon, AF Molisch, RM Buehrer, HM Behairy",
        "publication": "IEEE Transactions on Wireless Communications 18 (1), 637-649, 2018",
        "year": "2018"
    },
    {
        "title": "An Experimental Investigation of the Bayesian Passive Multi-Target Localization Algorithm",
        "link": "https://scholar.google.com/citations?view_op=view_citation&hl=en&user=QhklKroAAAAJ&cstart=20&citation_for_view=QhklKroAAAAJ:W7OEmFMy1HYC",
        "citation_id": "QhklKroAAAAJ:W7OEmFMy1HYC",
        "authors": "RS Patil, S Aditya, AF Molisch, H Behairy",
        "publication": "2018 IEEE International Conference on Communications Workshops (ICC \u2026, 2018",
        "year": "2018"
    },
    {
        "title": "Towards an Understanding of the Impact of Dependent Blocking on Localization Performance",
        "link": "https://scholar.google.com/citations?view_op=view_citation&hl=en&user=QhklKroAAAAJ&cstart=20&citation_for_view=QhklKroAAAAJ:WF5omc3nYNoC",
        "citation_id": "QhklKroAAAAJ:WF5omc3nYNoC",
        "authors": "S Aditya",
        "publication": "University of Southern California, 2018",
        "year": "2018"
    },
    {
        "title": "Asymptotic blind-spot analysis of localization networks under correlated blocking using a Poisson line process",
        "link": "https://scholar.google.com/citations?view_op=view_citation&hl=en&user=QhklKroAAAAJ&citation_for_view=QhklKroAAAAJ:qjMakFHDy7sC",
        "citation_id": "QhklKroAAAAJ:qjMakFHDy7sC",
        "authors": "S Aditya, HS Dhillon, AF Molisch, H Behairy",
        "publication": "IEEE Wireless Communications Letters 6 (5), 654-657, 2017",
        "year": "2017"
    },
    {
        "title": "Localization of multiple targets with identical radar signatures in multipath environments with correlated blocking",
        "link": "https://scholar.google.com/citations?view_op=view_citation&hl=en&user=QhklKroAAAAJ&citation_for_view=QhklKroAAAAJ:UeHWp8X0CEIC",
        "citation_id": "QhklKroAAAAJ:UeHWp8X0CEIC",
        "authors": "S Aditya, AF Molisch, N Rabeah, HM Behairy",
        "publication": "IEEE Transactions on Wireless Communications 17 (1), 606-618, 2017",
        "year": "2017"
    },
    {
        "title": "Blind-spot analysis of localization networks using second-order blocking statistics",
        "link": "https://scholar.google.com/citations?view_op=view_citation&hl=en&user=QhklKroAAAAJ&citation_for_view=QhklKroAAAAJ:2osOgNQ5qMEC",
        "citation_id": "QhklKroAAAAJ:2osOgNQ5qMEC",
        "authors": "S Aditya, AF Molisch, HS Dhillon, H Behairy, N Rabeah",
        "publication": "2016 IEEE International Conference on Ubiquitous Wireless Broadband (ICUWB), 1-5, 2016",
        "year": "2016"
    },
    {
        "title": "A measurement-based blocking distribution for improving localization in warehouse environments",
        "link": "https://scholar.google.com/citations?view_op=view_citation&hl=en&user=QhklKroAAAAJ&citation_for_view=QhklKroAAAAJ:9yKSN-GCB0IC",
        "citation_id": "QhklKroAAAAJ:9yKSN-GCB0IC",
        "authors": "N Rabeah, S Aditya, F Alawwad, AF Molisch, H Behairy",
        "publication": "2016 International Conference on Electromagnetics in Advanced Applications \u2026, 2016",
        "year": "2016"
    },
    {
        "title": "Bayesian multi-target localization using blocking statistics in multipath environments",
        "link": "https://scholar.google.com/citations?view_op=view_citation&hl=en&user=QhklKroAAAAJ&citation_for_view=QhklKroAAAAJ:u5HHmVD_uO8C",
        "citation_id": "QhklKroAAAAJ:u5HHmVD_uO8C",
        "authors": "S Aditya, AF Molisch, H Behairy",
        "publication": "2015 IEEE International Conference on Communication Workshop (ICCW), 748-753, 2015",
        "year": "2015"
    },
    {
        "title": "Multicast routing with mutual information accumulation",
        "link": "https://scholar.google.com/citations?view_op=view_citation&hl=en&user=QhklKroAAAAJ&cstart=20&citation_for_view=QhklKroAAAAJ:d1gkVwhDpl0C",
        "citation_id": "QhklKroAAAAJ:d1gkVwhDpl0C",
        "authors": "S Aditya, AF Molisch",
        "publication": "2014 IEEE/CIC International Conference on Communications in China (ICCC \u2026, 2014",
        "year": "2014"
    }
]