[
    {
        "title": "Towards 6G MIMO: Massive spatial multiplexing, dense arrays, and interplay between electromagnetics and processing",
        "link": "https://scholar.google.com/citations?view_op=view_citation&hl=en&user=tBLWIBoAAAAJ&cstart=120&citation_for_view=tBLWIBoAAAAJ:4vMrXwiscB8C",
        "citation_id": "tBLWIBoAAAAJ:4vMrXwiscB8C",
        "authors": "E Bj\u00f6rnson, CB Chae, RW Heath Jr, TL Marzetta, A Mezghani, ...",
        "publication": "arXiv preprint arXiv:2401.02844, 2024",
        "year": "2024"
    },
    {
        "title": "Shannon theory for wireless communication in a resonant chamber",
        "link": "https://scholar.google.com/citations?view_op=view_citation&hl=en&user=tBLWIBoAAAAJ&cstart=180&citation_for_view=tBLWIBoAAAAJ:HIFyuExEbWQC",
        "citation_id": "tBLWIBoAAAAJ:HIFyuExEbWQC",
        "authors": "A Singh, TL Marzetta",
        "publication": "IEEE Journal on Selected Areas in Communications, 2024",
        "year": "2024"
    },
    {
        "title": "Wide-aperture MIMO via reflection off a smooth surface",
        "link": "https://scholar.google.com/citations?view_op=view_citation&hl=en&user=tBLWIBoAAAAJ&cstart=120&citation_for_view=tBLWIBoAAAAJ:IRz6iEL74y4C",
        "citation_id": "tBLWIBoAAAAJ:IRz6iEL74y4C",
        "authors": "A Pizzo, A Lozano, S Rangan, TL Marzetta",
        "publication": "IEEE Transactions on Wireless Communications 22 (8), 5229-5239, 2023",
        "year": "2023"
    },
    {
        "title": "Fourier plane-wave series expansion for holographic MIMO communications",
        "link": "https://scholar.google.com/citations?view_op=view_citation&hl=en&user=tBLWIBoAAAAJ&cstart=40&citation_for_view=tBLWIBoAAAAJ:XvxMoLDsR5gC",
        "citation_id": "tBLWIBoAAAAJ:XvxMoLDsR5gC",
        "authors": "A Pizzo, L Sanguinetti, TL Marzetta",
        "publication": "IEEE Transactions on Wireless Communications 21 (9), 6890-6905, 2022",
        "year": "2022"
    },
    {
        "title": "Spatial characterization of electromagnetic random channels",
        "link": "https://scholar.google.com/citations?view_op=view_citation&hl=en&user=tBLWIBoAAAAJ&cstart=60&citation_for_view=tBLWIBoAAAAJ:LO7wyVUgiFcC",
        "citation_id": "tBLWIBoAAAAJ:LO7wyVUgiFcC",
        "authors": "A Pizzo, L Sanguinetti, TL Marzetta",
        "publication": "IEEE Open Journal of the Communications Society 3, 847-866, 2022",
        "year": "2022"
    },
    {
        "title": "Nyquist sampling and degrees of freedom of electromagnetic fields",
        "link": "https://scholar.google.com/citations?view_op=view_citation&hl=en&user=tBLWIBoAAAAJ&cstart=60&citation_for_view=tBLWIBoAAAAJ:HtEfBTGE9r8C",
        "citation_id": "tBLWIBoAAAAJ:HtEfBTGE9r8C",
        "authors": "A Pizzo, A de Jesus Torres, L Sanguinetti, TL Marzetta",
        "publication": "IEEE Transactions on Signal Processing 70, 3935-3947, 2022",
        "year": "2022"
    },
    {
        "title": "Coupling matrix-based beamforming for superdirective antenna arrays",
        "link": "https://scholar.google.com/citations?view_op=view_citation&hl=en&user=tBLWIBoAAAAJ&cstart=100&citation_for_view=tBLWIBoAAAAJ:6ZxmRoH8BuwC",
        "citation_id": "tBLWIBoAAAAJ:6ZxmRoH8BuwC",
        "authors": "L Han, H Yin, TL Marzetta",
        "publication": "ICC 2022-IEEE International Conference on Communications, 5159-5164, 2022",
        "year": "2022"
    },
    {
        "title": "Line-of-sight MIMO via reflection from a smooth surface",
        "link": "https://scholar.google.com/citations?view_op=view_citation&hl=en&user=tBLWIBoAAAAJ&cstart=160&citation_for_view=tBLWIBoAAAAJ:_5tno0g5mFcC",
        "citation_id": "tBLWIBoAAAAJ:_5tno0g5mFcC",
        "authors": "A Pizzo, A Lozano, S Rangan, T Marzetta",
        "publication": "2022 IEEE 95th Vehicular Technology Conference:(VTC2022-Spring), 1-5, 2022",
        "year": "2022"
    },
    {
        "title": "Rayleigh-Jeans-Clarke model for wireless noise in a resonant cavity: Scalar case",
        "link": "https://scholar.google.com/citations?view_op=view_citation&hl=en&user=tBLWIBoAAAAJ&cstart=180&citation_for_view=tBLWIBoAAAAJ:OTTXONDVkokC",
        "citation_id": "tBLWIBoAAAAJ:OTTXONDVkokC",
        "authors": "TL Marzetta, TB Hansen",
        "publication": "GLOBECOM 2022-2022 IEEE Global Communications Conference, 4776-4781, 2022",
        "year": "2022"
    },
    {
        "title": "Thermal conduction as a wireless communication channel",
        "link": "https://scholar.google.com/citations?view_op=view_citation&hl=en&user=tBLWIBoAAAAJ&cstart=180&citation_for_view=tBLWIBoAAAAJ:mlAyqtXpCwEC",
        "citation_id": "tBLWIBoAAAAJ:mlAyqtXpCwEC",
        "authors": "RG Gebremedhin, TL Marzetta",
        "publication": "GLOBECOM 2022-2022 IEEE Global Communications Conference, 1085-1090, 2022",
        "year": "2022"
    },
    {
        "title": "Editorial Issue on \u201cInformation Theoretic Foundations of Future Communication Systems\u201d",
        "link": "https://scholar.google.com/citations?view_op=view_citation&hl=en&user=tBLWIBoAAAAJ&cstart=200&citation_for_view=tBLWIBoAAAAJ:sNmaIFBj_lkC",
        "citation_id": "tBLWIBoAAAAJ:sNmaIFBj_lkC",
        "authors": "E Erkip, G Durisi, RW Heath, TL Marzetta, P Popovski, M Tao, S Ulukus",
        "publication": "IEEE Journal on Selected Areas in Information Theory 3 (1), 2-4, 2022",
        "year": "2022"
    },
    {
        "title": "Line-of-sight MIMO via reflection from a smooth surface",
        "link": "https://scholar.google.com/citations?view_op=view_citation&hl=en&user=tBLWIBoAAAAJ&cstart=200&citation_for_view=tBLWIBoAAAAJ:QYdC8u9Cj1oC",
        "citation_id": "tBLWIBoAAAAJ:QYdC8u9Cj1oC",
        "authors": "A Lozano Solsona, A Pizzo, S Rangan, T Marzetta",
        "publication": "2022 IEEE 95th Vehicular Technology Conference (VTC2022-Spring): proceedings \u2026, 2022",
        "year": "2022"
    },
    {
        "title": "How does cell-free massive MIMO support multiple federated learning groups?",
        "link": "https://scholar.google.com/citations?view_op=view_citation&hl=en&user=tBLWIBoAAAAJ&cstart=120&citation_for_view=tBLWIBoAAAAJ:NXb4pA-qfm4C",
        "citation_id": "tBLWIBoAAAAJ:NXb4pA-qfm4C",
        "authors": "TT Vu, HQ Ngo, TL Marzetta, M Matthaiou",
        "publication": "2021 IEEE 22nd International Workshop on Signal Processing Advances in \u2026, 2021",
        "year": "2021"
    },
    {
        "title": "Multiuser MIMO with large intelligent surfaces: Communication model and transmit design",
        "link": "https://scholar.google.com/citations?view_op=view_citation&hl=en&user=tBLWIBoAAAAJ&cstart=120&citation_for_view=tBLWIBoAAAAJ:kh2fBNsKQNwC",
        "citation_id": "tBLWIBoAAAAJ:kh2fBNsKQNwC",
        "authors": "RJ Williams, P Ram\u00edrez-Espinosa, E De Carvalho, TL Marzetta",
        "publication": "ICC 2021-IEEE International Conference on Communications, 1-6, 2021",
        "year": "2021"
    },
    {
        "title": "Frequency-multiplexed array digitization for MIMO receivers: 4-Antennas/ADC at 28 GHz on xilinx ZCU-1285 RF SoC",
        "link": "https://scholar.google.com/citations?view_op=view_citation&hl=en&user=tBLWIBoAAAAJ&cstart=140&citation_for_view=tBLWIBoAAAAJ:a9-T7VOCCH8C",
        "citation_id": "tBLWIBoAAAAJ:a9-T7VOCCH8C",
        "authors": "N Akram, A Madanayake, S Pulipati, V Ariyarathna, SB Venkatakrishnan, ...",
        "publication": "IEEE Access 9, 142743-142753, 2021",
        "year": "2021"
    },
    {
        "title": "Holographic MIMO communications",
        "link": "https://scholar.google.com/citations?view_op=view_citation&hl=en&user=tBLWIBoAAAAJ&cstart=160&citation_for_view=tBLWIBoAAAAJ:0izLItjtcgwC",
        "citation_id": "tBLWIBoAAAAJ:0izLItjtcgwC",
        "authors": "A Pizzo, L Sanguinetti, TL Marzetta",
        "publication": "arXiv preprint arXiv:2105.01535, 2021",
        "year": "2021"
    },
    {
        "title": "Massive-MIMO and digital mm-wave arrays on RF-SoCs using FDM for M-fold increase in antennas per ADC/DAC",
        "link": "https://scholar.google.com/citations?view_op=view_citation&hl=en&user=tBLWIBoAAAAJ&cstart=160&citation_for_view=tBLWIBoAAAAJ:8d8msizDQcsC",
        "citation_id": "tBLWIBoAAAAJ:8d8msizDQcsC",
        "authors": "N Akram, A Madanayake, SB Venkatakrishnan, JL Volakis, D Psychogiou, ...",
        "publication": "2021 IEEE Space Hardware and Radio Conference (SHaRC), 25-27, 2021",
        "year": "2021"
    },
    {
        "title": "Multi-point coordination in massive MIMO systems with sectorized antennas",
        "link": "https://scholar.google.com/citations?view_op=view_citation&hl=en&user=tBLWIBoAAAAJ&cstart=160&citation_for_view=tBLWIBoAAAAJ:anf4URPfarAC",
        "citation_id": "tBLWIBoAAAAJ:anf4URPfarAC",
        "authors": "S Shahsavari, M Nosrati, P Hassanzadeh, A Ashikhmin, TL Marzetta, ...",
        "publication": "IEEE Transactions on Communications 69 (11), 7559-7575, 2021",
        "year": "2021"
    },
    {
        "title": "Spatially-stationary model for holographic MIMO small-scale fading",
        "link": "https://scholar.google.com/citations?view_op=view_citation&hl=en&user=tBLWIBoAAAAJ&cstart=20&citation_for_view=tBLWIBoAAAAJ:0N-VGjzr574C",
        "citation_id": "tBLWIBoAAAAJ:0N-VGjzr574C",
        "authors": "A Pizzo, TL Marzetta, L Sanguinetti",
        "publication": "IEEE Journal on Selected Areas in Communications 38 (9), 1964-1979, 2020",
        "year": "2020"
    },
    {
        "title": "Degrees of freedom of holographic MIMO channels",
        "link": "https://scholar.google.com/citations?view_op=view_citation&hl=en&user=tBLWIBoAAAAJ&cstart=60&citation_for_view=tBLWIBoAAAAJ:XoXfffV-tXoC",
        "citation_id": "tBLWIBoAAAAJ:XoXfffV-tXoC",
        "authors": "A Pizzo, TL Marzetta, L Sanguinetti",
        "publication": "2020 IEEE 21st International Workshop on Signal Processing Advances in \u2026, 2020",
        "year": "2020"
    },
    {
        "title": "A communication model for large intelligent surfaces",
        "link": "https://scholar.google.com/citations?view_op=view_citation&hl=en&user=tBLWIBoAAAAJ&cstart=60&citation_for_view=tBLWIBoAAAAJ:Ug5p-4gJ2f0C",
        "citation_id": "tBLWIBoAAAAJ:Ug5p-4gJ2f0C",
        "authors": "RJ Williams, E De Carvalho, TL Marzetta",
        "publication": "2020 IEEE International Conference on Communications Workshops (ICC \u2026, 2020",
        "year": "2020"
    },
    {
        "title": "Holographic MIMO communications under spatially-stationary scattering",
        "link": "https://scholar.google.com/citations?view_op=view_citation&hl=en&user=tBLWIBoAAAAJ&cstart=80&citation_for_view=tBLWIBoAAAAJ:FAceZFleit8C",
        "citation_id": "tBLWIBoAAAAJ:FAceZFleit8C",
        "authors": "A Pizzo, T Marzetta, L Sanguinetti",
        "publication": "2020 54th Asilomar Conference on Signals, Systems, and Computers, 702-706, 2020",
        "year": "2020"
    },
    {
        "title": "Massive MIMO and beyond",
        "link": "https://scholar.google.com/citations?view_op=view_citation&hl=en&user=tBLWIBoAAAAJ&cstart=100&citation_for_view=tBLWIBoAAAAJ:tYavs44e6CUC",
        "citation_id": "tBLWIBoAAAAJ:tYavs44e6CUC",
        "authors": "TL Marzetta, EG Larsson, TB Hansen",
        "publication": "Information Theoretic Perspectives on 5G Systems and Beyond, 2020",
        "year": "2020"
    },
    {
        "title": "Spatial characterization of holographic MIMO channels",
        "link": "https://scholar.google.com/citations?view_op=view_citation&hl=en&user=tBLWIBoAAAAJ&cstart=120&citation_for_view=tBLWIBoAAAAJ:ruyezt5ZtCIC",
        "citation_id": "tBLWIBoAAAAJ:ruyezt5ZtCIC",
        "authors": "A Pizzo, TL Marzetta, L Sanguinetti",
        "publication": "IEEE J. Sel. Areas Commun 38 (9), 1964-1979, 2020",
        "year": "2020"
    },
    {
        "title": "Load-aware energy efficient adaptive large scale antenna system",
        "link": "https://scholar.google.com/citations?view_op=view_citation&hl=en&user=tBLWIBoAAAAJ&cstart=140&citation_for_view=tBLWIBoAAAAJ:PVjk1bu6vJQC",
        "citation_id": "tBLWIBoAAAAJ:PVjk1bu6vJQC",
        "authors": "W Pramudito, E Alsusa, A Al-Dweik, KA Hamdi, DKC So, TL Marzetta",
        "publication": "IEEE Access 8, 82592-82606, 2020",
        "year": "2020"
    },
    {
        "title": "Correction to\" Cell-Free Massive MIMO Versus Small Cells\".",
        "link": "https://scholar.google.com/citations?view_op=view_citation&hl=en&user=tBLWIBoAAAAJ&cstart=140&citation_for_view=tBLWIBoAAAAJ:ClCfbGk0d_YC",
        "citation_id": "tBLWIBoAAAAJ:ClCfbGk0d_YC",
        "authors": "HQ Ngo, A Ashikhmin, H Yang, EG Larsson, TL Marzetta",
        "publication": "IEEE Trans. Wirel. Commun. 19 (5), 3623-3624, 2020",
        "year": "2020"
    },
    {
        "title": "Guest editorial special issue on \u201cwireless networks empowered by reconfigurable intelligent surfaces\u201d",
        "link": "https://scholar.google.com/citations?view_op=view_citation&hl=en&user=tBLWIBoAAAAJ&cstart=180&citation_for_view=tBLWIBoAAAAJ:Ri6SYOTghG4C",
        "citation_id": "tBLWIBoAAAAJ:Ri6SYOTghG4C",
        "authors": "M Di Renzo, M Debbah, MS Alouini, C Yuen, T Marzetta, A Zappone",
        "publication": "IEEE Journal on Selected Areas in Communications 38 (11), 2445-2449, 2020",
        "year": "2020"
    },
    {
        "title": "Cell-Free Massive MIMO Versus Small Cells (vol 16, pg 1834, 2017)",
        "link": "https://scholar.google.com/citations?view_op=view_citation&hl=en&user=tBLWIBoAAAAJ&cstart=200&citation_for_view=tBLWIBoAAAAJ:rmuvC79q63oC",
        "citation_id": "tBLWIBoAAAAJ:rmuvC79q63oC",
        "authors": "HQ Ngo, A Ashikhmin, H Yang, EG Larsson, TL Marzetta",
        "publication": "IEEE TRANSACTIONS ON WIRELESS COMMUNICATIONS 19 (5), 3623-3624, 2020",
        "year": "2020"
    },
    {
        "title": "Massive MIMO is a reality\u2014What is next?: Five promising research directions for antenna arrays",
        "link": "https://scholar.google.com/citations?view_op=view_citation&hl=en&user=tBLWIBoAAAAJ&citation_for_view=tBLWIBoAAAAJ:HbR8gkJAVGIC",
        "citation_id": "tBLWIBoAAAAJ:HbR8gkJAVGIC",
        "authors": "E Bj\u00f6rnson, L Sanguinetti, H Wymeersch, J Hoydis, TL Marzetta",
        "publication": "Digital Signal Processing 94, 3-20, 2019",
        "year": "2019"
    },
    {
        "title": "Super-directive antenna arrays: Fundamentals and new perspectives",
        "link": "https://scholar.google.com/citations?view_op=view_citation&hl=en&user=tBLWIBoAAAAJ&cstart=80&citation_for_view=tBLWIBoAAAAJ:5qfkUJPXOUwC",
        "citation_id": "tBLWIBoAAAAJ:5qfkUJPXOUwC",
        "authors": "TL Marzetta",
        "publication": "2019 53rd Asilomar Conference on Signals, Systems, and Computers, 1-4, 2019",
        "year": "2019"
    },
    {
        "title": "Book review: Wave theory of information",
        "link": "https://scholar.google.com/citations?view_op=view_citation&hl=en&user=tBLWIBoAAAAJ&cstart=200&citation_for_view=tBLWIBoAAAAJ:q3CdL3IzO_QC",
        "citation_id": "tBLWIBoAAAAJ:q3CdL3IzO_QC",
        "authors": "TL Marzetta",
        "publication": "IEEE Inf. Theory Soc. Newsletter 69 (1), 5-6, 2019",
        "year": "2019"
    },
    {
        "title": "Active user selection in massive MIMO",
        "link": "https://scholar.google.com/citations?view_op=view_citation&hl=en&user=tBLWIBoAAAAJ&cstart=220&citation_for_view=tBLWIBoAAAAJ:yB1At4FlUx8C",
        "citation_id": "tBLWIBoAAAAJ:yB1At4FlUx8C",
        "authors": "H Yang, TL Marzetta",
        "publication": "US Patent 10,251,139, 2019",
        "year": "2019"
    },
    {
        "title": "System and method of wireless communication using large-scale antenna networks",
        "link": "https://scholar.google.com/citations?view_op=view_citation&hl=en&user=tBLWIBoAAAAJ&cstart=20&citation_for_view=tBLWIBoAAAAJ:u-x6o8ySG0sC",
        "citation_id": "tBLWIBoAAAAJ:u-x6o8ySG0sC",
        "authors": "TL Marzetta, A Ashikhmin, PA Polakos",
        "publication": "US Patent 9,893,773, 2018",
        "year": "2018"
    },
    {
        "title": "Energy efficiency of massive MIMO: Cell-free vs. cellular",
        "link": "https://scholar.google.com/citations?view_op=view_citation&hl=en&user=tBLWIBoAAAAJ&cstart=40&citation_for_view=tBLWIBoAAAAJ:Y5dfb0dijaUC",
        "citation_id": "tBLWIBoAAAAJ:Y5dfb0dijaUC",
        "authors": "H Yang, TL Marzetta",
        "publication": "2018 IEEE 87th vehicular technology conference (VTC Spring), 1-5, 2018",
        "year": "2018"
    },
    {
        "title": "Interference reduction in multi-cell massive MIMO systems with large-scale fading precoding",
        "link": "https://scholar.google.com/citations?view_op=view_citation&hl=en&user=tBLWIBoAAAAJ&cstart=40&citation_for_view=tBLWIBoAAAAJ:roLk4NBRz8UC",
        "citation_id": "tBLWIBoAAAAJ:roLk4NBRz8UC",
        "authors": "A Ashikhmin, L Li, TL Marzetta",
        "publication": "IEEE Transactions on Information Theory 64 (9), 6340-6361, 2018",
        "year": "2018"
    },
    {
        "title": "Joint unicast and multi-group multicast transmission in massive MIMO systems",
        "link": "https://scholar.google.com/citations?view_op=view_citation&hl=en&user=tBLWIBoAAAAJ&cstart=60&citation_for_view=tBLWIBoAAAAJ:dTyEYWd-f8wC",
        "citation_id": "tBLWIBoAAAAJ:dTyEYWd-f8wC",
        "authors": "M Sadeghi, E Bj\u00f6rnson, EG Larsson, C Yuen, T Marzetta",
        "publication": "IEEE Transactions on Wireless Communications 17 (10), 6375-6388, 2018",
        "year": "2018"
    },
    {
        "title": "Antenna count for massive MIMO: 1.9 GHz vs. 60 GHz",
        "link": "https://scholar.google.com/citations?view_op=view_citation&hl=en&user=tBLWIBoAAAAJ&cstart=80&citation_for_view=tBLWIBoAAAAJ:M05iB0D1s5AC",
        "citation_id": "tBLWIBoAAAAJ:M05iB0D1s5AC",
        "authors": "EG Larsson, TL Marzetta, HQ Ngo, H Yang",
        "publication": "IEEE Communications Magazine 56 (9), 132-137, 2018",
        "year": "2018"
    },
    {
        "title": "Spatially-stationary propagating random field model for massive MIMO small-scale fading",
        "link": "https://scholar.google.com/citations?view_op=view_citation&hl=en&user=tBLWIBoAAAAJ&cstart=80&citation_for_view=tBLWIBoAAAAJ:WA5NYHcadZ8C",
        "citation_id": "tBLWIBoAAAAJ:WA5NYHcadZ8C",
        "authors": "TL Marzetta",
        "publication": "2018 IEEE International Symposium on Information Theory (ISIT), 391-395, 2018",
        "year": "2018"
    },
    {
        "title": "Coordinated multi-point massive MIMO cellular systems with sectorized antennas",
        "link": "https://scholar.google.com/citations?view_op=view_citation&hl=en&user=tBLWIBoAAAAJ&cstart=120&citation_for_view=tBLWIBoAAAAJ:xtoqd-5pKcoC",
        "citation_id": "tBLWIBoAAAAJ:xtoqd-5pKcoC",
        "authors": "S Shahsavari, A Ashikhmin, E Erkip, TL Marzetta",
        "publication": "2018 52nd Asilomar Conference on Signals, Systems, and Computers, 2130-2135, 2018",
        "year": "2018"
    },
    {
        "title": "Frequency division duplex (FDD) MIMO backhaul for communication terminals",
        "link": "https://scholar.google.com/citations?view_op=view_citation&hl=en&user=tBLWIBoAAAAJ&cstart=120&citation_for_view=tBLWIBoAAAAJ:D_sINldO8mEC",
        "citation_id": "tBLWIBoAAAAJ:D_sINldO8mEC",
        "authors": "CJ Nuzman, TL Marzetta, A Ashikhmin",
        "publication": "US Patent 9,967,065, 2018",
        "year": "2018"
    },
    {
        "title": "Apparatus configured to approximate a power coefficient in a cell-free massive MIMO wireless system and method of performing same",
        "link": "https://scholar.google.com/citations?view_op=view_citation&hl=en&user=tBLWIBoAAAAJ&cstart=160&citation_for_view=tBLWIBoAAAAJ:W7OEmFMy1HYC",
        "citation_id": "tBLWIBoAAAAJ:W7OEmFMy1HYC",
        "authors": "E Nayebi, A Ashikhmin, TL Marzetta, H Yang",
        "publication": "US Patent 9,918,317, 2018",
        "year": "2018"
    },
    {
        "title": "Mrt-Based Joint Unicast and Multigroup Multicast Transmission in Massive Mimo Systems",
        "link": "https://scholar.google.com/citations?view_op=view_citation&hl=en&user=tBLWIBoAAAAJ&cstart=180&citation_for_view=tBLWIBoAAAAJ:J_g5lzvAfSwC",
        "citation_id": "tBLWIBoAAAAJ:J_g5lzvAfSwC",
        "authors": "M Sadeghi, E Bj\u00f6rnson, EG Larsson, C Yuen, TL Marzetta",
        "publication": "2018 IEEE International Conference on Acoustics, Speech and Signal \u2026, 2018",
        "year": "2018"
    },
    {
        "title": "Cell-free massive MIMO versus small cells",
        "link": "https://scholar.google.com/citations?view_op=view_citation&hl=en&user=tBLWIBoAAAAJ&citation_for_view=tBLWIBoAAAAJ:SP6oXDckpogC",
        "citation_id": "tBLWIBoAAAAJ:SP6oXDckpogC",
        "authors": "HQ Ngo, A Ashikhmin, H Yang, EG Larsson, TL Marzetta",
        "publication": "IEEE Transactions on Wireless Communications 16 (3), 1834-1850, 2017",
        "year": "2017"
    },
    {
        "title": "Precoding and power optimization in cell-free massive MIMO systems",
        "link": "https://scholar.google.com/citations?view_op=view_citation&hl=en&user=tBLWIBoAAAAJ&citation_for_view=tBLWIBoAAAAJ:3fE2CSJIrl8C",
        "citation_id": "tBLWIBoAAAAJ:3fE2CSJIrl8C",
        "authors": "E Nayebi, A Ashikhmin, TL Marzetta, H Yang, BD Rao",
        "publication": "IEEE Transactions on Wireless Communications 16 (7), 4445-4459, 2017",
        "year": "2017"
    },
    {
        "title": "Massive MIMO with max-min power control in line-of-sight propagation environment",
        "link": "https://scholar.google.com/citations?view_op=view_citation&hl=en&user=tBLWIBoAAAAJ&cstart=40&citation_for_view=tBLWIBoAAAAJ:-_dYPAW6P2MC",
        "citation_id": "tBLWIBoAAAAJ:-_dYPAW6P2MC",
        "authors": "H Yang, TL Marzetta",
        "publication": "IEEE Transactions on Communications 65 (11), 4685-4693, 2017",
        "year": "2017"
    },
    {
        "title": "Uplink interference reduction in large-scale antenna systems",
        "link": "https://scholar.google.com/citations?view_op=view_citation&hl=en&user=tBLWIBoAAAAJ&cstart=40&citation_for_view=tBLWIBoAAAAJ:e5wmG9Sq2KIC",
        "citation_id": "tBLWIBoAAAAJ:e5wmG9Sq2KIC",
        "authors": "A Adhikary, A Ashikhmin, TL Marzetta",
        "publication": "IEEE Transactions on Communications 65 (5), 2194-2206, 2017",
        "year": "2017"
    },
    {
        "title": "Max\u2013min fair transmit precoding for multi-group multicasting in massive MIMO",
        "link": "https://scholar.google.com/citations?view_op=view_citation&hl=en&user=tBLWIBoAAAAJ&cstart=40&citation_for_view=tBLWIBoAAAAJ:vV6vV6tmYwMC",
        "citation_id": "tBLWIBoAAAAJ:vV6vV6tmYwMC",
        "authors": "M Sadeghi, E Bj\u00f6rnson, EG Larsson, C Yuen, TL Marzetta",
        "publication": "IEEE Transactions on Wireless Communications 17 (2), 1358-1373, 2017",
        "year": "2017"
    },
    {
        "title": "Frequency division duplex (FDD) massive MIMO backhaul for repeater small cells",
        "link": "https://scholar.google.com/citations?view_op=view_citation&hl=en&user=tBLWIBoAAAAJ&cstart=80&citation_for_view=tBLWIBoAAAAJ:4DMP91E08xMC",
        "citation_id": "tBLWIBoAAAAJ:4DMP91E08xMC",
        "authors": "T Marzetta, O Blume, P Rulikowski, S Maier, A Pascht, T Klein",
        "publication": "US Patent 9,768,983, 2017",
        "year": "2017"
    },
    {
        "title": "Cell-free massive MIMO systems utilizing multi-antenna access points",
        "link": "https://scholar.google.com/citations?view_op=view_citation&hl=en&user=tBLWIBoAAAAJ&cstart=100&citation_for_view=tBLWIBoAAAAJ:2P1L_qKh6hAC",
        "citation_id": "tBLWIBoAAAAJ:2P1L_qKh6hAC",
        "authors": "AAI Ibrahim, A Ashikhmin, TL Marzetta, DJ Love",
        "publication": "2017 51st Asilomar Conference on Signals, Systems, and Computers, 1517-1521, 2017",
        "year": "2017"
    },
    {
        "title": "Pilot assignment in cell free massive MIMO wireless systems",
        "link": "https://scholar.google.com/citations?view_op=view_citation&hl=en&user=tBLWIBoAAAAJ&cstart=100&citation_for_view=tBLWIBoAAAAJ:dshw04ExmUIC",
        "citation_id": "tBLWIBoAAAAJ:dshw04ExmUIC",
        "authors": "A Ashikhmin, HQ Ngo, TL Marzetta, H Yang",
        "publication": "US Patent 9,615,384, 2017",
        "year": "2017"
    },
    {
        "title": "Secure compressive sampling using codebook of sampling matrices",
        "link": "https://scholar.google.com/citations?view_op=view_citation&hl=en&user=tBLWIBoAAAAJ&cstart=120&citation_for_view=tBLWIBoAAAAJ:K3LRdlH-MEoC",
        "citation_id": "tBLWIBoAAAAJ:K3LRdlH-MEoC",
        "authors": "TL Marzetta, E Soljanin",
        "publication": "US Patent 9,548,758, 2017",
        "year": "2017"
    },
    {
        "title": "Max-min SINR dependence on channel correlation in line-of-sight massive MIMO",
        "link": "https://scholar.google.com/citations?view_op=view_citation&hl=en&user=tBLWIBoAAAAJ&cstart=120&citation_for_view=tBLWIBoAAAAJ:ufrVoPGSRksC",
        "citation_id": "tBLWIBoAAAAJ:ufrVoPGSRksC",
        "authors": "H Yang, TL Marzetta",
        "publication": "GLOBECOM 2017-2017 IEEE Global Communications Conference, 1-6, 2017",
        "year": "2017"
    },
    {
        "title": "Multigroup multicast precoding in massive MIMO",
        "link": "https://scholar.google.com/citations?view_op=view_citation&hl=en&user=tBLWIBoAAAAJ&cstart=140&citation_for_view=tBLWIBoAAAAJ:VL0QpB8kHFEC",
        "citation_id": "tBLWIBoAAAAJ:VL0QpB8kHFEC",
        "authors": "M Sadeghi, E Bj\u00f6rnson, EG Larsson, C Yuen, TL Marzetta",
        "publication": "GLOBECOM 2017-2017 IEEE Global Communications Conference, 1-6, 2017",
        "year": "2017"
    },
    {
        "title": "Massive MIMO in Line-of-Sight Propagation",
        "link": "https://scholar.google.com/citations?view_op=view_citation&hl=en&user=tBLWIBoAAAAJ&cstart=160&citation_for_view=tBLWIBoAAAAJ:j8SEvjWlNXcC",
        "citation_id": "tBLWIBoAAAAJ:j8SEvjWlNXcC",
        "authors": "H Yang, TL Marzetta",
        "publication": "2017 IEEE 85th Vehicular Technology Conference (VTC Spring), 1-5, 2017",
        "year": "2017"
    },
    {
        "title": "Channel training for analog FDD repeaters: Optimal estimators and Cram\u00e9r\u2013Rao bounds",
        "link": "https://scholar.google.com/citations?view_op=view_citation&hl=en&user=tBLWIBoAAAAJ&cstart=160&citation_for_view=tBLWIBoAAAAJ:0EnyYjriUFMC",
        "citation_id": "tBLWIBoAAAAJ:0EnyYjriUFMC",
        "authors": "S Wesemann, TL Marzetta",
        "publication": "IEEE Transactions on Signal Processing 65 (23), 6158-6170, 2017",
        "year": "2017"
    },
    {
        "title": "Methods and apparatuses for configuring number of antennas for massive MIMO communication",
        "link": "https://scholar.google.com/citations?view_op=view_citation&hl=en&user=tBLWIBoAAAAJ&cstart=200&citation_for_view=tBLWIBoAAAAJ:08ZZubdj9fEC",
        "citation_id": "tBLWIBoAAAAJ:08ZZubdj9fEC",
        "authors": "H Yang, T Marzetta",
        "publication": "US Patent 9,781,668, 2017",
        "year": "2017"
    },
    {
        "title": "Fundamentals of massive MIMO",
        "link": "https://scholar.google.com/citations?view_op=view_citation&hl=en&user=tBLWIBoAAAAJ&citation_for_view=tBLWIBoAAAAJ:XiVPGOgt02cC",
        "citation_id": "tBLWIBoAAAAJ:XiVPGOgt02cC",
        "authors": "TL Marzetta, EG Larsson, H Yang",
        "publication": "Cambridge University Press, 2016",
        "year": "2016"
    },
    {
        "title": "Massive MIMO: Ten myths and one critical question",
        "link": "https://scholar.google.com/citations?view_op=view_citation&hl=en&user=tBLWIBoAAAAJ&citation_for_view=tBLWIBoAAAAJ:_Qo2XoVZTnwC",
        "citation_id": "tBLWIBoAAAAJ:_Qo2XoVZTnwC",
        "authors": "E Bj\u00f6rnson, EG Larsson, TL Marzetta",
        "publication": "IEEE Communications Magazine 54 (2), 114-123, 2016",
        "year": "2016"
    },
    {
        "title": "Performance of cell-free massive MIMO systems with MMSE and LSFD receivers",
        "link": "https://scholar.google.com/citations?view_op=view_citation&hl=en&user=tBLWIBoAAAAJ&cstart=40&citation_for_view=tBLWIBoAAAAJ:B3FOqHPlNUQC",
        "citation_id": "tBLWIBoAAAAJ:B3FOqHPlNUQC",
        "authors": "E Nayebi, A Ashikhmin, TL Marzetta, BD Rao",
        "publication": "2016 50th Asilomar Conference on Signals, Systems and Computers, 203-207, 2016",
        "year": "2016"
    },
    {
        "title": "Heterogeneous massive MIMO with small cells",
        "link": "https://scholar.google.com/citations?view_op=view_citation&hl=en&user=tBLWIBoAAAAJ&cstart=120&citation_for_view=tBLWIBoAAAAJ:0KyAp5RtaNEC",
        "citation_id": "tBLWIBoAAAAJ:0KyAp5RtaNEC",
        "authors": "D Ying, H Yang, TL Marzetta, DJ Love",
        "publication": "2016 IEEE 83rd vehicular technology conference (VTC spring), 1-5, 2016",
        "year": "2016"
    },
    {
        "title": "Wireless communication with suppression of inter-cell interference in large-scale antenna systems",
        "link": "https://scholar.google.com/citations?view_op=view_citation&hl=en&user=tBLWIBoAAAAJ&cstart=160&citation_for_view=tBLWIBoAAAAJ:mVmsd5A6BfQC",
        "citation_id": "tBLWIBoAAAAJ:mVmsd5A6BfQC",
        "authors": "A Ashikhmin, TL Marzetta",
        "publication": "US Patent 9,425,929, 2016",
        "year": "2016"
    },
    {
        "title": "Systems and methods for localizing audio streams via acoustic large scale speaker arrays",
        "link": "https://scholar.google.com/citations?view_op=view_citation&hl=en&user=tBLWIBoAAAAJ&cstart=180&citation_for_view=tBLWIBoAAAAJ:b0M2c_1WBrUC",
        "citation_id": "tBLWIBoAAAAJ:b0M2c_1WBrUC",
        "authors": "I Saniee, T Marzetta",
        "publication": "US Patent App. 15/188,046, 2016",
        "year": "2016"
    },
    {
        "title": "Dual-tier wireless communication system",
        "link": "https://scholar.google.com/citations?view_op=view_citation&hl=en&user=tBLWIBoAAAAJ&cstart=200&citation_for_view=tBLWIBoAAAAJ:isC4tDSrTZIC",
        "citation_id": "tBLWIBoAAAAJ:isC4tDSrTZIC",
        "authors": "TL Marzetta, H Yang",
        "publication": "US Patent 9,402,191, 2016",
        "year": "2016"
    },
    {
        "title": "Systems and methods for localizing audio streams via acoustic large scale speaker arrays",
        "link": "https://scholar.google.com/citations?view_op=view_citation&hl=en&user=tBLWIBoAAAAJ&cstart=200&citation_for_view=tBLWIBoAAAAJ:kzcrU_BdoSEC",
        "citation_id": "tBLWIBoAAAAJ:kzcrU_BdoSEC",
        "authors": "I Saniee, T Marzetta",
        "publication": "US Patent App. 14/502,058, 2016",
        "year": "2016"
    },
    {
        "title": "Distributed generation of slow-fading post-coding vectors for LSAS communication networks and the like",
        "link": "https://scholar.google.com/citations?view_op=view_citation&hl=en&user=tBLWIBoAAAAJ&cstart=220&citation_for_view=tBLWIBoAAAAJ:NMxIlDl6LWMC",
        "citation_id": "tBLWIBoAAAAJ:NMxIlDl6LWMC",
        "authors": "A Ashikhmin, TL Marzetta",
        "publication": "US Patent 9,503,913, 2016",
        "year": "2016"
    },
    {
        "title": "Non-cooperative power control for large-scale antenna systems",
        "link": "https://scholar.google.com/citations?view_op=view_citation&hl=en&user=tBLWIBoAAAAJ&cstart=220&citation_for_view=tBLWIBoAAAAJ:R3hNpaxXUhUC",
        "citation_id": "tBLWIBoAAAAJ:R3hNpaxXUhUC",
        "authors": "H Yang, TL Marzetta",
        "publication": "US Patent 9,402,235, 2016",
        "year": "2016"
    },
    {
        "title": "Decentralized slow-fading precoding for multi-cell wireless systems",
        "link": "https://scholar.google.com/citations?view_op=view_citation&hl=en&user=tBLWIBoAAAAJ&cstart=220&citation_for_view=tBLWIBoAAAAJ:_FxGoFyzp5QC",
        "citation_id": "tBLWIBoAAAAJ:_FxGoFyzp5QC",
        "authors": "A Ashikhmin, TL Marzetta",
        "publication": "US Patent 9,306,643, 2016",
        "year": "2016"
    },
    {
        "title": "Massive MIMO: an introduction",
        "link": "https://scholar.google.com/citations?view_op=view_citation&hl=en&user=tBLWIBoAAAAJ&citation_for_view=tBLWIBoAAAAJ:kRWSkSYxWN8C",
        "citation_id": "tBLWIBoAAAAJ:kRWSkSYxWN8C",
        "authors": "TL Marzetta",
        "publication": "Bell Labs Technical Journal 20, 11-22, 2015",
        "year": "2015"
    },
    {
        "title": "Cell-free massive MIMO: Uniformly great service for everyone",
        "link": "https://scholar.google.com/citations?view_op=view_citation&hl=en&user=tBLWIBoAAAAJ&cstart=20&citation_for_view=tBLWIBoAAAAJ:p2g8aNsByqUC",
        "citation_id": "tBLWIBoAAAAJ:p2g8aNsByqUC",
        "authors": "HQ Ngo, A Ashikhmin, H Yang, EG Larsson, TL Marzetta",
        "publication": "2015 IEEE 16th international workshop on signal processing advances in \u2026, 2015",
        "year": "2015"
    },
    {
        "title": "Cell-free massive MIMO systems",
        "link": "https://scholar.google.com/citations?view_op=view_citation&hl=en&user=tBLWIBoAAAAJ&cstart=20&citation_for_view=tBLWIBoAAAAJ:8k81kl-MbHgC",
        "citation_id": "tBLWIBoAAAAJ:8k81kl-MbHgC",
        "authors": "E Nayebi, A Ashikhmin, TL Marzetta, H Yang",
        "publication": "2015 49th Asilomar Conference on Signals, Systems and Computers, 695-699, 2015",
        "year": "2015"
    },
    {
        "title": "Method and apparatus for interference cancellation for antenna arrays",
        "link": "https://scholar.google.com/citations?view_op=view_citation&hl=en&user=tBLWIBoAAAAJ&cstart=40&citation_for_view=tBLWIBoAAAAJ:TQgYirikUcIC",
        "citation_id": "tBLWIBoAAAAJ:TQgYirikUcIC",
        "authors": "LE Li, T Marzetta",
        "publication": "US Patent 9,124,475, 2015",
        "year": "2015"
    },
    {
        "title": "Massive MIMO: 10 myths and one grand question",
        "link": "https://scholar.google.com/citations?view_op=view_citation&hl=en&user=tBLWIBoAAAAJ&cstart=80&citation_for_view=tBLWIBoAAAAJ:L7CI7m0gUJcC",
        "citation_id": "tBLWIBoAAAAJ:L7CI7m0gUJcC",
        "authors": "E Bj\u00f6rnson, EG Larsson, TL Marzetta",
        "publication": "arXiv preprint arXiv:1503.06854 1 (2.2), 2015",
        "year": "2015"
    },
    {
        "title": "Energy efficient design of massive MIMO: How many antennas?",
        "link": "https://scholar.google.com/citations?view_op=view_citation&hl=en&user=tBLWIBoAAAAJ&cstart=80&citation_for_view=tBLWIBoAAAAJ:9vf0nzSNQJEC",
        "citation_id": "tBLWIBoAAAAJ:9vf0nzSNQJEC",
        "authors": "H Yang, TL Marzetta",
        "publication": "2015 IEEE 81st Vehicular Technology Conference (VTC Spring), 1-5, 2015",
        "year": "2015"
    },
    {
        "title": "Performance of pilot reuse in multi-cell massive MIMO",
        "link": "https://scholar.google.com/citations?view_op=view_citation&hl=en&user=tBLWIBoAAAAJ&cstart=80&citation_for_view=tBLWIBoAAAAJ:KxtntwgDAa4C",
        "citation_id": "tBLWIBoAAAAJ:KxtntwgDAa4C",
        "authors": "H Yang, TL Marzetta",
        "publication": "2015 IEEE international black sea conference on communications and \u2026, 2015",
        "year": "2015"
    },
    {
        "title": "MIMO communication system with variable slot structure",
        "link": "https://scholar.google.com/citations?view_op=view_citation&hl=en&user=tBLWIBoAAAAJ&cstart=100&citation_for_view=tBLWIBoAAAAJ:zA6iFVUQeVQC",
        "citation_id": "tBLWIBoAAAAJ:zA6iFVUQeVQC",
        "authors": "TL Marzetta",
        "publication": "US Patent 9,130,618, 2015",
        "year": "2015"
    },
    {
        "title": "Large scale antenna system with overlaying small cells",
        "link": "https://scholar.google.com/citations?view_op=view_citation&hl=en&user=tBLWIBoAAAAJ&cstart=100&citation_for_view=tBLWIBoAAAAJ:4OULZ7Gr8RgC",
        "citation_id": "tBLWIBoAAAAJ:4OULZ7Gr8RgC",
        "authors": "TL Marzetta, H Yang",
        "publication": "US Patent App. 14/048,728, 2015",
        "year": "2015"
    },
    {
        "title": "Method and apparatus of wireless communication using directional antennas",
        "link": "https://scholar.google.com/citations?view_op=view_citation&hl=en&user=tBLWIBoAAAAJ&cstart=140&citation_for_view=tBLWIBoAAAAJ:CHSYGLWDkRkC",
        "citation_id": "tBLWIBoAAAAJ:CHSYGLWDkRkC",
        "authors": "A Ashikhmin, TL Marzetta",
        "publication": "US Patent 9,100,835, 2015",
        "year": "2015"
    },
    {
        "title": "Multiple antenna method and apparatus for reducing inter-cell interference in multi-user wireless systems",
        "link": "https://scholar.google.com/citations?view_op=view_citation&hl=en&user=tBLWIBoAAAAJ&cstart=160&citation_for_view=tBLWIBoAAAAJ:UxriW0iASnsC",
        "citation_id": "tBLWIBoAAAAJ:UxriW0iASnsC",
        "authors": "A Ashikhmin, TL Marzetta",
        "publication": "US Patent 8,995,401, 2015",
        "year": "2015"
    },
    {
        "title": "On existence of power controls for massive MIMO",
        "link": "https://scholar.google.com/citations?view_op=view_citation&hl=en&user=tBLWIBoAAAAJ&cstart=180&citation_for_view=tBLWIBoAAAAJ:RHpTSmoSYBkC",
        "citation_id": "tBLWIBoAAAAJ:RHpTSmoSYBkC",
        "authors": "H Yang, TL Marzetta",
        "publication": "2015 IEEE International Symposium on Information Theory (ISIT), 2608-2612, 2015",
        "year": "2015"
    },
    {
        "title": "Quantized beamforming in massive MIMO",
        "link": "https://scholar.google.com/citations?view_op=view_citation&hl=en&user=tBLWIBoAAAAJ&cstart=180&citation_for_view=tBLWIBoAAAAJ:mB3voiENLucC",
        "citation_id": "tBLWIBoAAAAJ:mB3voiENLucC",
        "authors": "H Yang, TL Marzetta",
        "publication": "2015 49th Annual Conference on Information Sciences and Systems (CISS), 1-6, 2015",
        "year": "2015"
    },
    {
        "title": "System and method of wireless fixed access using a multiple antenna array",
        "link": "https://scholar.google.com/citations?view_op=view_citation&hl=en&user=tBLWIBoAAAAJ&cstart=220&citation_for_view=tBLWIBoAAAAJ:35r97b3x0nAC",
        "citation_id": "tBLWIBoAAAAJ:35r97b3x0nAC",
        "authors": "H Yang, TL Marzetta, A Ashikhmin",
        "publication": "US Patent 9,154,208, 2015",
        "year": "2015"
    },
    {
        "title": "Method of accessing a wireless network and a wireless device",
        "link": "https://scholar.google.com/citations?view_op=view_citation&hl=en&user=tBLWIBoAAAAJ&cstart=220&citation_for_view=tBLWIBoAAAAJ:YsMSGLbcyi4C",
        "citation_id": "tBLWIBoAAAAJ:YsMSGLbcyi4C",
        "authors": "L Li, T Marzetta",
        "publication": "US Patent 9,112,267, 2015",
        "year": "2015"
    },
    {
        "title": "Method and apparatus for power optimization in wireless systems with large antenna arrays",
        "link": "https://scholar.google.com/citations?view_op=view_citation&hl=en&user=tBLWIBoAAAAJ&cstart=220&citation_for_view=tBLWIBoAAAAJ:-f6ydRqryjwC",
        "citation_id": "tBLWIBoAAAAJ:-f6ydRqryjwC",
        "authors": "A Ashikhmin, TL Marzetta",
        "publication": "US Patent 9,072,058, 2015",
        "year": "2015"
    },
    {
        "title": "Massive MIMO for next generation wireless systems",
        "link": "https://scholar.google.com/citations?view_op=view_citation&hl=en&user=tBLWIBoAAAAJ&citation_for_view=tBLWIBoAAAAJ:mvPsJ3kp5DgC",
        "citation_id": "tBLWIBoAAAAJ:mvPsJ3kp5DgC",
        "authors": "EG Larsson, O Edfors, F Tufvesson, TL Marzetta",
        "publication": "IEEE communications magazine 52 (2), 186-195, 2014",
        "year": "2014"
    },
    {
        "title": "Five disruptive technology directions for 5G",
        "link": "https://scholar.google.com/citations?view_op=view_citation&hl=en&user=tBLWIBoAAAAJ&citation_for_view=tBLWIBoAAAAJ:uLbwQdceFCQC",
        "citation_id": "tBLWIBoAAAAJ:uLbwQdceFCQC",
        "authors": "F Boccardi, RW Heath, A Lozano, TL Marzetta, P Popovski",
        "publication": "IEEE communications magazine 52 (2), 74-80, 2014",
        "year": "2014"
    },
    {
        "title": "Aspects of favorable propagation in massive MIMO",
        "link": "https://scholar.google.com/citations?view_op=view_citation&hl=en&user=tBLWIBoAAAAJ&cstart=20&citation_for_view=tBLWIBoAAAAJ:J-pR_7NvFogC",
        "citation_id": "tBLWIBoAAAAJ:J-pR_7NvFogC",
        "authors": "HQ Ngo, EG Larsson, TL Marzetta",
        "publication": "2014 22nd European Signal Processing Conference (EUSIPCO), 76-80, 2014",
        "year": "2014"
    },
    {
        "title": "Interference reduction in multi-cell massive MIMO systems I: Large-scale fading precoding and decoding",
        "link": "https://scholar.google.com/citations?view_op=view_citation&hl=en&user=tBLWIBoAAAAJ&cstart=60&citation_for_view=tBLWIBoAAAAJ:hC7cP41nSMkC",
        "citation_id": "tBLWIBoAAAAJ:hC7cP41nSMkC",
        "authors": "A Ashikhmin, TL Marzetta, L Li",
        "publication": "arXiv preprint arXiv:1411.4182, 2014",
        "year": "2014"
    },
    {
        "title": "A macro cellular wireless network with uniformly high user throughputs",
        "link": "https://scholar.google.com/citations?view_op=view_citation&hl=en&user=tBLWIBoAAAAJ&cstart=60&citation_for_view=tBLWIBoAAAAJ:ZeXyd9-uunAC",
        "citation_id": "tBLWIBoAAAAJ:ZeXyd9-uunAC",
        "authors": "H Yang, TL Marzetta",
        "publication": "2014 IEEE 80th vehicular technology conference (VTC2014-Fall), 1-5, 2014",
        "year": "2014"
    },
    {
        "title": "Method and apparatus for scheduling transmissions for antenna arrays",
        "link": "https://scholar.google.com/citations?view_op=view_citation&hl=en&user=tBLWIBoAAAAJ&cstart=60&citation_for_view=tBLWIBoAAAAJ:D03iK_w7-QYC",
        "citation_id": "tBLWIBoAAAAJ:D03iK_w7-QYC",
        "authors": "LE Li, T Marzetta",
        "publication": "US Patent 8,767,691, 2014",
        "year": "2014"
    },
    {
        "title": "Large-scale antenna method and apparatus of wireless communication with suppression of intercell interference",
        "link": "https://scholar.google.com/citations?view_op=view_citation&hl=en&user=tBLWIBoAAAAJ&cstart=80&citation_for_view=tBLWIBoAAAAJ:tOudhMTPpwUC",
        "citation_id": "tBLWIBoAAAAJ:tOudhMTPpwUC",
        "authors": "A Ashikhmin, TL Marzetta",
        "publication": "US Patent 8,774,146, 2014",
        "year": "2014"
    },
    {
        "title": "Interference reduction in multi-cell massive MIMO Systems II: Downlink analysis for a finite number of antennas",
        "link": "https://scholar.google.com/citations?view_op=view_citation&hl=en&user=tBLWIBoAAAAJ&cstart=100&citation_for_view=tBLWIBoAAAAJ:Wp0gIr-vW9MC",
        "citation_id": "tBLWIBoAAAAJ:Wp0gIr-vW9MC",
        "authors": "L Li, A Ashikhmin, T Marzetta",
        "publication": "arXiv preprint arXiv:1411.4183, 2014",
        "year": "2014"
    },
    {
        "title": "Characterization of electrical power distribution systems using characterization matrices",
        "link": "https://scholar.google.com/citations?view_op=view_citation&hl=en&user=tBLWIBoAAAAJ&cstart=140&citation_for_view=tBLWIBoAAAAJ:k_IJM867U9cC",
        "citation_id": "tBLWIBoAAAAJ:k_IJM867U9cC",
        "authors": "TL Marzetta, BM Hochwald",
        "publication": "US Patent 8,810,253, 2014",
        "year": "2014"
    },
    {
        "title": "Interference reduction for wireless networks",
        "link": "https://scholar.google.com/citations?view_op=view_citation&hl=en&user=tBLWIBoAAAAJ&cstart=140&citation_for_view=tBLWIBoAAAAJ:nb7KW1ujOQ8C",
        "citation_id": "tBLWIBoAAAAJ:nb7KW1ujOQ8C",
        "authors": "A Ashikhmin, TL Marzetta",
        "publication": "US Patent 8,724,610, 2014",
        "year": "2014"
    },
    {
        "title": "Method for beamforming transmissions from a network element having a plurality of antennas, and the network element",
        "link": "https://scholar.google.com/citations?view_op=view_citation&hl=en&user=tBLWIBoAAAAJ&cstart=160&citation_for_view=tBLWIBoAAAAJ:9ZlFYXVOiuMC",
        "citation_id": "tBLWIBoAAAAJ:9ZlFYXVOiuMC",
        "authors": "L Li, T Marzetta",
        "publication": "US Patent 8,625,713, 2014",
        "year": "2014"
    },
    {
        "title": "Slow-Fading Precoding for Multi-Cell Wireless Systems",
        "link": "https://scholar.google.com/citations?view_op=view_citation&hl=en&user=tBLWIBoAAAAJ&cstart=180&citation_for_view=tBLWIBoAAAAJ:uJ-U7cs_P_0C",
        "citation_id": "tBLWIBoAAAAJ:uJ-U7cs_P_0C",
        "authors": "A Ashikhmin, TL Marzetta",
        "publication": "US Patent App. 13/751,470, 2014",
        "year": "2014"
    },
    {
        "title": "Devices and methods for multicast",
        "link": "https://scholar.google.com/citations?view_op=view_citation&hl=en&user=tBLWIBoAAAAJ&cstart=200&citation_for_view=tBLWIBoAAAAJ:hkOj_22Ku90C",
        "citation_id": "tBLWIBoAAAAJ:hkOj_22Ku90C",
        "authors": "S Goyal, A Ashikhmin, T Marzetta, H Yang",
        "publication": "US Patent App. 13/729,498, 2014",
        "year": "2014"
    },
    {
        "title": "Characterization of electrical power distribution systems",
        "link": "https://scholar.google.com/citations?view_op=view_citation&hl=en&user=tBLWIBoAAAAJ&cstart=220&citation_for_view=tBLWIBoAAAAJ:tzM49s52ZIMC",
        "citation_id": "tBLWIBoAAAAJ:tzM49s52ZIMC",
        "authors": "BM Hochwald, TL Marzetta",
        "publication": "US Patent 8,633,705, 2014",
        "year": "2014"
    },
    {
        "title": "Energy and spectral efficiency of very large multiuser MIMO systems",
        "link": "https://scholar.google.com/citations?view_op=view_citation&hl=en&user=tBLWIBoAAAAJ&citation_for_view=tBLWIBoAAAAJ:AXPGKjj_ei8C",
        "citation_id": "tBLWIBoAAAAJ:AXPGKjj_ei8C",
        "authors": "HQ Ngo, EG Larsson, TL Marzetta",
        "publication": "IEEE Transactions on Communications 61 (4), 1436-1449, 2013",
        "year": "2013"
    },
    {
        "title": "Performance of conjugate and zero-forcing beamforming in large-scale antenna systems",
        "link": "https://scholar.google.com/citations?view_op=view_citation&hl=en&user=tBLWIBoAAAAJ&citation_for_view=tBLWIBoAAAAJ:_B80troHkn4C",
        "citation_id": "tBLWIBoAAAAJ:_B80troHkn4C",
        "authors": "H Yang, TL Marzetta",
        "publication": "IEEE Journal on Selected Areas in Communications 31 (2), 172-179, 2013",
        "year": "2013"
    },
    {
        "title": "Inter-cell interference in noncooperative TDD large scale antenna systems",
        "link": "https://scholar.google.com/citations?view_op=view_citation&hl=en&user=tBLWIBoAAAAJ&cstart=20&citation_for_view=tBLWIBoAAAAJ:7T2F9Uy0os0C",
        "citation_id": "tBLWIBoAAAAJ:7T2F9Uy0os0C",
        "authors": "F Fernandes, A Ashikhmin, TL Marzetta",
        "publication": "IEEE Journal on Selected Areas in Communications 31 (2), 192-201, 2013",
        "year": "2013"
    },
    {
        "title": "The multicell multiuser MIMO uplink with very large antenna arrays and a finite-dimensional channel",
        "link": "https://scholar.google.com/citations?view_op=view_citation&hl=en&user=tBLWIBoAAAAJ&cstart=20&citation_for_view=tBLWIBoAAAAJ:sSrBHYA8nusC",
        "citation_id": "tBLWIBoAAAAJ:sSrBHYA8nusC",
        "authors": "HQ Ngo, EG Larsson, TL Marzetta",
        "publication": "IEEE Transactions on Communications 61 (6), 2350-2361, 2013",
        "year": "2013"
    },
    {
        "title": "Massive MU-MIMO downlink TDD systems with linear precoding and downlink pilots",
        "link": "https://scholar.google.com/citations?view_op=view_citation&hl=en&user=tBLWIBoAAAAJ&cstart=20&citation_for_view=tBLWIBoAAAAJ:t7zJ5fGR-2UC",
        "citation_id": "tBLWIBoAAAAJ:t7zJ5fGR-2UC",
        "authors": "HQ Ngo, EG Larsson, TL Marzetta",
        "publication": "2013 51st Annual Allerton conference on communication, control, and \u2026, 2013",
        "year": "2013"
    },
    {
        "title": "Total energy efficiency of cellular large scale antenna system multiple access mobile networks",
        "link": "https://scholar.google.com/citations?view_op=view_citation&hl=en&user=tBLWIBoAAAAJ&cstart=20&citation_for_view=tBLWIBoAAAAJ:Tiz5es2fbqcC",
        "citation_id": "tBLWIBoAAAAJ:Tiz5es2fbqcC",
        "authors": "H Yang, TL Marzetta",
        "publication": "2013 IEEE online conference on green communications (OnlineGreenComm), 27-32, 2013",
        "year": "2013"
    },
    {
        "title": "Special issue on massive MIMO",
        "link": "https://scholar.google.com/citations?view_op=view_citation&hl=en&user=tBLWIBoAAAAJ&cstart=40&citation_for_view=tBLWIBoAAAAJ:qxL8FJ1GzNcC",
        "citation_id": "tBLWIBoAAAAJ:qxL8FJ1GzNcC",
        "authors": "TL Marzetta, G Caire, M Debbah, I Chih-Lin, SK Mohammed",
        "publication": "Journal of communications and networks 15 (4), 333-337, 2013",
        "year": "2013"
    },
    {
        "title": "Scaling up MIMO: Opportunities and challenges with very large arrays, IEEE Signal Process",
        "link": "https://scholar.google.com/citations?view_op=view_citation&hl=en&user=tBLWIBoAAAAJ&cstart=60&citation_for_view=tBLWIBoAAAAJ:umqufdRvDiIC",
        "citation_id": "tBLWIBoAAAAJ:umqufdRvDiIC",
        "authors": "F Rusek, D Persson, BK Lau, EG Larsson, TL Marzetta, O Edfors, ...",
        "publication": "Mag 30 (1), 40-60, 2013",
        "year": "2013"
    },
    {
        "title": "Capacity performance of multicell large-scale antenna systems",
        "link": "https://scholar.google.com/citations?view_op=view_citation&hl=en&user=tBLWIBoAAAAJ&cstart=60&citation_for_view=tBLWIBoAAAAJ:Se3iqnhoufwC",
        "citation_id": "tBLWIBoAAAAJ:Se3iqnhoufwC",
        "authors": "H Yang, TL Marzetta",
        "publication": "2013 51st Annual Allerton Conference on Communication, Control, and \u2026, 2013",
        "year": "2013"
    },
    {
        "title": "Pilot contamination precoding for interference reduction in large scale antenna systems",
        "link": "https://scholar.google.com/citations?view_op=view_citation&hl=en&user=tBLWIBoAAAAJ&cstart=60&citation_for_view=tBLWIBoAAAAJ:fQNAKQ3IYiAC",
        "citation_id": "tBLWIBoAAAAJ:fQNAKQ3IYiAC",
        "authors": "L Li, A Ashikhmin, T Marzetta",
        "publication": "2013 51st Annual Allerton Conference on Communication, Control, and \u2026, 2013",
        "year": "2013"
    },
    {
        "title": "Multicast performance of large-scale antenna systems",
        "link": "https://scholar.google.com/citations?view_op=view_citation&hl=en&user=tBLWIBoAAAAJ&cstart=80&citation_for_view=tBLWIBoAAAAJ:EUQCXRtRnyEC",
        "citation_id": "tBLWIBoAAAAJ:EUQCXRtRnyEC",
        "authors": "H Yang, TL Marzetta, A Ashikhmin",
        "publication": "2013 IEEE 14th Workshop on Signal Processing Advances in Wireless \u2026, 2013",
        "year": "2013"
    },
    {
        "title": "MIMO system having a plurality of service antennas for data transmission thereof",
        "link": "https://scholar.google.com/citations?view_op=view_citation&hl=en&user=tBLWIBoAAAAJ&cstart=100&citation_for_view=tBLWIBoAAAAJ:qjMakFHDy7sC",
        "citation_id": "tBLWIBoAAAAJ:qjMakFHDy7sC",
        "authors": "TL Marzetta, A Ashikhmin",
        "publication": "US Patent 8,594,215, 2013",
        "year": "2013"
    },
    {
        "title": "Guest editorial: Large-scale multiple antenna wireless systems",
        "link": "https://scholar.google.com/citations?view_op=view_citation&hl=en&user=tBLWIBoAAAAJ&cstart=120&citation_for_view=tBLWIBoAAAAJ:tS2w5q8j5-wC",
        "citation_id": "tBLWIBoAAAAJ:tS2w5q8j5-wC",
        "authors": "M Matthaiou, GK Karagiannidis, EG Larsson, TL Marzetta, R Schober",
        "publication": "IEEE Journal on Selected Areas in Communications 31 (2), 113-116, 2013",
        "year": "2013"
    },
    {
        "title": "Method of improving transmission gain at a network element having a plurality of antennas",
        "link": "https://scholar.google.com/citations?view_op=view_citation&hl=en&user=tBLWIBoAAAAJ&cstart=180&citation_for_view=tBLWIBoAAAAJ:ZfRJV9d4-WMC",
        "citation_id": "tBLWIBoAAAAJ:ZfRJV9d4-WMC",
        "authors": "L Li, T Marzetta, H Yang",
        "publication": "US Patent 8,559,899, 2013",
        "year": "2013"
    },
    {
        "title": "Power allocation in a wireless system with base stations having antenna arrays",
        "link": "https://scholar.google.com/citations?view_op=view_citation&hl=en&user=tBLWIBoAAAAJ&cstart=200&citation_for_view=tBLWIBoAAAAJ:VOx2b1Wkg3QC",
        "citation_id": "tBLWIBoAAAAJ:VOx2b1Wkg3QC",
        "authors": "A Ashikhmin, T Marzetta",
        "publication": "US Patent 8,620,373, 2013",
        "year": "2013"
    },
    {
        "title": "Interference alignment for channel-adaptive waveform modulation",
        "link": "https://scholar.google.com/citations?view_op=view_citation&hl=en&user=tBLWIBoAAAAJ&cstart=200&citation_for_view=tBLWIBoAAAAJ:JQOojiI6XY0C",
        "citation_id": "tBLWIBoAAAAJ:JQOojiI6XY0C",
        "authors": "U Niesen, TL Marzetta",
        "publication": "US Patent 8,582,684, 2013",
        "year": "2013"
    },
    {
        "title": "MASSIVE MIMO",
        "link": "https://scholar.google.com/citations?view_op=view_citation&hl=en&user=tBLWIBoAAAAJ&cstart=220&citation_for_view=tBLWIBoAAAAJ:738O_yMBCRsC",
        "citation_id": "tBLWIBoAAAAJ:738O_yMBCRsC",
        "authors": "G Caire, S M\u00e9rouane Debbah, I Chih-Lin, TL Marzetta, SK Mohammed",
        "publication": null,
        "year": "2013"
    },
    {
        "title": "Noninvasive characterization of electrical power distribution systems",
        "link": "https://scholar.google.com/citations?view_op=view_citation&hl=en&user=tBLWIBoAAAAJ&cstart=220&citation_for_view=tBLWIBoAAAAJ:ye4kPcJQO24C",
        "citation_id": "tBLWIBoAAAAJ:ye4kPcJQO24C",
        "authors": "BM Hochwald, TL Marzetta",
        "publication": "US Patent 8,427,169, 2013",
        "year": "2013"
    },
    {
        "title": "Scaling up MIMO: Opportunities and challenges with very large arrays",
        "link": "https://scholar.google.com/citations?view_op=view_citation&hl=en&user=tBLWIBoAAAAJ&citation_for_view=tBLWIBoAAAAJ:5Ul4iDaHHb8C",
        "citation_id": "tBLWIBoAAAAJ:5Ul4iDaHHb8C",
        "authors": "F Rusek, D Persson, BK Lau, EG Larsson, TL Marzetta, O Edfors, ...",
        "publication": "IEEE signal processing magazine 30 (1), 40-60, 2012",
        "year": "2012"
    },
    {
        "title": "Argos: Practical many-antenna base stations",
        "link": "https://scholar.google.com/citations?view_op=view_citation&hl=en&user=tBLWIBoAAAAJ&citation_for_view=tBLWIBoAAAAJ:zYLM7Y9cAGgC",
        "citation_id": "tBLWIBoAAAAJ:zYLM7Y9cAGgC",
        "authors": "C Shepard, H Yu, N Anand, E Li, T Marzetta, R Yang, L Zhong",
        "publication": "Proceedings of the 18th annual international conference on Mobile computing \u2026, 2012",
        "year": "2012"
    },
    {
        "title": "Pilot contamination precoding in multi-cell large scale antenna systems",
        "link": "https://scholar.google.com/citations?view_op=view_citation&hl=en&user=tBLWIBoAAAAJ&cstart=20&citation_for_view=tBLWIBoAAAAJ:ZHo1McVdvXMC",
        "citation_id": "tBLWIBoAAAAJ:ZHo1McVdvXMC",
        "authors": "A Ashikhmin, T Marzetta",
        "publication": "2012 IEEE International symposium on information theory proceedings, 1137-1141, 2012",
        "year": "2012"
    },
    {
        "title": "Automatic tuning for wireless power transfer",
        "link": "https://scholar.google.com/citations?view_op=view_citation&hl=en&user=tBLWIBoAAAAJ&cstart=40&citation_for_view=tBLWIBoAAAAJ:OU6Ihb5iCvQC",
        "citation_id": "tBLWIBoAAAAJ:OU6Ihb5iCvQC",
        "authors": "TL Marzetta, MG Zierdt",
        "publication": "US Patent 8,143,746, 2012",
        "year": "2012"
    },
    {
        "title": "Interference reduction on cellular networks with large antenna arrays",
        "link": "https://scholar.google.com/citations?view_op=view_citation&hl=en&user=tBLWIBoAAAAJ&cstart=60&citation_for_view=tBLWIBoAAAAJ:ns9cj8rnVeAC",
        "citation_id": "tBLWIBoAAAAJ:ns9cj8rnVeAC",
        "authors": "F Fernandes, A Ashikhmin, TL Marzetta",
        "publication": "Proc. IEEE Int. Conf. Commun.(ICC), 1-5, 2012",
        "year": "2012"
    },
    {
        "title": "Methods for reducing inter-cell interference by precoding signals for transmission in wireless MIMO system",
        "link": "https://scholar.google.com/citations?view_op=view_citation&hl=en&user=tBLWIBoAAAAJ&cstart=100&citation_for_view=tBLWIBoAAAAJ:WqliGbK-hY8C",
        "citation_id": "tBLWIBoAAAAJ:WqliGbK-hY8C",
        "authors": "A Ashikhmin, J Jose, T Marzetta",
        "publication": "US Patent 8,140,070, 2012",
        "year": "2012"
    },
    {
        "title": "Pilot signal allocation method and apparatus for multi-user wireless systems",
        "link": "https://scholar.google.com/citations?view_op=view_citation&hl=en&user=tBLWIBoAAAAJ&cstart=160&citation_for_view=tBLWIBoAAAAJ:SeFeTyx0c_EC",
        "citation_id": "tBLWIBoAAAAJ:SeFeTyx0c_EC",
        "authors": "A Ashikhmin, TL Marzetta",
        "publication": "US Patent 8,179,779, 2012",
        "year": "2012"
    },
    {
        "title": "Argos: Practical Many-Antenna Base Stations",
        "link": "https://scholar.google.com/citations?view_op=view_citation&hl=en&user=tBLWIBoAAAAJ&cstart=220&citation_for_view=tBLWIBoAAAAJ:edDO8Oi4QzsC",
        "citation_id": "tBLWIBoAAAAJ:edDO8Oi4QzsC",
        "authors": "HY Clayton Shepard, N Anand, LE Li, T Marzetta, R Yang, L Zhong",
        "publication": null,
        "year": "2012"
    }
]