[
    {
        "title": "A neural speech decoding framework leveraging deep learning and speech synthesis",
        "link": "https://scholar.google.com/citations?view_op=view_citation&hl=en&user=AnALXFcAAAAJ&cstart=240&citation_for_view=AnALXFcAAAAJ:ic_3QcYvHh4C",
        "citation_id": "AnALXFcAAAAJ:ic_3QcYvHh4C",
        "authors": "X Chen, R Wang, A Khalilian-Gourtani, L Yu, P Dugan, D Friedman, ...",
        "publication": "Nature Machine Intelligence, 1-14, 2024",
        "year": "2024"
    },
    {
        "title": "Subject-Agnostic Transformer-Based Neural Speech Decoding from Surface and Depth Electrode Signals",
        "link": "https://scholar.google.com/citations?view_op=view_citation&hl=en&user=AnALXFcAAAAJ&cstart=340&citation_for_view=AnALXFcAAAAJ:k7q84DbdwMkC",
        "citation_id": "AnALXFcAAAAJ:k7q84DbdwMkC",
        "authors": "J Chen, X Chen, R Wang, C Le, A Khalilian-Gourtani, E Jensen, P Dugan, ...",
        "publication": "bioRxiv, 2024",
        "year": "2024"
    },
    {
        "title": "Distributed feedforward and feedback cortical processing supports human speech production",
        "link": "https://scholar.google.com/citations?view_op=view_citation&hl=en&user=AnALXFcAAAAJ&cstart=240&citation_for_view=AnALXFcAAAAJ:tBfr3w0bYzwC",
        "citation_id": "AnALXFcAAAAJ:tBfr3w0bYzwC",
        "authors": "R Wang, X Chen, A Khalilian-Gourtani, L Yu, P Dugan, D Friedman, ...",
        "publication": "Proceedings of the National Academy of Sciences 120 (42), e2300255120, 2023",
        "year": "2023"
    },
    {
        "title": "Understanding the impact of image quality and distance of objects to object detection performance",
        "link": "https://scholar.google.com/citations?view_op=view_citation&hl=en&user=AnALXFcAAAAJ&cstart=240&citation_for_view=AnALXFcAAAAJ:ktwD37sSiqIC",
        "citation_id": "AnALXFcAAAAJ:ktwD37sSiqIC",
        "authors": "Y Hao, H Pei, Y Lyu, Z Yuan, JR Rizzo, Y Wang, Y Fang",
        "publication": "2023 IEEE/RSJ International Conference on Intelligent Robots and Systems \u2026, 2023",
        "year": "2023"
    },
    {
        "title": "Longitudinal in Utero Analysis of Engrailed-1 Knockout Mouse Embryonic Phenotypes Using High-Frequency Ultrasound",
        "link": "https://scholar.google.com/citations?view_op=view_citation&hl=en&user=AnALXFcAAAAJ&cstart=380&citation_for_view=AnALXFcAAAAJ:931SYA3ZkTIC",
        "citation_id": "AnALXFcAAAAJ:931SYA3ZkTIC",
        "authors": "O Aristiz\u00e1bal, Z Qiu, E Gallego, M Aristiz\u00e1bal, J Mamou, Y Wang, ...",
        "publication": "Ultrasound in medicine & biology 49 (1), 356-367, 2023",
        "year": "2023"
    },
    {
        "title": "A web-and mobile-based intervention for women treated for breast cancer to manage chronic pain and symptoms related to lymphedema: results of a randomized clinical trial",
        "link": "https://scholar.google.com/citations?view_op=view_citation&hl=en&user=AnALXFcAAAAJ&cstart=160&citation_for_view=AnALXFcAAAAJ:pu1mUoDpsTEC",
        "citation_id": "AnALXFcAAAAJ:pu1mUoDpsTEC",
        "authors": "MR Fu, D Axelrod, AA Guth, J Scagliola, K Rampertaap, N El-Shammaa, ...",
        "publication": "JMIR cancer 8 (1), e29485, 2022",
        "year": "2022"
    },
    {
        "title": "End-to-end neural video coding using a compound spatiotemporal representation",
        "link": "https://scholar.google.com/citations?view_op=view_citation&hl=en&user=AnALXFcAAAAJ&cstart=160&citation_for_view=AnALXFcAAAAJ:lz8o09xyl3YC",
        "citation_id": "AnALXFcAAAAJ:lz8o09xyl3YC",
        "authors": "H Liu, M Lu, Z Chen, X Cao, Z Ma, Y Wang",
        "publication": "IEEE Transactions on Circuits and Systems for Video Technology 32 (8), 5650-5662, 2022",
        "year": "2022"
    },
    {
        "title": "CDLNet: Noise-adaptive convolutional dictionary learning network for blind denoising and demosaicing",
        "link": "https://scholar.google.com/citations?view_op=view_citation&hl=en&user=AnALXFcAAAAJ&cstart=200&citation_for_view=AnALXFcAAAAJ:Zw6bp432IjcC",
        "citation_id": "AnALXFcAAAAJ:Zw6bp432IjcC",
        "authors": "N Janju\u0161evi\u0107, A Khalilian-Gourtani, Y Wang",
        "publication": "IEEE Open Journal of Signal Processing 3, 196-211, 2022",
        "year": "2022"
    },
    {
        "title": "Feature compression for rate constrained object detection on the edge",
        "link": "https://scholar.google.com/citations?view_op=view_citation&hl=en&user=AnALXFcAAAAJ&cstart=220&citation_for_view=AnALXFcAAAAJ:dQkRmPOb44MC",
        "citation_id": "AnALXFcAAAAJ:dQkRmPOb44MC",
        "authors": "Z Yuan, S Rawlekar, S Garg, E Erkip, Y Wang",
        "publication": "2022 IEEE 5th International Conference on Multimedia Information Processing \u2026, 2022",
        "year": "2022"
    },
    {
        "title": "Network-aware 5G edge computing for object detection: Augmenting wearables to \u201csee\u201d more, farther and faster",
        "link": "https://scholar.google.com/citations?view_op=view_citation&hl=en&user=AnALXFcAAAAJ&cstart=240&citation_for_view=AnALXFcAAAAJ:yQVn1LuZ3bMC",
        "citation_id": "AnALXFcAAAAJ:yQVn1LuZ3bMC",
        "authors": "Z Yuan, T Azzino, Y Hao, Y Lyu, H Pei, A Boldini, M Mezzavilla, ...",
        "publication": "IEEE Access 10, 29612-29632, 2022",
        "year": "2022"
    },
    {
        "title": "Live 360 degree video delivery based on user collaboration in a streaming flock",
        "link": "https://scholar.google.com/citations?view_op=view_citation&hl=en&user=AnALXFcAAAAJ&cstart=240&citation_for_view=AnALXFcAAAAJ:aOgtWGAEtoUC",
        "citation_id": "AnALXFcAAAAJ:aOgtWGAEtoUC",
        "authors": "L Sun, Y Mao, T Zong, Y Liu, Y Wang",
        "publication": "IEEE Transactions on Multimedia 25, 2636-2647, 2022",
        "year": "2022"
    },
    {
        "title": "Lymphatic pain in breast cancer survivors",
        "link": "https://scholar.google.com/citations?view_op=view_citation&hl=en&user=AnALXFcAAAAJ&cstart=280&citation_for_view=AnALXFcAAAAJ:0W_RdsIFBAIC",
        "citation_id": "AnALXFcAAAAJ:0W_RdsIFBAIC",
        "authors": "K Fitzgerald Jones, MR Fu, ML McTernan, E Ko, S Yazicioglu, D Axelrod, ...",
        "publication": "Lymphatic Research and Biology 20 (5), 525-532, 2022",
        "year": "2022"
    },
    {
        "title": "A corollary discharge circuit in human speech",
        "link": "https://scholar.google.com/citations?view_op=view_citation&hl=en&user=AnALXFcAAAAJ&cstart=300&citation_for_view=AnALXFcAAAAJ:OnQ0iyPyVxgC",
        "citation_id": "AnALXFcAAAAJ:OnQ0iyPyVxgC",
        "authors": "A Khalilian-Gourtani, R Wang, X Chen, L Yu, P Dugan, D Friedman, ...",
        "publication": "BioRxiv, 2022.09. 12.507590, 2022",
        "year": "2022"
    },
    {
        "title": "Co-occurring fatigue and lymphatic pain incrementally aggravate their negative effects on activities of daily living, emotional distress, and overall health of breast cancer \u2026",
        "link": "https://scholar.google.com/citations?view_op=view_citation&hl=en&user=AnALXFcAAAAJ&cstart=300&citation_for_view=AnALXFcAAAAJ:F2a-4B4e-pgC",
        "citation_id": "AnALXFcAAAAJ:F2a-4B4e-pgC",
        "authors": "MR Fu, ML McTernan, JM Qiu, C Miaskowski, YP Conley, E Ko, D Axelrod, ...",
        "publication": "Integrative cancer therapies 21, 15347354221089605, 2022",
        "year": "2022"
    },
    {
        "title": "Learning to predict on octree for scalable point cloud geometry coding",
        "link": "https://scholar.google.com/citations?view_op=view_citation&hl=en&user=AnALXFcAAAAJ&cstart=340&citation_for_view=AnALXFcAAAAJ:sWAldHABTL0C",
        "citation_id": "AnALXFcAAAAJ:sWAldHABTL0C",
        "authors": "Y Mao, Y Hu, Y Wang",
        "publication": "2022 IEEE 5th International Conference on Multimedia Information Processing \u2026, 2022",
        "year": "2022"
    },
    {
        "title": "Gabor is enough: Interpretable deep denoising with a Gabor synthesis dictionary prior",
        "link": "https://scholar.google.com/citations?view_op=view_citation&hl=en&user=AnALXFcAAAAJ&cstart=340&citation_for_view=AnALXFcAAAAJ:ELXbv_g87O8C",
        "citation_id": "AnALXFcAAAAJ:ELXbv_g87O8C",
        "authors": "N Janju\u0161evi\u0107, A Khalilian-Gourtani, Y Wang",
        "publication": "arXiv preprint arXiv:2204.11146, 2022",
        "year": "2022"
    },
    {
        "title": "Lymphatic Pain in breast Cancer survivors",
        "link": "https://scholar.google.com/citations?view_op=view_citation&hl=en&user=AnALXFcAAAAJ&cstart=400&citation_for_view=AnALXFcAAAAJ:c52SNvrZdl4C",
        "citation_id": "AnALXFcAAAAJ:c52SNvrZdl4C",
        "authors": "KF Jones, MR Fu, ML McTernan, E Ko, S Yazicioglu, D Axelrod, AA Guth, ...",
        "publication": "Lymphatic Research and Biology 20 (5), 525, 2022",
        "year": "2022"
    },
    {
        "title": "Segmentation-Free OCT-Volume-Based Deep Learning Model Improves Point-Wise Visual Field Threshold Estimation",
        "link": "https://scholar.google.com/citations?view_op=view_citation&hl=en&user=AnALXFcAAAAJ&cstart=400&citation_for_view=AnALXFcAAAAJ:x8K8jMk1HKsC",
        "citation_id": "AnALXFcAAAAJ:x8K8jMk1HKsC",
        "authors": "Z Chen, E Shemuelian, L Zheng, G Wollstein, Y Wang, H Ishikawa, ...",
        "publication": "Investigative Ophthalmology & Visual Science 63 (7), 852-852, 2022",
        "year": "2022"
    },
    {
        "title": "End-to-end learnt image compression via non-local attention optimization and improved context modeling",
        "link": "https://scholar.google.com/citations?view_op=view_citation&hl=en&user=AnALXFcAAAAJ&citation_for_view=AnALXFcAAAAJ:yFYWucPuYHUC",
        "citation_id": "AnALXFcAAAAJ:yFYWucPuYHUC",
        "authors": "T Chen, H Liu, Z Ma, Q Shen, X Cao, Y Wang",
        "publication": "IEEE Transactions on Image Processing 30, 3179-3191, 2021",
        "year": "2021"
    },
    {
        "title": "Towards optimal low-latency live video streaming",
        "link": "https://scholar.google.com/citations?view_op=view_citation&hl=en&user=AnALXFcAAAAJ&cstart=180&citation_for_view=AnALXFcAAAAJ:1aOn4xb1Yy4C",
        "citation_id": "AnALXFcAAAAJ:1aOn4xb1Yy4C",
        "authors": "L Sun, T Zong, S Wang, Y Liu, Y Wang",
        "publication": "IEEE/ACM transactions on networking 29 (5), 2327-2338, 2021",
        "year": "2021"
    },
    {
        "title": "Motion adaptive pose estimation from compressed videos",
        "link": "https://scholar.google.com/citations?view_op=view_citation&hl=en&user=AnALXFcAAAAJ&cstart=180&citation_for_view=AnALXFcAAAAJ:huaeK-hngbUC",
        "citation_id": "AnALXFcAAAAJ:huaeK-hngbUC",
        "authors": "Z Fan, J Liu, Y Wang",
        "publication": "Proceedings of the IEEE/CVF International Conference on Computer Vision \u2026, 2021",
        "year": "2021"
    },
    {
        "title": "Tightrope walking in low-latency live streaming: Optimal joint adaptation of video rate and playback speed",
        "link": "https://scholar.google.com/citations?view_op=view_citation&hl=en&user=AnALXFcAAAAJ&cstart=180&citation_for_view=AnALXFcAAAAJ:uc6ANCUMB5EC",
        "citation_id": "AnALXFcAAAAJ:uc6ANCUMB5EC",
        "authors": "L Sun, T Zong, S Wang, Y Liu, Y Wang",
        "publication": "Proceedings of the 12th ACM Multimedia Systems Conference, 200-213, 2021",
        "year": "2021"
    },
    {
        "title": "The effects of kinect-enhanced lymphatic exercise intervention on lymphatic pain, swelling, and lymph fluid level",
        "link": "https://scholar.google.com/citations?view_op=view_citation&hl=en&user=AnALXFcAAAAJ&cstart=200&citation_for_view=AnALXFcAAAAJ:1leIBayAx6IC",
        "citation_id": "AnALXFcAAAAJ:1leIBayAx6IC",
        "authors": "MR Fu, ML McTernan, JM Qiu, E Ko, S Yazicioglu, D Axelrod, A Guth, ...",
        "publication": "Integrative Cancer Therapies 20, 15347354211026757, 2021",
        "year": "2021"
    },
    {
        "title": "PDWN: Pyramid deformable warping network for video interpolation",
        "link": "https://scholar.google.com/citations?view_op=view_citation&hl=en&user=AnALXFcAAAAJ&cstart=220&citation_for_view=AnALXFcAAAAJ:E327TtleLkAC",
        "citation_id": "AnALXFcAAAAJ:E327TtleLkAC",
        "authors": "Z Chen, R Wang, H Liu, Y Wang",
        "publication": "IEEE Open Journal of Signal Processing 2, 413-424, 2021",
        "year": "2021"
    },
    {
        "title": "The effects of obesity on lymphatic pain and swelling in breast cancer patients",
        "link": "https://scholar.google.com/citations?view_op=view_citation&hl=en&user=AnALXFcAAAAJ&cstart=220&citation_for_view=AnALXFcAAAAJ:0NjfygGRKBAC",
        "citation_id": "AnALXFcAAAAJ:0NjfygGRKBAC",
        "authors": "MR Fu, D Axelrod, A Guth, ML McTernan, JM Qiu, Z Zhou, E Ko, ...",
        "publication": "Biomedicines 9 (7), 818, 2021",
        "year": "2021"
    },
    {
        "title": "A deep learning approach for segmentation, classification, and visualization of 3-D high-frequency ultrasound images of mouse embryos",
        "link": "https://scholar.google.com/citations?view_op=view_citation&hl=en&user=AnALXFcAAAAJ&cstart=240&citation_for_view=AnALXFcAAAAJ:govzCpNz0AkC",
        "citation_id": "AnALXFcAAAAJ:govzCpNz0AkC",
        "authors": "Z Qiu, T Xu, J Langerman, W Das, C Wang, N Nair, O Aristiz\u00e1bal, ...",
        "publication": "IEEE transactions on ultrasonics, ferroelectrics, and frequency control 68 \u2026, 2021",
        "year": "2021"
    },
    {
        "title": "Distributed feedforward and feedback processing across perisylvian cortex supports human speech",
        "link": "https://scholar.google.com/citations?view_op=view_citation&hl=en&user=AnALXFcAAAAJ&cstart=300&citation_for_view=AnALXFcAAAAJ:qkf3Gv5zyh0C",
        "citation_id": "AnALXFcAAAAJ:qkf3Gv5zyh0C",
        "authors": "R Wang, X Chen, A Khalilian-Gourtani, L Yu, P Dugan, D Friedman, ...",
        "publication": "bioRxiv, 2021.12. 06.471521, 2021",
        "year": "2021"
    },
    {
        "title": "Block-based learned image coding with convolutional autoencoder and intra-prediction aided entropy coding",
        "link": "https://scholar.google.com/citations?view_op=view_citation&hl=en&user=AnALXFcAAAAJ&cstart=300&citation_for_view=AnALXFcAAAAJ:5XmnnTorJuUC",
        "citation_id": "AnALXFcAAAAJ:5XmnnTorJuUC",
        "authors": "Z Yuan, H Liu, D Mukherjee, B Adsumilli, Y Wang",
        "publication": "2021 Picture Coding Symposium (PCS), 1-5, 2021",
        "year": "2021"
    },
    {
        "title": "CDLNet: Robust and interpretable denoising through deep convolutional dictionary learning",
        "link": "https://scholar.google.com/citations?view_op=view_citation&hl=en&user=AnALXFcAAAAJ&cstart=300&citation_for_view=AnALXFcAAAAJ:rl_pDxgcFBgC",
        "citation_id": "AnALXFcAAAAJ:rl_pDxgcFBgC",
        "authors": "N Janju\u0161evi\u0107, A Khalilian-Gourtani, Y Wang",
        "publication": "arXiv preprint arXiv:2103.04779, 2021",
        "year": "2021"
    },
    {
        "title": "Domain Adaptation of Networks for Camera Pose Estimation: Learning Camera Pose Estimation Without Pose Labels",
        "link": "https://scholar.google.com/citations?view_op=view_citation&hl=en&user=AnALXFcAAAAJ&cstart=340&citation_for_view=AnALXFcAAAAJ:H02WaCB1hl0C",
        "citation_id": "AnALXFcAAAAJ:H02WaCB1hl0C",
        "authors": "J Langerman, Z Qiu, G S\u00f6r\u00f6s, D Seb\u0151k, Y Wang, H Huang",
        "publication": "arXiv preprint arXiv:2111.14741, 2021",
        "year": "2021"
    },
    {
        "title": "Neural video coding using multiscale motion compensation and spatiotemporal context model",
        "link": "https://scholar.google.com/citations?view_op=view_citation&hl=en&user=AnALXFcAAAAJ&cstart=60&citation_for_view=AnALXFcAAAAJ:Zh5dQqPUJYgC",
        "citation_id": "AnALXFcAAAAJ:Zh5dQqPUJYgC",
        "authors": "H Liu, M Lu, Z Ma, F Wang, Z Xie, X Cao, Y Wang",
        "publication": "IEEE Transactions on Circuits and Systems for Video Technology 31 (8), 3182-3196, 2020",
        "year": "2020"
    },
    {
        "title": "Flocking-based live streaming of 360-degree video",
        "link": "https://scholar.google.com/citations?view_op=view_citation&hl=en&user=AnALXFcAAAAJ&cstart=80&citation_for_view=AnALXFcAAAAJ:u27vqak4FjcC",
        "citation_id": "AnALXFcAAAAJ:u27vqak4FjcC",
        "authors": "L Sun, Y Mao, T Zong, Y Liu, Y Wang",
        "publication": "Proceedings of the 11th ACM Multimedia Systems Conference, 26-37, 2020",
        "year": "2020"
    },
    {
        "title": "Adaptive computationally efficient network for monocular 3d hand pose estimation",
        "link": "https://scholar.google.com/citations?view_op=view_citation&hl=en&user=AnALXFcAAAAJ&cstart=120&citation_for_view=AnALXFcAAAAJ:1NEBFUVDtJoC",
        "citation_id": "AnALXFcAAAAJ:1NEBFUVDtJoC",
        "authors": "Z Fan, J Liu, Y Wang",
        "publication": "Computer Vision\u2013ECCV 2020: 16th European Conference, Glasgow, UK, August 23 \u2026, 2020",
        "year": "2020"
    },
    {
        "title": "Low-latency fov-adaptive coding and streaming for interactive 360 video streaming",
        "link": "https://scholar.google.com/citations?view_op=view_citation&hl=en&user=AnALXFcAAAAJ&cstart=140&citation_for_view=AnALXFcAAAAJ:YCcYkCo-LYMC",
        "citation_id": "AnALXFcAAAAJ:YCcYkCo-LYMC",
        "authors": "Y Mao, L Sun, Y Liu, Y Wang",
        "publication": "Proceedings of the 28th ACM International Conference on Multimedia, 3696-3704, 2020",
        "year": "2020"
    },
    {
        "title": "iWaste: Video-based medical waste detection and classification",
        "link": "https://scholar.google.com/citations?view_op=view_citation&hl=en&user=AnALXFcAAAAJ&cstart=160&citation_for_view=AnALXFcAAAAJ:3D4GOovXbekC",
        "citation_id": "AnALXFcAAAAJ:3D4GOovXbekC",
        "authors": "J Chen, J Mao, C Thiel, Y Wang",
        "publication": "2020 42nd Annual International Conference of the IEEE Engineering in \u2026, 2020",
        "year": "2020"
    },
    {
        "title": "Stimulus speech decoding from human cortex with generative adversarial network transfer learning",
        "link": "https://scholar.google.com/citations?view_op=view_citation&hl=en&user=AnALXFcAAAAJ&cstart=180&citation_for_view=AnALXFcAAAAJ:MyEGAj8fA98C",
        "citation_id": "AnALXFcAAAAJ:MyEGAj8fA98C",
        "authors": "R Wang, X Chen, A Khalilian-Gourtani, Z Chen, L Yu, A Flinker, Y Wang",
        "publication": "2020 IEEE 17th International Symposium on Biomedical Imaging (ISBI), 390-394, 2020",
        "year": "2020"
    },
    {
        "title": "Deep mouse: An end-to-end auto-context refinement framework for brain ventricle & body segmentation in embryonic mice ultrasound volumes",
        "link": "https://scholar.google.com/citations?view_op=view_citation&hl=en&user=AnALXFcAAAAJ&cstart=260&citation_for_view=AnALXFcAAAAJ:eGUjzMdJww8C",
        "citation_id": "AnALXFcAAAAJ:eGUjzMdJww8C",
        "authors": "T Xu, Z Qiu, W Das, C Wang, J Langerman, N Nair, O Aristiz\u00e1bal, ...",
        "publication": "2020 IEEE 17th International Symposium on Biomedical Imaging (ISBI), 122-126, 2020",
        "year": "2020"
    },
    {
        "title": "Macular GCIPL thickness map prediction via time-aware convolutional LSTM",
        "link": "https://scholar.google.com/citations?view_op=view_citation&hl=en&user=AnALXFcAAAAJ&cstart=300&citation_for_view=AnALXFcAAAAJ:87bMZUJgXBAC",
        "citation_id": "AnALXFcAAAAJ:87bMZUJgXBAC",
        "authors": "Z Chen, Y Wang, G Wollstein, M de los Angeles Ramos-Cadena, ...",
        "publication": "2020 IEEE 17th International Symposium on Biomedical Imaging (ISBI), 1-5, 2020",
        "year": "2020"
    },
    {
        "title": "Masked-RPCA: Moving object detection with an overlaying model",
        "link": "https://scholar.google.com/citations?view_op=view_citation&hl=en&user=AnALXFcAAAAJ&cstart=320&citation_for_view=AnALXFcAAAAJ:Ymzu4MlHY1YC",
        "citation_id": "AnALXFcAAAAJ:Ymzu4MlHY1YC",
        "authors": "A Khalilian-Gourtani, S Minaee, Y Wang",
        "publication": "IEEE Open Journal of Signal Processing 1, 274-286, 2020",
        "year": "2020"
    },
    {
        "title": "Scanner independent deep learning-based segmentation framework applied to mouse embryos",
        "link": "https://scholar.google.com/citations?view_op=view_citation&hl=en&user=AnALXFcAAAAJ&cstart=360&citation_for_view=AnALXFcAAAAJ:XlwuXga91i8C",
        "citation_id": "AnALXFcAAAAJ:XlwuXga91i8C",
        "authors": "O Aristizabal, DH Turnbull, JA Ketterling, Y Wang, Z Qiu, T Xu, H Goldman, ...",
        "publication": "2020 IEEE International Ultrasonics Symposium (IUS), 1-4, 2020",
        "year": "2020"
    },
    {
        "title": "Predicting Macular Progression Map Using Deep Learning",
        "link": "https://scholar.google.com/citations?view_op=view_citation&hl=en&user=AnALXFcAAAAJ&cstart=400&citation_for_view=AnALXFcAAAAJ:RCxWpCfmCtUC",
        "citation_id": "AnALXFcAAAAJ:RCxWpCfmCtUC",
        "authors": "Z Chen, Y Wang, M de los Angeles Ramos-Cadena, G Wollstein, ...",
        "publication": "Investigative Ophthalmology & Visual Science 61 (7), 4532-4532, 2020",
        "year": "2020"
    },
    {
        "title": "Non-local attention optimized deep image compression",
        "link": "https://scholar.google.com/citations?view_op=view_citation&hl=en&user=AnALXFcAAAAJ&cstart=40&citation_for_view=AnALXFcAAAAJ:UbrQw703F5EC",
        "citation_id": "AnALXFcAAAAJ:UbrQw703F5EC",
        "authors": "H Liu, T Chen, P Guo, Q Shen, X Cao, Y Wang, Z Ma",
        "publication": "arXiv preprint arXiv:1904.09757, 2019",
        "year": "2019"
    },
    {
        "title": "An ADMM approach to masked signal decomposition using subspace representation",
        "link": "https://scholar.google.com/citations?view_op=view_citation&hl=en&user=AnALXFcAAAAJ&cstart=60&citation_for_view=AnALXFcAAAAJ:V1F8Uaa1PxQC",
        "citation_id": "AnALXFcAAAAJ:V1F8Uaa1PxQC",
        "authors": "S Minaee, Y Wang",
        "publication": "IEEE Transactions on Image Processing 28 (7), 3192-3204, 2019",
        "year": "2019"
    },
    {
        "title": "Very long term field of view prediction for 360-degree video streaming",
        "link": "https://scholar.google.com/citations?view_op=view_citation&hl=en&user=AnALXFcAAAAJ&cstart=60&citation_for_view=AnALXFcAAAAJ:F03Cqbp4CkEC",
        "citation_id": "AnALXFcAAAAJ:F03Cqbp4CkEC",
        "authors": "C Li, W Zhang, Y Liu, Y Wang",
        "publication": "2019 IEEE Conference on Multimedia Information Processing and Retrieval \u2026, 2019",
        "year": "2019"
    },
    {
        "title": "A two-tier system for on-demand streaming of 360 degree video over dynamic networks",
        "link": "https://scholar.google.com/citations?view_op=view_citation&hl=en&user=AnALXFcAAAAJ&cstart=80&citation_for_view=AnALXFcAAAAJ:H4GFzQhrpr4C",
        "citation_id": "AnALXFcAAAAJ:H4GFzQhrpr4C",
        "authors": "L Sun, F Duanmu, Y Liu, Y Wang, Y Ye, H Shi, D Dai",
        "publication": "IEEE Journal on Emerging and Selected Topics in Circuits and Systems 9 (1 \u2026, 2019",
        "year": "2019"
    },
    {
        "title": "MTBI identification from diffusion MR images using bag of adversarial visual features",
        "link": "https://scholar.google.com/citations?view_op=view_citation&hl=en&user=AnALXFcAAAAJ&cstart=120&citation_for_view=AnALXFcAAAAJ:XYBbmEkKTjAC",
        "citation_id": "AnALXFcAAAAJ:XYBbmEkKTjAC",
        "authors": "S Minaee, Y Wang, A Aygar, S Chung, X Wang, YW Lui, E Fieremans, ...",
        "publication": "IEEE transactions on medical imaging 38 (11), 2545-2555, 2019",
        "year": "2019"
    },
    {
        "title": "Tracknet: Simultaneous object detection and tracking and its application in traffic video analysis",
        "link": "https://scholar.google.com/citations?view_op=view_citation&hl=en&user=AnALXFcAAAAJ&cstart=140&citation_for_view=AnALXFcAAAAJ:sBLHmyPFfXYC",
        "citation_id": "AnALXFcAAAAJ:sBLHmyPFfXYC",
        "authors": "C Li, G Dobler, X Feng, Y Wang",
        "publication": "arXiv preprint arXiv:1902.01466, 2019",
        "year": "2019"
    },
    {
        "title": "Layered image compression using scalable auto-encoder",
        "link": "https://scholar.google.com/citations?view_op=view_citation&hl=en&user=AnALXFcAAAAJ&cstart=140&citation_for_view=AnALXFcAAAAJ:uQZYMm4vmbQC",
        "citation_id": "AnALXFcAAAAJ:uQZYMm4vmbQC",
        "authors": "C Jia, Z Liu, Y Wang, S Ma, W Gao",
        "publication": "2019 IEEE Conference on Multimedia Information Processing and Retrieval \u2026, 2019",
        "year": "2019"
    },
    {
        "title": "Optimal strategies for live video streaming in the low-latency regime",
        "link": "https://scholar.google.com/citations?view_op=view_citation&hl=en&user=AnALXFcAAAAJ&cstart=180&citation_for_view=AnALXFcAAAAJ:iLA_OlcwMCQC",
        "citation_id": "AnALXFcAAAAJ:iLA_OlcwMCQC",
        "authors": "L Sun, T Zong, Y Liu, Y Wang, H Zhu",
        "publication": "2019 IEEE 27th International Conference on Network Protocols (ICNP), 1-4, 2019",
        "year": "2019"
    },
    {
        "title": "Automatic mouse embryo brain ventricle & body segmentation and mutant classification from ultrasound data using deep learning",
        "link": "https://scholar.google.com/citations?view_op=view_citation&hl=en&user=AnALXFcAAAAJ&cstart=280&citation_for_view=AnALXFcAAAAJ:3iO5xmXIOaUC",
        "citation_id": "AnALXFcAAAAJ:3iO5xmXIOaUC",
        "authors": "Z Qiu, N Nair, J Langerman, O Aristizabal, J Mamou, DH Turnbull, ...",
        "publication": "2019 IEEE International Ultrasonics Symposium (IUS), 12-15, 2019",
        "year": "2019"
    },
    {
        "title": "Masked-RPCA: Sparse and low-rank decomposition under overlaying model and application to moving object detection",
        "link": "https://scholar.google.com/citations?view_op=view_citation&hl=en&user=AnALXFcAAAAJ&cstart=320&citation_for_view=AnALXFcAAAAJ:NPXGMAJaBc0C",
        "citation_id": "AnALXFcAAAAJ:NPXGMAJaBc0C",
        "authors": "A Khalilian-Gourtani, S Minaee, Y Wang",
        "publication": "arXiv preprint arXiv:1909.08049, 2019",
        "year": "2019"
    },
    {
        "title": "Plant Tracer: A Program to Track and Quantify Plant Movement from Cellphone Captured Time-Lapse Movies.",
        "link": "https://scholar.google.com/citations?view_op=view_citation&hl=en&user=AnALXFcAAAAJ&cstart=340&citation_for_view=AnALXFcAAAAJ:RqjVAqjNLL8C",
        "citation_id": "AnALXFcAAAAJ:RqjVAqjNLL8C",
        "authors": "AM Guercio, Y Mao, VND Carvalho, J Zhang, C Li, Z Ren, W Zhao, ...",
        "publication": "Bioscene: Journal of College Biology Teaching 45 (3), 14-21, 2019",
        "year": "2019"
    },
    {
        "title": "Identification of relevant diffusion MRI metrics impacting cognitive functions using a novel feature selection method",
        "link": "https://scholar.google.com/citations?view_op=view_citation&hl=en&user=AnALXFcAAAAJ&cstart=380&citation_for_view=AnALXFcAAAAJ:qU-VGGhXkmEC",
        "citation_id": "AnALXFcAAAAJ:qU-VGGhXkmEC",
        "authors": "T Xu, X Cai, Y Wang, X Wang, S Chung, E Fieremans, J Rath, S Flanagan, ...",
        "publication": "2019 IEEE Signal Processing in Medicine and Biology Symposium (SPMB), 1-6, 2019",
        "year": "2019"
    },
    {
        "title": "Neural image compression via non-local attention optimization and improved context modeling",
        "link": "https://scholar.google.com/citations?view_op=view_citation&hl=en&user=AnALXFcAAAAJ&cstart=400&citation_for_view=AnALXFcAAAAJ:foh7Nj-Ytx4C",
        "citation_id": "AnALXFcAAAAJ:foh7Nj-Ytx4C",
        "authors": "T Chen, H Liu, Z Ma, Q Shen, X Cao, Y Wang",
        "publication": "arXiv preprint arXiv:1910.06244, 2019",
        "year": "2019"
    },
    {
        "title": "Multi-path multi-tier 360-degree video streaming in 5G networks",
        "link": "https://scholar.google.com/citations?view_op=view_citation&hl=en&user=AnALXFcAAAAJ&cstart=40&citation_for_view=AnALXFcAAAAJ:i-_JggfHpwwC",
        "citation_id": "AnALXFcAAAAJ:i-_JggfHpwwC",
        "authors": "L Sun, F Duanmu, Y Liu, Y Wang, Y Ye, H Shi, D Dai",
        "publication": "Proceedings of the 9th ACM multimedia systems conference, 162-173, 2018",
        "year": "2018"
    },
    {
        "title": "A subjective study of viewer navigation behaviors when watching 360-degree videos on computers",
        "link": "https://scholar.google.com/citations?view_op=view_citation&hl=en&user=AnALXFcAAAAJ&cstart=80&citation_for_view=AnALXFcAAAAJ:c1inI0PF7pQC",
        "citation_id": "AnALXFcAAAAJ:c1inI0PF7pQC",
        "authors": "F Duanmu, Y Mao, S Liu, S Srinivasan, Y Wang",
        "publication": "2018 IEEE International Conference on Multimedia and Expo (ICME), 1-6, 2018",
        "year": "2018"
    },
    {
        "title": "Machine learning for detection of lymphedema among breast cancer survivors",
        "link": "https://scholar.google.com/citations?view_op=view_citation&hl=en&user=AnALXFcAAAAJ&cstart=100&citation_for_view=AnALXFcAAAAJ:v4854jF90TkC",
        "citation_id": "AnALXFcAAAAJ:v4854jF90TkC",
        "authors": "MR Fu, Y Wang, C Li, Z Qiu, D Axelrod, AA Guth, J Scagliola, Y Conley, ...",
        "publication": "Mhealth 4, 2018",
        "year": "2018"
    },
    {
        "title": "Kinect-based in-home exercise system for lymphatic health and lymphedema intervention",
        "link": "https://scholar.google.com/citations?view_op=view_citation&hl=en&user=AnALXFcAAAAJ&cstart=140&citation_for_view=AnALXFcAAAAJ:DWxtP5USGgwC",
        "citation_id": "AnALXFcAAAAJ:DWxtP5USGgwC",
        "authors": "AT Chiang, Q Chen, Y Wang, MR Fu",
        "publication": "IEEE journal of translational engineering in health and medicine 6, 1-13, 2018",
        "year": "2018"
    },
    {
        "title": "Content-adaptive 360-degree video coding using hybrid cubemap projection",
        "link": "https://scholar.google.com/citations?view_op=view_citation&hl=en&user=AnALXFcAAAAJ&cstart=140&citation_for_view=AnALXFcAAAAJ:uYXrTPzN_RMC",
        "citation_id": "AnALXFcAAAAJ:uYXrTPzN_RMC",
        "authors": "Y He, X Xiu, P Hanhart, Y Ye, F Duanmu, Y Wang",
        "publication": "2018 Picture Coding Symposium (PCS), 313-317, 2018",
        "year": "2018"
    },
    {
        "title": "Generalized recurrent neural network accommodating dynamic causal modeling for functional MRI analysis",
        "link": "https://scholar.google.com/citations?view_op=view_citation&hl=en&user=AnALXFcAAAAJ&cstart=160&citation_for_view=AnALXFcAAAAJ:PHYL98PuWpMC",
        "citation_id": "AnALXFcAAAAJ:PHYL98PuWpMC",
        "authors": "Y Wang, Y Wang, YW Lui",
        "publication": "NeuroImage 178, 385-402, 2018",
        "year": "2018"
    },
    {
        "title": "A deep unsupervised learning approach toward MTBI identification using diffusion MRI",
        "link": "https://scholar.google.com/citations?view_op=view_citation&hl=en&user=AnALXFcAAAAJ&cstart=180&citation_for_view=AnALXFcAAAAJ:wcu1fX446GUC",
        "citation_id": "AnALXFcAAAAJ:wcu1fX446GUC",
        "authors": "S Minaee, Y Wang, A Choromanska, S Chung, X Wang, E Fieremans, ...",
        "publication": "2018 40th Annual International Conference of the IEEE Engineering in \u2026, 2018",
        "year": "2018"
    },
    {
        "title": "Hybrid cubemap projection format for 360-degree video coding",
        "link": "https://scholar.google.com/citations?view_op=view_citation&hl=en&user=AnALXFcAAAAJ&cstart=180&citation_for_view=AnALXFcAAAAJ:J0LY0Bm-n5cC",
        "citation_id": "AnALXFcAAAAJ:J0LY0Bm-n5cC",
        "authors": "F Duanmu, Y He, X Xiu, P Hanhart, Y Ye, Y Wang",
        "publication": "2018 Data Compression Conference, 404-404, 2018",
        "year": "2018"
    },
    {
        "title": "Perceptual quality assessment of immersive images considering peripheral vision impact",
        "link": "https://scholar.google.com/citations?view_op=view_citation&hl=en&user=AnALXFcAAAAJ&cstart=220&citation_for_view=AnALXFcAAAAJ:6VrQ_Oig6p4C",
        "citation_id": "AnALXFcAAAAJ:6VrQ_Oig6p4C",
        "authors": "P Guo, Q Shen, Z Ma, DJ Brady, Y Wang",
        "publication": "arXiv preprint arXiv:1802.09065, 2018",
        "year": "2018"
    },
    {
        "title": "Deep bv: A fully automated system for brain ventricle localization and segmentation in 3d ultrasound images of embryonic mice",
        "link": "https://scholar.google.com/citations?view_op=view_citation&hl=en&user=AnALXFcAAAAJ&cstart=220&citation_for_view=AnALXFcAAAAJ:gB62h_fVIc8C",
        "citation_id": "AnALXFcAAAAJ:gB62h_fVIc8C",
        "authors": "Z Qiu, J Langerman, N Nair, O Aristizabal, J Mamou, DH Turnbull, ...",
        "publication": "2018 IEEE Signal Processing in Medicine and Biology Symposium (SPMB), 1-6, 2018",
        "year": "2018"
    },
    {
        "title": "Reconstructing speech stimuli from human auditory cortex activity using a WaveNet approach",
        "link": "https://scholar.google.com/citations?view_op=view_citation&hl=en&user=AnALXFcAAAAJ&cstart=240&citation_for_view=AnALXFcAAAAJ:f2Mon5pdNkoC",
        "citation_id": "AnALXFcAAAAJ:f2Mon5pdNkoC",
        "authors": "R Wang, Y Wang, A Flinker",
        "publication": "2018 IEEE Signal Processing in Medicine and Biology Symposium (SPMB), 1-6, 2018",
        "year": "2018"
    },
    {
        "title": "Multispectral image intrinsic decomposition via subspace constraint",
        "link": "https://scholar.google.com/citations?view_op=view_citation&hl=en&user=AnALXFcAAAAJ&cstart=240&citation_for_view=AnALXFcAAAAJ:0D2kpAuYNpwC",
        "citation_id": "AnALXFcAAAAJ:0D2kpAuYNpwC",
        "authors": "Q Huang, W Zhu, Y Zhao, L Chen, Y Wang, T Yue, X Cao",
        "publication": "Proceedings of the IEEE Conference on Computer Vision and Pattern \u2026, 2018",
        "year": "2018"
    },
    {
        "title": "Automatic body localization and brain ventricle segmentation in 3D high frequency ultrasound images of mouse embryos",
        "link": "https://scholar.google.com/citations?view_op=view_citation&hl=en&user=AnALXFcAAAAJ&cstart=260&citation_for_view=AnALXFcAAAAJ:VJffpIWY3bEC",
        "citation_id": "AnALXFcAAAAJ:VJffpIWY3bEC",
        "authors": "J Kuo, Z Qiu, O Aristizabal, J Mamou, DH Turnbull, J Ketterling, Y Wang",
        "publication": "2018 IEEE 15th International Symposium on Biomedical Imaging (ISBI 2018 \u2026, 2018",
        "year": "2018"
    },
    {
        "title": "An HEVC-compliant fast screen content transcoding framework based on mode mapping",
        "link": "https://scholar.google.com/citations?view_op=view_citation&hl=en&user=AnALXFcAAAAJ&cstart=280&citation_for_view=AnALXFcAAAAJ:KFzZh0wzmzoC",
        "citation_id": "AnALXFcAAAAJ:KFzZh0wzmzoC",
        "authors": "F Duanmu, Z Ma, M Xu, Y Wang",
        "publication": "IEEE Transactions on Circuits and Systems for Video Technology 29 (10), 3068 \u2026, 2018",
        "year": "2018"
    },
    {
        "title": "A multi-view pedestrian tracking framework based on graph matching",
        "link": "https://scholar.google.com/citations?view_op=view_citation&hl=en&user=AnALXFcAAAAJ&cstart=300&citation_for_view=AnALXFcAAAAJ:3ATAXZaS3TEC",
        "citation_id": "AnALXFcAAAAJ:3ATAXZaS3TEC",
        "authors": "F Duanmu, X Feng, X Zhu, W Tan, Y Wang",
        "publication": "2018 IEEE Conference on Multimedia Information Processing and Retrieval \u2026, 2018",
        "year": "2018"
    },
    {
        "title": "Motion sequence alignment for a kinect-based in-home exercise system for lymphatic health and lymphedema intervention",
        "link": "https://scholar.google.com/citations?view_op=view_citation&hl=en&user=AnALXFcAAAAJ&cstart=320&citation_for_view=AnALXFcAAAAJ:g-i3Ukzf_VsC",
        "citation_id": "AnALXFcAAAAJ:g-i3Ukzf_VsC",
        "authors": "AT Chiang, Q Chen, Y Wang, MR Fu",
        "publication": "2018 40th Annual International Conference of the IEEE Engineering in \u2026, 2018",
        "year": "2018"
    },
    {
        "title": "Scanning acoustic microscopy image super-resolution using bilateral weighted total variation regularization",
        "link": "https://scholar.google.com/citations?view_op=view_citation&hl=en&user=AnALXFcAAAAJ&cstart=360&citation_for_view=AnALXFcAAAAJ:ZYrdKuCbJMkC",
        "citation_id": "AnALXFcAAAAJ:ZYrdKuCbJMkC",
        "authors": "A Khalilian-Gourtani, Y Wang, J Mamou",
        "publication": "2018 40th Annual International Conference of the IEEE Engineering in \u2026, 2018",
        "year": "2018"
    },
    {
        "title": "Long-term prediction of \u03bcECOG signals with a spatio-temporal pyramid of adversarial convolutional networks",
        "link": "https://scholar.google.com/citations?view_op=view_citation&hl=en&user=AnALXFcAAAAJ&cstart=360&citation_for_view=AnALXFcAAAAJ:Y2wsZ1s-vmcC",
        "citation_id": "AnALXFcAAAAJ:Y2wsZ1s-vmcC",
        "authors": "R Wang, Y Song, Y Wang, J Viventi",
        "publication": "2018 IEEE 15th International Symposium on Biomedical Imaging (ISBI 2018 \u2026, 2018",
        "year": "2018"
    },
    {
        "title": "Biophysically interpretable recurrent neural network for functional magnetic resonance imaging analysis and sparsity based causal architecture discovery",
        "link": "https://scholar.google.com/citations?view_op=view_citation&hl=en&user=AnALXFcAAAAJ&cstart=400&citation_for_view=AnALXFcAAAAJ:rPB0gLI-PpcC",
        "citation_id": "AnALXFcAAAAJ:rPB0gLI-PpcC",
        "authors": "Y Wang, Y Wang, YW Lui",
        "publication": "2018 40th Annual International Conference of the IEEE Engineering in \u2026, 2018",
        "year": "2018"
    },
    {
        "title": "Adversarial autoencoder analysis on human \u03bcECoG dataset",
        "link": "https://scholar.google.com/citations?view_op=view_citation&hl=en&user=AnALXFcAAAAJ&cstart=400&citation_for_view=AnALXFcAAAAJ:h8cq2_eCHYoC",
        "citation_id": "AnALXFcAAAAJ:h8cq2_eCHYoC",
        "authors": "Y Song, Y Wang, J Viventi",
        "publication": null,
        "year": "2018"
    },
    {
        "title": "Prioritized buffer control in two-tier 360 video streaming",
        "link": "https://scholar.google.com/citations?view_op=view_citation&hl=en&user=AnALXFcAAAAJ&cstart=60&citation_for_view=AnALXFcAAAAJ:wciTqFkxdgkC",
        "citation_id": "AnALXFcAAAAJ:wciTqFkxdgkC",
        "authors": "F Duanmu, E Kurdoglu, SA Hosseini, Y Liu, Y Wang",
        "publication": "Proceedings of the Workshop on Virtual Reality and Augmented Reality Network \u2026, 2017",
        "year": "2017"
    },
    {
        "title": "Palmprint recognition using deep scattering network",
        "link": "https://scholar.google.com/citations?view_op=view_citation&hl=en&user=AnALXFcAAAAJ&cstart=100&citation_for_view=AnALXFcAAAAJ:aWCtK4zW1QcC",
        "citation_id": "AnALXFcAAAAJ:aWCtK4zW1QcC",
        "authors": "S Minaee, Y Wang",
        "publication": "2017 IEEE international symposium on circuits and systems (ISCAS), 1-4, 2017",
        "year": "2017"
    },
    {
        "title": "View direction and bandwidth adaptive 360 degree video streaming using a two-tier system",
        "link": "https://scholar.google.com/citations?view_op=view_citation&hl=en&user=AnALXFcAAAAJ&cstart=100&citation_for_view=AnALXFcAAAAJ:-7hz9Je1r5AC",
        "citation_id": "AnALXFcAAAAJ:-7hz9Je1r5AC",
        "authors": "F Duanmu, E Kurdoglu, Y Liu, Y Wang",
        "publication": "2017 IEEE International Symposium on Circuits and Systems (ISCAS), 1-4, 2017",
        "year": "2017"
    },
    {
        "title": "Face recognition using scattering convolutional network",
        "link": "https://scholar.google.com/citations?view_op=view_citation&hl=en&user=AnALXFcAAAAJ&cstart=200&citation_for_view=AnALXFcAAAAJ:UGFFkuTI9KQC",
        "citation_id": "AnALXFcAAAAJ:UGFFkuTI9KQC",
        "authors": "S Minaee, A Abdolrashidi, Y Wang",
        "publication": "2017 IEEE signal processing in medicine and biology symposium (SPMB), 1-6, 2017",
        "year": "2017"
    },
    {
        "title": "Identifying mild traumatic brain injury patients from MR images using bag of visual words",
        "link": "https://scholar.google.com/citations?view_op=view_citation&hl=en&user=AnALXFcAAAAJ&cstart=200&citation_for_view=AnALXFcAAAAJ:DVyGZPgByDIC",
        "citation_id": "AnALXFcAAAAJ:DVyGZPgByDIC",
        "authors": "S Minaee, S Wang, Y Wang, S Chung, X Wang, E Fieremans, S Flanagan, ...",
        "publication": "2017 IEEE Signal Processing in Medicine and Biology Symposium (SPMB), 1-5, 2017",
        "year": "2017"
    },
    {
        "title": "Segmentation of 3-d high-frequency ultrasound images of human lymph nodes using graph cut with energy functional adapted to local intensity distribution",
        "link": "https://scholar.google.com/citations?view_op=view_citation&hl=en&user=AnALXFcAAAAJ&cstart=200&citation_for_view=AnALXFcAAAAJ:4ZsGBcvdSVYC",
        "citation_id": "AnALXFcAAAAJ:4ZsGBcvdSVYC",
        "authors": "J Kuo, J Mamou, Y Wang, E Saegusa-Beecroft, J Machi, EJ Feleppa",
        "publication": "IEEE transactions on ultrasonics, ferroelectrics, and frequency control 64 \u2026, 2017",
        "year": "2017"
    },
    {
        "title": "Masked signal decomposition using subspace representation and its applications",
        "link": "https://scholar.google.com/citations?view_op=view_citation&hl=en&user=AnALXFcAAAAJ&cstart=220&citation_for_view=AnALXFcAAAAJ:N-FJNlFh0M0C",
        "citation_id": "AnALXFcAAAAJ:N-FJNlFh0M0C",
        "authors": "S Minaee, Y Wang",
        "publication": "arXiv preprint arXiv:1704.07711, 2017",
        "year": "2017"
    },
    {
        "title": "Text extraction from texture images using masked signal decomposition",
        "link": "https://scholar.google.com/citations?view_op=view_citation&hl=en&user=AnALXFcAAAAJ&cstart=240&citation_for_view=AnALXFcAAAAJ:8JCv8wX2cnwC",
        "citation_id": "AnALXFcAAAAJ:8JCv8wX2cnwC",
        "authors": "S Minaee, Y Wang",
        "publication": "2017 IEEE Global Conference on Signal and Information Processing (GlobalSIP \u2026, 2017",
        "year": "2017"
    },
    {
        "title": "Perceptual quality maximization for video calls with packet losses by optimizing FEC, frame rate, and quantization",
        "link": "https://scholar.google.com/citations?view_op=view_citation&hl=en&user=AnALXFcAAAAJ&cstart=260&citation_for_view=AnALXFcAAAAJ:PNfI_lJY3VoC",
        "citation_id": "AnALXFcAAAAJ:PNfI_lJY3VoC",
        "authors": "E Kurdoglu, Y Liu, Y Wang",
        "publication": "IEEE Transactions on Multimedia 20 (7), 1876-1887, 2017",
        "year": "2017"
    },
    {
        "title": "Denoising of joint tracking data by Kinect sensors using clustered Gaussian process regression",
        "link": "https://scholar.google.com/citations?view_op=view_citation&hl=en&user=AnALXFcAAAAJ&cstart=260&citation_for_view=AnALXFcAAAAJ:Rf6a1nC3vzYC",
        "citation_id": "AnALXFcAAAAJ:Rf6a1nC3vzYC",
        "authors": "AT Chiang, Q Chen, S Li, Y Wang, M Fu",
        "publication": "Proceedings of the 2nd International Workshop on Multimedia for Personal \u2026, 2017",
        "year": "2017"
    },
    {
        "title": "Online cost efficient customer recognition system for retail analytics",
        "link": "https://scholar.google.com/citations?view_op=view_citation&hl=en&user=AnALXFcAAAAJ&cstart=260&citation_for_view=AnALXFcAAAAJ:8pmPzg0SwZgC",
        "citation_id": "AnALXFcAAAAJ:8pmPzg0SwZgC",
        "authors": "Y Song, Y Xue, C Li, X Zhao, S Liu, X Zhuo, K Zhang, B Yan, X Ning, ...",
        "publication": "2017 IEEE Winter Applications of Computer Vision Workshops (WACVW), 9-16, 2017",
        "year": "2017"
    },
    {
        "title": "A machine learning approach for identifying patients with mild traumatic brain injury using diffusion MRI modeling",
        "link": "https://scholar.google.com/citations?view_op=view_citation&hl=en&user=AnALXFcAAAAJ&cstart=280&citation_for_view=AnALXFcAAAAJ:cLTWZyeEzYQC",
        "citation_id": "AnALXFcAAAAJ:cLTWZyeEzYQC",
        "authors": "S Minaee, Y Wang, S Chung, X Wang, E Fieremans, S Flanagan, J Rath, ...",
        "publication": "arXiv preprint arXiv:1708.09000, 2017",
        "year": "2017"
    },
    {
        "title": "Unsupervised Learning of Spike Patterns for Seizure Detection and Wavefront Estimation of High Resolution Micro Electrocorticographic ( ECoG) Data",
        "link": "https://scholar.google.com/citations?view_op=view_citation&hl=en&user=AnALXFcAAAAJ&cstart=280&citation_for_view=AnALXFcAAAAJ:jUqCk8qRJtQC",
        "citation_id": "AnALXFcAAAAJ:jUqCk8qRJtQC",
        "authors": "Y Song, Y Wang, J Viventi",
        "publication": "IEEE Transactions on Nanobioscience 16 (6), 418-427, 2017",
        "year": "2017"
    },
    {
        "title": "Subspace learning in the presence of sparse structured outliers and noise",
        "link": "https://scholar.google.com/citations?view_op=view_citation&hl=en&user=AnALXFcAAAAJ&cstart=280&citation_for_view=AnALXFcAAAAJ:PULDfne2wrMC",
        "citation_id": "AnALXFcAAAAJ:PULDfne2wrMC",
        "authors": "S Minaee, Y Wang",
        "publication": "2017 IEEE International Symposium on Circuits and Systems (ISCAS), 1-4, 2017",
        "year": "2017"
    },
    {
        "title": "Pixel-wise object tracking",
        "link": "https://scholar.google.com/citations?view_op=view_citation&hl=en&user=AnALXFcAAAAJ&cstart=320&citation_for_view=AnALXFcAAAAJ:v_FkV0n481sC",
        "citation_id": "AnALXFcAAAAJ:v_FkV0n481sC",
        "authors": "Y Song, C Li, Y Wang",
        "publication": "arXiv preprint arXiv:1711.07377, 2017",
        "year": "2017"
    },
    {
        "title": "HEVC-compliant screen content transcoding based on mode mapping and fast termination",
        "link": "https://scholar.google.com/citations?view_op=view_citation&hl=en&user=AnALXFcAAAAJ&cstart=360&citation_for_view=AnALXFcAAAAJ:Q-ijiC23VkMC",
        "citation_id": "AnALXFcAAAAJ:Q-ijiC23VkMC",
        "authors": "F Duanmu, M Xu, Y Wang, Z Ma",
        "publication": "2017 IEEE Visual Communications and Image Processing (VCIP), 1-4, 2017",
        "year": "2017"
    },
    {
        "title": "Multi resolution LSTM for long term prediction in neural activity video",
        "link": "https://scholar.google.com/citations?view_op=view_citation&hl=en&user=AnALXFcAAAAJ&cstart=360&citation_for_view=AnALXFcAAAAJ:kOSmcaXA1tUC",
        "citation_id": "AnALXFcAAAAJ:kOSmcaXA1tUC",
        "authors": "Y Song, J Viventi, Y Wang",
        "publication": "arXiv preprint arXiv:1705.02893, 2017",
        "year": "2017"
    },
    {
        "title": "A novel video coding framework using a self-adaptive dictionary",
        "link": "https://scholar.google.com/citations?view_op=view_citation&hl=en&user=AnALXFcAAAAJ&cstart=380&citation_for_view=AnALXFcAAAAJ:K35e6KM2uOgC",
        "citation_id": "AnALXFcAAAAJ:K35e6KM2uOgC",
        "authors": "Y Xue, Y Wang",
        "publication": "IEEE Transactions on Circuits and Systems for Video Technology 28 (12), 3478 \u2026, 2017",
        "year": "2017"
    },
    {
        "title": "An object based graph representation for video comparison",
        "link": "https://scholar.google.com/citations?view_op=view_citation&hl=en&user=AnALXFcAAAAJ&cstart=380&citation_for_view=AnALXFcAAAAJ:1jSx-IFpb-IC",
        "citation_id": "AnALXFcAAAAJ:1jSx-IFpb-IC",
        "authors": "X Feng, Y Xue, Y Wang",
        "publication": "2017 IEEE International Conference on Image Processing (ICIP), 2548-2552, 2017",
        "year": "2017"
    },
    {
        "title": "Video object graph: A novel semantic level representation for videos",
        "link": "https://scholar.google.com/citations?view_op=view_citation&hl=en&user=AnALXFcAAAAJ&cstart=380&citation_for_view=AnALXFcAAAAJ:ZNOuKgBQx1MC",
        "citation_id": "AnALXFcAAAAJ:ZNOuKgBQx1MC",
        "authors": "X Feng, Y Xue, Y Wang",
        "publication": "2017 IEEE International Conference on Multimedia & Expo Workshops (ICMEW \u2026, 2017",
        "year": "2017"
    },
    {
        "title": "Method and apparatus for multiple description video coding",
        "link": "https://scholar.google.com/citations?view_op=view_citation&hl=en&user=AnALXFcAAAAJ&cstart=400&citation_for_view=AnALXFcAAAAJ:rgN_k7xm38IC",
        "citation_id": "AnALXFcAAAAJ:rgN_k7xm38IC",
        "authors": "M Orchard, H Jafarkhani, A Reibman, Y Wang",
        "publication": "US Patent 9,826,258, 2017",
        "year": "2017"
    },
    {
        "title": "An experimental study of deep convolutional features for iris recognition",
        "link": "https://scholar.google.com/citations?view_op=view_citation&hl=en&user=AnALXFcAAAAJ&cstart=20&citation_for_view=AnALXFcAAAAJ:3WMdIS9jerUC",
        "citation_id": "AnALXFcAAAAJ:3WMdIS9jerUC",
        "authors": "S Minaee, A Abdolrashidiy, Y Wang",
        "publication": "2016 IEEE signal processing in medicine and biology symposium (SPMB), 1-6, 2016",
        "year": "2016"
    },
    {
        "title": "Fast mode and partition decision using machine learning for intra-frame coding in HEVC screen content coding extension",
        "link": "https://scholar.google.com/citations?view_op=view_citation&hl=en&user=AnALXFcAAAAJ&cstart=60&citation_for_view=AnALXFcAAAAJ:FZCUiftdOUEC",
        "citation_id": "AnALXFcAAAAJ:FZCUiftdOUEC",
        "authors": "F Duanmu, Z Ma, Y Wang",
        "publication": "IEEE Journal on Emerging and Selected Topics in Circuits and Systems 6 (4 \u2026, 2016",
        "year": "2016"
    },
    {
        "title": "mHealth self-care interventions: managing symptoms following breast cancer treatment",
        "link": "https://scholar.google.com/citations?view_op=view_citation&hl=en&user=AnALXFcAAAAJ&cstart=60&citation_for_view=AnALXFcAAAAJ:4hOqyt_CDOQC",
        "citation_id": "AnALXFcAAAAJ:4hOqyt_CDOQC",
        "authors": "MR Fu, D Axelrod, AA Guth, K Rampertaap, N El-Shammaa, K Hiotis, ...",
        "publication": "Mhealth 2, 2016",
        "year": "2016"
    },
    {
        "title": "Real-time bandwidth prediction and rate adaptation for video calls over cellular networks",
        "link": "https://scholar.google.com/citations?view_op=view_citation&hl=en&user=AnALXFcAAAAJ&cstart=60&citation_for_view=AnALXFcAAAAJ:U03CBwV65AMC",
        "citation_id": "AnALXFcAAAAJ:U03CBwV65AMC",
        "authors": "E Kurdoglu, Y Liu, Y Wang, Y Shi, CC Gu, J Lyu",
        "publication": "Proceedings of the 7th International Conference on Multimedia Systems, 1-11, 2016",
        "year": "2016"
    },
    {
        "title": "Screen content image segmentation using robust regression and sparse decomposition",
        "link": "https://scholar.google.com/citations?view_op=view_citation&hl=en&user=AnALXFcAAAAJ&cstart=80&citation_for_view=AnALXFcAAAAJ:JBb3iDCq_MUC",
        "citation_id": "AnALXFcAAAAJ:JBb3iDCq_MUC",
        "authors": "S Minaee, Y Wang",
        "publication": "IEEE Journal on Emerging and Selected Topics in Circuits and Systems 6 (4 \u2026, 2016",
        "year": "2016"
    },
    {
        "title": "Usability and feasibility of health IT interventions to enhance Self-Care for Lymphedema Symptom Management in breast cancer survivors",
        "link": "https://scholar.google.com/citations?view_op=view_citation&hl=en&user=AnALXFcAAAAJ&cstart=100&citation_for_view=AnALXFcAAAAJ:n_Y37N8lPRgC",
        "citation_id": "AnALXFcAAAAJ:n_Y37N8lPRgC",
        "authors": "MR Fu, D Axelrod, AA Guth, Y Wang, J Scagliola, K Hiotis, K Rampertaap, ...",
        "publication": "Internet interventions 5, 56-64, 2016",
        "year": "2016"
    },
    {
        "title": "A web-and mobile-based intervention for women treated for breast cancer to manage chronic pain and symptoms related to lymphedema: Randomized clinical trial rationale and protocol",
        "link": "https://scholar.google.com/citations?view_op=view_citation&hl=en&user=AnALXFcAAAAJ&cstart=120&citation_for_view=AnALXFcAAAAJ:yP4e4_ytxyQC",
        "citation_id": "AnALXFcAAAAJ:yP4e4_ytxyQC",
        "authors": "MR Fu, D Axelrod, A Guth, J Scagliola, K Rampertaap, N El-Shammaa, ...",
        "publication": "JMIR Research Protocols 5 (1), e5104, 2016",
        "year": "2016"
    },
    {
        "title": "Screen content image segmentation using sparse decomposition and total variation minimization",
        "link": "https://scholar.google.com/citations?view_op=view_citation&hl=en&user=AnALXFcAAAAJ&cstart=180&citation_for_view=AnALXFcAAAAJ:J2bekHtxHrEC",
        "citation_id": "AnALXFcAAAAJ:J2bekHtxHrEC",
        "authors": "S Minaee, Y Wang",
        "publication": "2016 IEEE International Conference on Image Processing (ICIP), 3882-3886, 2016",
        "year": "2016"
    },
    {
        "title": "A novel screen content fast transcoding framework based on statistical study and machine learning",
        "link": "https://scholar.google.com/citations?view_op=view_citation&hl=en&user=AnALXFcAAAAJ&cstart=200&citation_for_view=AnALXFcAAAAJ:k9DIvIRG6EUC",
        "citation_id": "AnALXFcAAAAJ:k9DIvIRG6EUC",
        "authors": "F Duanmu, Z Ma, W Wang, M Xu, Y Wang",
        "publication": "2016 IEEE International Conference on Image Processing (ICIP), 4205-4209, 2016",
        "year": "2016"
    },
    {
        "title": "Image segmentation using overlapping group sparsity",
        "link": "https://scholar.google.com/citations?view_op=view_citation&hl=en&user=AnALXFcAAAAJ&cstart=360&citation_for_view=AnALXFcAAAAJ:rGOvMUGnLKoC",
        "citation_id": "AnALXFcAAAAJ:rGOvMUGnLKoC",
        "authors": "S Minaee, Y Wang",
        "publication": "2016 IEEE Signal Processing in Medicine and Biology Symposium (SPMB), 1-5, 2016",
        "year": "2016"
    },
    {
        "title": "Depth recovery via decomposition of polynomial and piece-wise constant signals",
        "link": "https://scholar.google.com/citations?view_op=view_citation&hl=en&user=AnALXFcAAAAJ&cstart=360&citation_for_view=AnALXFcAAAAJ:VaMtIHQgT-EC",
        "citation_id": "AnALXFcAAAAJ:VaMtIHQgT-EC",
        "authors": "X Ye, X Song, J Yang, C Hou, Y Wang",
        "publication": "2016 Visual Communications and Image Processing (VCIP), 1-4, 2016",
        "year": "2016"
    },
    {
        "title": "Diversity encouraged learning of unsupervised LSTM ensemble for neural activity video prediction",
        "link": "https://scholar.google.com/citations?view_op=view_citation&hl=en&user=AnALXFcAAAAJ&cstart=360&citation_for_view=AnALXFcAAAAJ:0Hu3yDpMehgC",
        "citation_id": "AnALXFcAAAAJ:0Hu3yDpMehgC",
        "authors": "Y Song, J Viventi, Y Wang",
        "publication": "arXiv preprint arXiv:1611.04899, 2016",
        "year": "2016"
    },
    {
        "title": "Image Decomposition Using a Robust Regression Approach",
        "link": "https://scholar.google.com/citations?view_op=view_citation&hl=en&user=AnALXFcAAAAJ&cstart=400&citation_for_view=AnALXFcAAAAJ:hAJF2LPpgi4C",
        "citation_id": "AnALXFcAAAAJ:hAJF2LPpgi4C",
        "authors": "S Minaee, Y Wang",
        "publication": "arXiv preprint arXiv:1609.03874, 2016",
        "year": "2016"
    },
    {
        "title": "Foreground\u2013background separation from video clips via motion-assisted matrix restoration",
        "link": "https://scholar.google.com/citations?view_op=view_citation&hl=en&user=AnALXFcAAAAJ&cstart=20&citation_for_view=AnALXFcAAAAJ:Mbok6mdz-IgC",
        "citation_id": "AnALXFcAAAAJ:Mbok6mdz-IgC",
        "authors": "X Ye, J Yang, X Sun, K Li, C Hou, Y Wang",
        "publication": "IEEE Transactions on Circuits and Systems for Video Technology 25 (11), 1721 \u2026, 2015",
        "year": "2015"
    },
    {
        "title": "Iris recognition using scattering transform and textural features",
        "link": "https://scholar.google.com/citations?view_op=view_citation&hl=en&user=AnALXFcAAAAJ&cstart=40&citation_for_view=AnALXFcAAAAJ:jU8F8PsuBvwC",
        "citation_id": "AnALXFcAAAAJ:jU8F8PsuBvwC",
        "authors": "S Minaee, AA Abdolrashidi, Y Wang",
        "publication": "2015 IEEE signal processing and signal processing education workshop (SP/SPE \u2026, 2015",
        "year": "2015"
    },
    {
        "title": "Fast CU partition decision using machine learning for screen content compression",
        "link": "https://scholar.google.com/citations?view_op=view_citation&hl=en&user=AnALXFcAAAAJ&cstart=60&citation_for_view=AnALXFcAAAAJ:E6fllpwcL2QC",
        "citation_id": "AnALXFcAAAAJ:E6fllpwcL2QC",
        "authors": "F Duanmu, Z Ma, Y Wang",
        "publication": "2015 IEEE international conference on image processing (ICIP), 4972-4976, 2015",
        "year": "2015"
    },
    {
        "title": "Screen content image segmentation using least absolute deviation fitting",
        "link": "https://scholar.google.com/citations?view_op=view_citation&hl=en&user=AnALXFcAAAAJ&cstart=80&citation_for_view=AnALXFcAAAAJ:FOwCf_TXbHsC",
        "citation_id": "AnALXFcAAAAJ:FOwCf_TXbHsC",
        "authors": "S Minaee, Y Wang",
        "publication": "2015 IEEE International Conference on Image Processing (ICIP), 3295-3299, 2015",
        "year": "2015"
    },
    {
        "title": "Screen content image segmentation using sparse-smooth decomposition",
        "link": "https://scholar.google.com/citations?view_op=view_citation&hl=en&user=AnALXFcAAAAJ&cstart=120&citation_for_view=AnALXFcAAAAJ:tLzud7Tc15MC",
        "citation_id": "AnALXFcAAAAJ:tLzud7Tc15MC",
        "authors": "S Minaee, A Abdolrashidi, Y Wang",
        "publication": "2015 49th asilomar conference on signals, systems and computers, 1202-1206, 2015",
        "year": "2015"
    },
    {
        "title": "Fingerprint recognition using translation invariant scattering network",
        "link": "https://scholar.google.com/citations?view_op=view_citation&hl=en&user=AnALXFcAAAAJ&cstart=120&citation_for_view=AnALXFcAAAAJ:u6-6eBKWo08C",
        "citation_id": "AnALXFcAAAAJ:u6-6eBKWo08C",
        "authors": "S Minaee, Y Wang",
        "publication": "2015 IEEE Signal Processing in Medicine and Biology Symposium (SPMB), 1-6, 2015",
        "year": "2015"
    },
    {
        "title": "Nested graph cut for automatic segmentation of high-frequency ultrasound images of the mouse embryo",
        "link": "https://scholar.google.com/citations?view_op=view_citation&hl=en&user=AnALXFcAAAAJ&cstart=140&citation_for_view=AnALXFcAAAAJ:5SmDtb6s3NQC",
        "citation_id": "AnALXFcAAAAJ:5SmDtb6s3NQC",
        "authors": "J Kuo, J Mamou, O Aristiz\u00e1bal, X Zhao, JA Ketterling, Y Wang",
        "publication": "IEEE transactions on medical imaging 35 (2), 427-441, 2015",
        "year": "2015"
    },
    {
        "title": "Assessing the visual effect of non-periodic temporal variation of quantization stepsize in compressed video",
        "link": "https://scholar.google.com/citations?view_op=view_citation&hl=en&user=AnALXFcAAAAJ&cstart=160&citation_for_view=AnALXFcAAAAJ:NWfMFnOmw5AC",
        "citation_id": "AnALXFcAAAAJ:NWfMFnOmw5AC",
        "authors": "Z Guo, Y Wang, X Zhu",
        "publication": "2015 IEEE International Conference on Image Processing (ICIP), 3121-3125, 2015",
        "year": "2015"
    },
    {
        "title": "Adaptive joint source and channel coding scheme for H. 264 video multicasting over wireless networks",
        "link": "https://scholar.google.com/citations?view_op=view_citation&hl=en&user=AnALXFcAAAAJ&cstart=180&citation_for_view=AnALXFcAAAAJ:yFnVuubrUp4C",
        "citation_id": "AnALXFcAAAAJ:yFnVuubrUp4C",
        "authors": "Z Liu, H Liu, Y Wang",
        "publication": "US Patent 9,066,158, 2015",
        "year": "2015"
    },
    {
        "title": "Dealing with user heterogeneity in P2P multi-party video conferencing: Layered distribution versus partitioned simulcast",
        "link": "https://scholar.google.com/citations?view_op=view_citation&hl=en&user=AnALXFcAAAAJ&cstart=200&citation_for_view=AnALXFcAAAAJ:PjIctmvwreMC",
        "citation_id": "AnALXFcAAAAJ:PjIctmvwreMC",
        "authors": "E Kurdoglu, Y Liu, Y Wang",
        "publication": "IEEE Transactions on Multimedia 18 (1), 90-101, 2015",
        "year": "2015"
    },
    {
        "title": "Automatic mouse embryo brain ventricle segmentation, gestation stage estimation, and mutant detection from 3D 40-MHz ultrasound data",
        "link": "https://scholar.google.com/citations?view_op=view_citation&hl=en&user=AnALXFcAAAAJ&cstart=220&citation_for_view=AnALXFcAAAAJ:wjBq0-pscrAC",
        "citation_id": "AnALXFcAAAAJ:wjBq0-pscrAC",
        "authors": "J Kuo, Y Wang, O Aristizabal, DH Turnbull, J Ketterling, J Mamou",
        "publication": "2015 IEEE International Ultrasonics Symposium (IUS), 1-4, 2015",
        "year": "2015"
    },
    {
        "title": "Wireless video multicast with cooperative and incremental transmission of parity packets",
        "link": "https://scholar.google.com/citations?view_op=view_citation&hl=en&user=AnALXFcAAAAJ&cstart=260&citation_for_view=AnALXFcAAAAJ:fwWdEuDl8VMC",
        "citation_id": "AnALXFcAAAAJ:fwWdEuDl8VMC",
        "authors": "Z Guo, Y Wang, E Erkip, SS Panwar",
        "publication": "IEEE Transactions on Multimedia 17 (8), 1335-1346, 2015",
        "year": "2015"
    },
    {
        "title": "One-pass mode and motion decision for multilayer quality scalable video coding",
        "link": "https://scholar.google.com/citations?view_op=view_citation&hl=en&user=AnALXFcAAAAJ&cstart=260&citation_for_view=AnALXFcAAAAJ:GDruHiClxt8C",
        "citation_id": "AnALXFcAAAAJ:GDruHiClxt8C",
        "authors": "M Xu, Z Ma, Y Wang",
        "publication": "IEEE Transactions on Image Processing 24 (11), 4250-4262, 2015",
        "year": "2015"
    },
    {
        "title": "A novel nested graph cuts method for segmenting human lymph nodes in 3D high frequency ultrasound images",
        "link": "https://scholar.google.com/citations?view_op=view_citation&hl=en&user=AnALXFcAAAAJ&cstart=260&citation_for_view=AnALXFcAAAAJ:cl8RKLMXmjEC",
        "citation_id": "AnALXFcAAAAJ:cl8RKLMXmjEC",
        "authors": "J Kuo, J Mamou, Y Wang, E Saegusa-Beecroft, J Machi, EJ Feleppa",
        "publication": "2015 IEEE 12th International Symposium on Biomedical Imaging (ISBI), 372-375, 2015",
        "year": "2015"
    },
    {
        "title": "Seizure detection and prediction through clustering and temporal analysis of micro electrocorticographic data",
        "link": "https://scholar.google.com/citations?view_op=view_citation&hl=en&user=AnALXFcAAAAJ&cstart=360&citation_for_view=AnALXFcAAAAJ:pSDPu2lMr6QC",
        "citation_id": "AnALXFcAAAAJ:pSDPu2lMr6QC",
        "authors": "Y Song, J Viventi, Y Wang",
        "publication": "2015 IEEE Signal Processing in Medicine and Biology Symposium (SPMB), 1-7, 2015",
        "year": "2015"
    },
    {
        "title": "A two-stage video coding framework with both self-adaptive redundant dictionary and adaptively orthonormalized DCT basis",
        "link": "https://scholar.google.com/citations?view_op=view_citation&hl=en&user=AnALXFcAAAAJ&cstart=380&citation_for_view=AnALXFcAAAAJ:nHD5ou89wN0C",
        "citation_id": "AnALXFcAAAAJ:nHD5ou89wN0C",
        "authors": "Y Xue, Y Zhou, Y Wang",
        "publication": "2015 IEEE International Conference on Image Processing (ICIP), 1697-1701, 2015",
        "year": "2015"
    },
    {
        "title": "Color-guided depth recovery from RGB-D data using an adaptive autoregressive model",
        "link": "https://scholar.google.com/citations?view_op=view_citation&hl=en&user=AnALXFcAAAAJ&citation_for_view=AnALXFcAAAAJ:Z5nd7rOUOioC",
        "citation_id": "AnALXFcAAAAJ:Z5nd7rOUOioC",
        "authors": "J Yang, X Ye, K Li, C Hou, Y Wang",
        "publication": "IEEE transactions on image processing 23 (8), 3443-3458, 2014",
        "year": "2014"
    },
    {
        "title": "Q-STAR: A perceptual video quality model considering impact of spatial, temporal, and amplitude resolutions",
        "link": "https://scholar.google.com/citations?view_op=view_citation&hl=en&user=AnALXFcAAAAJ&cstart=40&citation_for_view=AnALXFcAAAAJ:LhH-TYMQEocC",
        "citation_id": "AnALXFcAAAAJ:LhH-TYMQEocC",
        "authors": "YF Ou, Y Xue, Y Wang",
        "publication": "IEEE Transactions on Image Processing 23 (6), 2473-2486, 2014",
        "year": "2014"
    },
    {
        "title": "Human detection in fish-eye images using HOG-based detectors over rotated windows",
        "link": "https://scholar.google.com/citations?view_op=view_citation&hl=en&user=AnALXFcAAAAJ&cstart=100&citation_for_view=AnALXFcAAAAJ:iEoCnZ8BJ4AC",
        "citation_id": "AnALXFcAAAAJ:iEoCnZ8BJ4AC",
        "authors": "AT Chiang, Y Wang",
        "publication": "2014 IEEE International Conference on Multimedia and Expo Workshops (ICMEW), 1-6, 2014",
        "year": "2014"
    },
    {
        "title": "A novel no-reference video quality metric for evaluating temporal jerkiness due to frame freezing",
        "link": "https://scholar.google.com/citations?view_op=view_citation&hl=en&user=AnALXFcAAAAJ&cstart=100&citation_for_view=AnALXFcAAAAJ:bmfTSDZOMjoC",
        "citation_id": "AnALXFcAAAAJ:bmfTSDZOMjoC",
        "authors": "Y Xue, B Erkin, Y Wang",
        "publication": "IEEE Transactions on Multimedia 17 (1), 134-139, 2014",
        "year": "2014"
    },
    {
        "title": "Classification algorithms using multiple MRI features in mild traumatic brain injury",
        "link": "https://scholar.google.com/citations?view_op=view_citation&hl=en&user=AnALXFcAAAAJ&cstart=100&citation_for_view=AnALXFcAAAAJ:dJueR9Ocv0UC",
        "citation_id": "AnALXFcAAAAJ:dJueR9Ocv0UC",
        "authors": "YW Lui, Y Xue, D Kenul, Y Ge, RI Grossman, Y Wang",
        "publication": "Neurology 83 (14), 1235-1240, 2014",
        "year": "2014"
    },
    {
        "title": "Computational multi-view imaging with Kinect",
        "link": "https://scholar.google.com/citations?view_op=view_citation&hl=en&user=AnALXFcAAAAJ&cstart=180&citation_for_view=AnALXFcAAAAJ:Mxsl0EcrEqIC",
        "citation_id": "AnALXFcAAAAJ:Mxsl0EcrEqIC",
        "authors": "X Ye, J Yang, H Huang, C Hou, Y Wang",
        "publication": "IEEE transactions on broadcasting 60 (3), 540-554, 2014",
        "year": "2014"
    },
    {
        "title": "Robust shape-constrained active contour for whole heart segmentation in 3-D CT images for radiotherapy planning",
        "link": "https://scholar.google.com/citations?view_op=view_citation&hl=en&user=AnALXFcAAAAJ&cstart=240&citation_for_view=AnALXFcAAAAJ:KEeLeKAvUCYC",
        "citation_id": "AnALXFcAAAAJ:KEeLeKAvUCYC",
        "authors": "X Zhao, Y Wang, G Jozsef",
        "publication": "2014 IEEE International Conference on Image Processing (ICIP), 1-5, 2014",
        "year": "2014"
    },
    {
        "title": "Video coding using a self-adaptive redundant dictionary consisting of spatial and temporal prediction candidates",
        "link": "https://scholar.google.com/citations?view_op=view_citation&hl=en&user=AnALXFcAAAAJ&cstart=260&citation_for_view=AnALXFcAAAAJ:nDbXzvSKLqIC",
        "citation_id": "AnALXFcAAAAJ:nDbXzvSKLqIC",
        "authors": "Y Xue, Y Wang",
        "publication": "2014 IEEE International Conference on Multimedia and Expo (ICME), 1-6, 2014",
        "year": "2014"
    },
    {
        "title": "A robust regression approach for background/foreground segmentation",
        "link": "https://scholar.google.com/citations?view_op=view_citation&hl=en&user=AnALXFcAAAAJ&cstart=260&citation_for_view=AnALXFcAAAAJ:7ITeEtXG1KIC",
        "citation_id": "AnALXFcAAAAJ:7ITeEtXG1KIC",
        "authors": "S Minaee, H Yu, Y Wang",
        "publication": "arXiv preprint arXiv:1412.5126, 2014",
        "year": "2014"
    },
    {
        "title": "Perceptual quality of video with periodic frame rate and quantization variation-subjective studies and analytical modeling",
        "link": "https://scholar.google.com/citations?view_op=view_citation&hl=en&user=AnALXFcAAAAJ&cstart=300&citation_for_view=AnALXFcAAAAJ:8sNJjd_y2HYC",
        "citation_id": "AnALXFcAAAAJ:8sNJjd_y2HYC",
        "authors": "YF Ou, W Lin, H Zeng, Y Wang",
        "publication": "arXiv preprint arXiv:1406.2018, 2014",
        "year": "2014"
    },
    {
        "title": "Dealing with user heterogeneity in P2P multiparty video conferencing: Layered coding versus receiver partitioning",
        "link": "https://scholar.google.com/citations?view_op=view_citation&hl=en&user=AnALXFcAAAAJ&cstart=320&citation_for_view=AnALXFcAAAAJ:vVhCxeg22YYC",
        "citation_id": "AnALXFcAAAAJ:vVhCxeg22YYC",
        "authors": "E Kurdoglu, Y Liu, Y Wang",
        "publication": "2014 IEEE Conference on Computer Communications Workshops (INFOCOM WKSHPS \u2026, 2014",
        "year": "2014"
    },
    {
        "title": "Nuclide imaging: planar scintigraphy, SPECT, PET",
        "link": "https://scholar.google.com/citations?view_op=view_citation&hl=en&user=AnALXFcAAAAJ&cstart=360&citation_for_view=AnALXFcAAAAJ:9JTRjWh4pBIC",
        "citation_id": "AnALXFcAAAAJ:9JTRjWh4pBIC",
        "authors": "Y Wang",
        "publication": "Polytechnic University, Brooklyn. Dispon\u00edvel em:< http://eeweb. poly. edu \u2026, 2014",
        "year": "2014"
    },
    {
        "title": "Method and apparatus for multiple description video coding",
        "link": "https://scholar.google.com/citations?view_op=view_citation&hl=en&user=AnALXFcAAAAJ&cstart=380&citation_for_view=AnALXFcAAAAJ:R_mVfQIJz78C",
        "citation_id": "AnALXFcAAAAJ:R_mVfQIJz78C",
        "authors": "M Orchard, H Jafarkhani, A Reibman, Y Wang",
        "publication": "US Patent 8,842,733, 2014",
        "year": "2014"
    },
    {
        "title": "Proxy-based multi-stream scalable video adaptation over wireless networks using subjective quality and rate models",
        "link": "https://scholar.google.com/citations?view_op=view_citation&hl=en&user=AnALXFcAAAAJ&cstart=80&citation_for_view=AnALXFcAAAAJ:bUky9QZDauUC",
        "citation_id": "AnALXFcAAAAJ:bUky9QZDauUC",
        "authors": "H Hu, X Zhu, Y Wang, R Pan, J Zhu, F Bonomi",
        "publication": "IEEE Transactions on Multimedia 15 (7), 1638-1652, 2013",
        "year": "2013"
    },
    {
        "title": "Modeling and analysis of Skype video calls: Rate control and video quality",
        "link": "https://scholar.google.com/citations?view_op=view_citation&hl=en&user=AnALXFcAAAAJ&cstart=80&citation_for_view=AnALXFcAAAAJ:mGlbzXhZ6rAC",
        "citation_id": "AnALXFcAAAAJ:mGlbzXhZ6rAC",
        "authors": "X Zhang, Y Xu, H Hu, Y Liu, Z Guo, Y Wang",
        "publication": "IEEE Transactions on Multimedia 15 (6), 1446-1457, 2013",
        "year": "2013"
    },
    {
        "title": "Analytical rate model for compressed video considering impacts of spatial, temporal and amplitude resolutions",
        "link": "https://scholar.google.com/citations?view_op=view_citation&hl=en&user=AnALXFcAAAAJ&cstart=160&citation_for_view=AnALXFcAAAAJ:eyWAH297uNMC",
        "citation_id": "AnALXFcAAAAJ:eyWAH297uNMC",
        "authors": "Z Ma, FCA Fernandes, Y Wang",
        "publication": "2013 IEEE International Conference on Multimedia and Expo Workshops (ICMEW), 1-6, 2013",
        "year": "2013"
    },
    {
        "title": "Prediction of longterm outcome of neuropsychological tests of MTBI patients using imaging features",
        "link": "https://scholar.google.com/citations?view_op=view_citation&hl=en&user=AnALXFcAAAAJ&cstart=180&citation_for_view=AnALXFcAAAAJ:J_QLn5ZebxAC",
        "citation_id": "AnALXFcAAAAJ:J_QLn5ZebxAC",
        "authors": "S Minaee, Y Wang, YW Lui",
        "publication": "2013 IEEE Signal Processing in Medicine and Biology Symposium (SPMB), 1-6, 2013",
        "year": "2013"
    },
    {
        "title": "Multiple description coding communication system",
        "link": "https://scholar.google.com/citations?view_op=view_citation&hl=en&user=AnALXFcAAAAJ&cstart=220&citation_for_view=AnALXFcAAAAJ:edDO8Oi4QzsC",
        "citation_id": "AnALXFcAAAAJ:edDO8Oi4QzsC",
        "authors": "H Jafarkhani, MT Orchard, AR Reibman, Y Wang",
        "publication": "US Patent 8,594,205, 2013",
        "year": "2013"
    },
    {
        "title": "Rate allocation among multiple video streams in IPTV network to optimize perceptual quality",
        "link": "https://scholar.google.com/citations?view_op=view_citation&hl=en&user=AnALXFcAAAAJ&cstart=260&citation_for_view=AnALXFcAAAAJ:Kcj38R9OIygC",
        "citation_id": "AnALXFcAAAAJ:Kcj38R9OIygC",
        "authors": "A Maraj, Y Seng, Y Wang",
        "publication": "Proceedings of the 12th International Conference on Telecommunications, 103-108, 2013",
        "year": "2013"
    },
    {
        "title": "Automatic mouse embryo brain ventricle segmentation from 3D 40-MHz ultrasound data",
        "link": "https://scholar.google.com/citations?view_op=view_citation&hl=en&user=AnALXFcAAAAJ&cstart=320&citation_for_view=AnALXFcAAAAJ:q4OXHAoRZIkC",
        "citation_id": "AnALXFcAAAAJ:q4OXHAoRZIkC",
        "authors": "JW Kuo, Y Wang, O Aristiz\u00e1bal, JA Ketterling, J Mamou",
        "publication": "2013 IEEE International Ultrasonics Symposium (IUS), 1781-1784, 2013",
        "year": "2013"
    },
    {
        "title": "Video multicast through cooperative incremental parity packet transmission",
        "link": "https://scholar.google.com/citations?view_op=view_citation&hl=en&user=AnALXFcAAAAJ&cstart=320&citation_for_view=AnALXFcAAAAJ:1KDOX8E_eQ4C",
        "citation_id": "AnALXFcAAAAJ:1KDOX8E_eQ4C",
        "authors": "Z Guo, Y Wang, E Erkip, S Panwar",
        "publication": "Proceedings of the 5th Workshop on Mobile Video, 19-24, 2013",
        "year": "2013"
    },
    {
        "title": "Improved clustering of spike patterns through video segmentation and motion analysis of micro electrocorticographic data",
        "link": "https://scholar.google.com/citations?view_op=view_citation&hl=en&user=AnALXFcAAAAJ&cstart=340&citation_for_view=AnALXFcAAAAJ:jjKf8831dzYC",
        "citation_id": "AnALXFcAAAAJ:jjKf8831dzYC",
        "authors": "B Akyildiz, Y Song, J Viventi, Y Wang",
        "publication": "2013 IEEE Signal Processing in Medicine and Biology Symposium (SPMB), 1-6, 2013",
        "year": "2013"
    },
    {
        "title": "Video adaptation considering the impact of temporal variation on quantization stepsize and frame rate on perceptual quality",
        "link": "https://scholar.google.com/citations?view_op=view_citation&hl=en&user=AnALXFcAAAAJ&cstart=340&citation_for_view=AnALXFcAAAAJ:046iMstqrvsC",
        "citation_id": "AnALXFcAAAAJ:046iMstqrvsC",
        "authors": "Y Xue, Y Song, YF Ou, Y Wang",
        "publication": "International workshop on video processing and quality metrics for consumer \u2026, 2013",
        "year": "2013"
    },
    {
        "title": "Detection of mild traumatic brain injury utilizing multifeature analysis of MRI",
        "link": "https://scholar.google.com/citations?view_op=view_citation&hl=en&user=AnALXFcAAAAJ&cstart=360&citation_for_view=AnALXFcAAAAJ:p9fk1XroOEAC",
        "citation_id": "AnALXFcAAAAJ:p9fk1XroOEAC",
        "authors": "Y Zhou, Y Wang, D Kenul, Y Xue, Y Ge, J Reaume, RI Grossman, YW Lui",
        "publication": "Proc ISMRM 21, 2688, 2013",
        "year": "2013"
    },
    {
        "title": "One-pass mode decision for low-complexity and high-efficiency encoding of quality scalable video",
        "link": "https://scholar.google.com/citations?view_op=view_citation&hl=en&user=AnALXFcAAAAJ&cstart=380&citation_for_view=AnALXFcAAAAJ:FqgNCDrbZD8C",
        "citation_id": "AnALXFcAAAAJ:FqgNCDrbZD8C",
        "authors": "M Xu, Y Wang",
        "publication": "2013 IEEE International Conference on Multimedia and Expo Workshops (ICMEW), 1-5, 2013",
        "year": "2013"
    },
    {
        "title": "Profiling skype video calls: Rate control and video quality",
        "link": "https://scholar.google.com/citations?view_op=view_citation&hl=en&user=AnALXFcAAAAJ&cstart=20&citation_for_view=AnALXFcAAAAJ:i2xiXl-TujoC",
        "citation_id": "AnALXFcAAAAJ:i2xiXl-TujoC",
        "authors": "X Zhang, Y Xu, H Hu, Y Liu, Z Guo, Y Wang",
        "publication": "2012 Proceedings IEEE INFOCOM, 621-629, 2012",
        "year": "2012"
    },
    {
        "title": "Adaptive joint source and channel coding scheme for H. 264 video multicasting over wireless networks",
        "link": "https://scholar.google.com/citations?view_op=view_citation&hl=en&user=AnALXFcAAAAJ&cstart=60&citation_for_view=AnALXFcAAAAJ:rxY-6i_7_qkC",
        "citation_id": "AnALXFcAAAAJ:rxY-6i_7_qkC",
        "authors": "Z Liu, H Liu, Y Wang",
        "publication": "US Patent 8,089,892, 2012",
        "year": "2012"
    },
    {
        "title": "Noisy depth maps fusion for multiview stereo via matrix completion",
        "link": "https://scholar.google.com/citations?view_op=view_citation&hl=en&user=AnALXFcAAAAJ&cstart=80&citation_for_view=AnALXFcAAAAJ:SoGhKUJvMTQC",
        "citation_id": "AnALXFcAAAAJ:SoGhKUJvMTQC",
        "authors": "Y Deng, Y Liu, Q Dai, Z Zhang, Y Wang",
        "publication": "IEEE Journal of Selected Topics in Signal Processing 6 (5), 566-582, 2012",
        "year": "2012"
    },
    {
        "title": "QoE-based multi-stream scalable video adaptation over wireless networks with proxy",
        "link": "https://scholar.google.com/citations?view_op=view_citation&hl=en&user=AnALXFcAAAAJ&cstart=140&citation_for_view=AnALXFcAAAAJ:7H_jS4BsgvYC",
        "citation_id": "AnALXFcAAAAJ:7H_jS4BsgvYC",
        "authors": "H Hu, X Zhu, Y Wang, R Pan, J Zhu, F Bonomi",
        "publication": "2012 IEEE International Conference on Communications (ICC), 7088-7092, 2012",
        "year": "2012"
    },
    {
        "title": "Optimization of spatial, temporal and amplitude resolution for rate-constrained video coding and scalable video adaptation",
        "link": "https://scholar.google.com/citations?view_op=view_citation&hl=en&user=AnALXFcAAAAJ&cstart=140&citation_for_view=AnALXFcAAAAJ:foquWX3nUaYC",
        "citation_id": "AnALXFcAAAAJ:foquWX3nUaYC",
        "authors": "H Hu, Z Ma, Y Wang",
        "publication": "2012 19th IEEE International Conference on Image Processing, 717-720, 2012",
        "year": "2012"
    },
    {
        "title": "Automated beam placement for breast radiotherapy using a support vector machine based algorithm",
        "link": "https://scholar.google.com/citations?view_op=view_citation&hl=en&user=AnALXFcAAAAJ&cstart=140&citation_for_view=AnALXFcAAAAJ:Z6sJCY_snoUC",
        "citation_id": "AnALXFcAAAAJ:Z6sJCY_snoUC",
        "authors": "X Zhao, D Kong, G Jozsef, J Chang, EK Wong, SC Formenti, Y Wang",
        "publication": "Medical physics 39 (5), 2536-2543, 2012",
        "year": "2012"
    },
    {
        "title": "High-speed compressed sensing reconstruction in dynamic parallel MRI using augmented Lagrangian and parallel processing",
        "link": "https://scholar.google.com/citations?view_op=view_citation&hl=en&user=AnALXFcAAAAJ&cstart=140&citation_for_view=AnALXFcAAAAJ:Kb-4zC2DbskC",
        "citation_id": "AnALXFcAAAAJ:Kb-4zC2DbskC",
        "authors": "\u00c7 Bilen, Y Wang, IW Selesnick",
        "publication": "IEEE Journal on Emerging and Selected Topics in Circuits and Systems 2 (3 \u2026, 2012",
        "year": "2012"
    },
    {
        "title": "Rate model for compressed video considering impacts of spatial, temporal and amplitude resolutions and its applications for video coding and adaptation",
        "link": "https://scholar.google.com/citations?view_op=view_citation&hl=en&user=AnALXFcAAAAJ&cstart=240&citation_for_view=AnALXFcAAAAJ:DJbcl8HfkQkC",
        "citation_id": "AnALXFcAAAAJ:DJbcl8HfkQkC",
        "authors": "Z Ma, H Hu, M Xu, Y Wang",
        "publication": "arXiv preprint arXiv:1206.2625, 2012",
        "year": "2012"
    },
    {
        "title": "Q-STAR: A perceptual video quality model for mobile platforms considering impact of spatial, temporal, and amplitude resolutions",
        "link": "https://scholar.google.com/citations?view_op=view_citation&hl=en&user=AnALXFcAAAAJ&cstart=240&citation_for_view=AnALXFcAAAAJ:EBtiBlVVR50C",
        "citation_id": "AnALXFcAAAAJ:EBtiBlVVR50C",
        "authors": "YF Ou, Y Xue, Y Wang",
        "publication": "Polytechnic Institute of NYU, Tech. Rep, 2012",
        "year": "2012"
    },
    {
        "title": "Perceptual quality of video with quantization variation: A subjective study and analytical modeling",
        "link": "https://scholar.google.com/citations?view_op=view_citation&hl=en&user=AnALXFcAAAAJ&cstart=260&citation_for_view=AnALXFcAAAAJ:WR9qEFHp9FcC",
        "citation_id": "AnALXFcAAAAJ:WR9qEFHp9FcC",
        "authors": "YF Ou, H Zeng, Y Wang",
        "publication": "2012 19th IEEE International Conference on Image Processing, 1505-1508, 2012",
        "year": "2012"
    },
    {
        "title": "Video multicast using relay devices defined by a channel quality parameter hierarchy",
        "link": "https://scholar.google.com/citations?view_op=view_citation&hl=en&user=AnALXFcAAAAJ&cstart=280&citation_for_view=AnALXFcAAAAJ:JzmTb4SyfQcC",
        "citation_id": "AnALXFcAAAAJ:JzmTb4SyfQcC",
        "authors": "A Ozgu, E Erkip, T Korakis, SS Panwar, Y Wang",
        "publication": "US Patent 8,179,848, 2012",
        "year": "2012"
    },
    {
        "title": "Power-rate-quality optimized scalable video adaptation",
        "link": "https://scholar.google.com/citations?view_op=view_citation&hl=en&user=AnALXFcAAAAJ&cstart=280&citation_for_view=AnALXFcAAAAJ:9v7jY6XdEjAC",
        "citation_id": "AnALXFcAAAAJ:9v7jY6XdEjAC",
        "authors": "Z Ma, FCA Fernandes, Y Wang",
        "publication": "2012 46th Annual Conference on Information Sciences and Systems (CISS), 1-6, 2012",
        "year": "2012"
    },
    {
        "title": "Multimedia communications and video coding",
        "link": "https://scholar.google.com/citations?view_op=view_citation&hl=en&user=AnALXFcAAAAJ&cstart=300&citation_for_view=AnALXFcAAAAJ:7T2F9Uy0os0C",
        "citation_id": "AnALXFcAAAAJ:7T2F9Uy0os0C",
        "authors": "HL Bertoni, SP Kim, S Panwar, Y Wang",
        "publication": "Springer Science & Business Media, 2012",
        "year": "2012"
    },
    {
        "title": "Compressed sensing for moving imagery in medical imaging",
        "link": "https://scholar.google.com/citations?view_op=view_citation&hl=en&user=AnALXFcAAAAJ&cstart=300&citation_for_view=AnALXFcAAAAJ:PjYhiJO9yNAC",
        "citation_id": "AnALXFcAAAAJ:PjYhiJO9yNAC",
        "authors": "C Bilen, Y Wang, I Selesnick",
        "publication": "arXiv preprint arXiv:1203.5772, 2012",
        "year": "2012"
    },
    {
        "title": "Feedback assisted transmission of multiple description, forward error correction coded, streams in a peer-to-peer video system",
        "link": "https://scholar.google.com/citations?view_op=view_citation&hl=en&user=AnALXFcAAAAJ&cstart=320&citation_for_view=AnALXFcAAAAJ:NSmKLyXLPGIC",
        "citation_id": "AnALXFcAAAAJ:NSmKLyXLPGIC",
        "authors": "Z Liu, SS Panwar, KW Ross, Y Shen, Y Wang",
        "publication": "US Patent 8,290,037, 2012",
        "year": "2012"
    },
    {
        "title": "Rate model for compressed video",
        "link": "https://scholar.google.com/citations?view_op=view_citation&hl=en&user=AnALXFcAAAAJ&cstart=340&citation_for_view=AnALXFcAAAAJ:-exNX1NhRpQC",
        "citation_id": "AnALXFcAAAAJ:-exNX1NhRpQC",
        "authors": "Z Ma, H Hu, M Xu, Y Wang",
        "publication": "CoRR, abs/1206.2625 75, 2012",
        "year": "2012"
    },
    {
        "title": "Two-way wireless video communication using randomized cooperation, network coding and packet level fec",
        "link": "https://scholar.google.com/citations?view_op=view_citation&hl=en&user=AnALXFcAAAAJ&cstart=380&citation_for_view=AnALXFcAAAAJ:zagfVoY6O0MC",
        "citation_id": "AnALXFcAAAAJ:zagfVoY6O0MC",
        "authors": "X Xu, \u00d6 Alay, E Erkip, Y Wang, S Panwar",
        "publication": "2012 IEEE International Conference on Communications (ICC), 7066-7070, 2012",
        "year": "2012"
    },
    {
        "title": "Perceptual quality comparison between single-layer and scalable videos at the same spatial, temporal and amplitude resolutions",
        "link": "https://scholar.google.com/citations?view_op=view_citation&hl=en&user=AnALXFcAAAAJ&cstart=380&citation_for_view=AnALXFcAAAAJ:t2c9fUEjrewC",
        "citation_id": "AnALXFcAAAAJ:t2c9fUEjrewC",
        "authors": "Y Xue, Y Wang",
        "publication": "arXiv preprint arXiv:1206.1866, 2012",
        "year": "2012"
    }
]