[
    {
        "title": "Method and apparatus for wireless distribution of TV services",
        "link": "https://scholar.google.com/citations?view_op=view_citation&hl=en&user=aPlMXLAAAAAJ&cstart=120&citation_for_view=aPlMXLAAAAAJ:Gpwnp1kGG20C",
        "citation_id": "aPlMXLAAAAAJ:Gpwnp1kGG20C",
        "authors": "R Margolies, R Jana, SS Panwar, R Kumar, Y Liu",
        "publication": "US Patent 10,785,520, 2020",
        "year": "2020"
    },
    {
        "title": "Very long term field of view prediction for 360-degree video streaming",
        "link": "https://scholar.google.com/citations?view_op=view_citation&hl=en&user=aPlMXLAAAAAJ&cstart=20&citation_for_view=aPlMXLAAAAAJ:9LpHyFPp1DQC",
        "citation_id": "aPlMXLAAAAAJ:9LpHyFPp1DQC",
        "authors": "C Li, W Zhang, Y Liu, Y Wang",
        "publication": "2019 IEEE Conference on Multimedia Information Processing and Retrieval \u2026, 2019",
        "year": "2019"
    },
    {
        "title": "A two-tier system for on-demand streaming of 360 degree video over dynamic networks",
        "link": "https://scholar.google.com/citations?view_op=view_citation&hl=en&user=aPlMXLAAAAAJ&cstart=20&citation_for_view=aPlMXLAAAAAJ:wBLCggQE-ToC",
        "citation_id": "aPlMXLAAAAAJ:wBLCggQE-ToC",
        "authors": "L Sun, F Duanmu, Y Liu, Y Wang, Y Ye, H Shi, D Dai",
        "publication": "IEEE Journal on Emerging and Selected Topics in Circuits and Systems 9 (1 \u2026, 2019",
        "year": "2019"
    },
    {
        "title": "Realtime mobile bandwidth prediction using lstm neural network",
        "link": "https://scholar.google.com/citations?view_op=view_citation&hl=en&user=aPlMXLAAAAAJ&cstart=40&citation_for_view=aPlMXLAAAAAJ:ShjGdcaqzI0C",
        "citation_id": "aPlMXLAAAAAJ:ShjGdcaqzI0C",
        "authors": "L Mei, R Hu, H Cao, Y Liu, Z Han, F Li, J Li",
        "publication": "Passive and Active Measurement: 20th International Conference, PAM 2019 \u2026, 2019",
        "year": "2019"
    },
    {
        "title": "TCP BBR for ultra-low latency networking: challenges, analysis, and solutions",
        "link": "https://scholar.google.com/citations?view_op=view_citation&hl=en&user=aPlMXLAAAAAJ&cstart=60&citation_for_view=aPlMXLAAAAAJ:eFf2swCANGcC",
        "citation_id": "aPlMXLAAAAAJ:eFf2swCANGcC",
        "authors": "R Kumar, A Koutsaftis, F Fund, G Naik, P Liu, Y Liu, S Panwar",
        "publication": "2019 IFIP Networking Conference (IFIP Networking), 1-9, 2019",
        "year": "2019"
    },
    {
        "title": "Field-of-view prediction in 360-degree videos with attention-based neural encoder-decoder networks",
        "link": "https://scholar.google.com/citations?view_op=view_citation&hl=en&user=aPlMXLAAAAAJ&cstart=80&citation_for_view=aPlMXLAAAAAJ:sJK75vZXtG0C",
        "citation_id": "aPlMXLAAAAAJ:sJK75vZXtG0C",
        "authors": "J Yu, Y Liu",
        "publication": "Proceedings of the 11th ACM Workshop on Immersive Mixed and Virtual \u2026, 2019",
        "year": "2019"
    },
    {
        "title": "Multi-path multi-tier 360-degree video streaming in 5G networks",
        "link": "https://scholar.google.com/citations?view_op=view_citation&hl=en&user=aPlMXLAAAAAJ&cstart=20&citation_for_view=aPlMXLAAAAAJ:G36d5HCDkJYC",
        "citation_id": "aPlMXLAAAAAJ:G36d5HCDkJYC",
        "authors": "L Sun, F Duanmu, Y Liu, Y Wang, Y Ye, H Shi, D Dai",
        "publication": "Proceedings of the 9th ACM multimedia systems conference, 162-173, 2018",
        "year": "2018"
    },
    {
        "title": "On group popularity prediction in event-based social networks",
        "link": "https://scholar.google.com/citations?view_op=view_citation&hl=en&user=aPlMXLAAAAAJ&cstart=60&citation_for_view=aPlMXLAAAAAJ:Nufq_to8ts0C",
        "citation_id": "aPlMXLAAAAAJ:Nufq_to8ts0C",
        "authors": "G Li, Y Liu, B Ribeiro, H Ding",
        "publication": "Proceedings of the International AAAI Conference on Web and Social Media 12 (1), 2018",
        "year": "2018"
    },
    {
        "title": "Multipath ip routing on end devices: Motivation, design, and performance",
        "link": "https://scholar.google.com/citations?view_op=view_citation&hl=en&user=aPlMXLAAAAAJ&cstart=80&citation_for_view=aPlMXLAAAAAJ:X5YyAB84Iw4C",
        "citation_id": "aPlMXLAAAAAJ:X5YyAB84Iw4C",
        "authors": "L Sun, G Tian, G Zhu, Y Liu, H Shi, D Dai",
        "publication": "2018 IFIP networking conference (IFIP networking) and workshops, 1-9, 2018",
        "year": "2018"
    },
    {
        "title": "WiLiTV: Reducing live satellite TV costs using wireless relays",
        "link": "https://scholar.google.com/citations?view_op=view_citation&hl=en&user=aPlMXLAAAAAJ&cstart=100&citation_for_view=aPlMXLAAAAAJ:inmFHauC9wsC",
        "citation_id": "aPlMXLAAAAAJ:inmFHauC9wsC",
        "authors": "R Kumar, R Margolies, R Jana, Y Liu, SS Panwar",
        "publication": "IEEE Journal on Selected Areas in Communications 36 (2), 233-245, 2018",
        "year": "2018"
    },
    {
        "title": "Queue-based adaptive chunk scheduling for peer-to-peer live streaming",
        "link": "https://scholar.google.com/citations?view_op=view_citation&hl=en&user=aPlMXLAAAAAJ&cstart=100&citation_for_view=aPlMXLAAAAAJ:nWoA1JPTheMC",
        "citation_id": "aPlMXLAAAAAJ:nWoA1JPTheMC",
        "authors": "Y Guo, C Liang, Y Liu",
        "publication": "US Patent 10,009,396, 2018",
        "year": "2018"
    },
    {
        "title": "Collaborative filtering-based recommendation of online social voting",
        "link": "https://scholar.google.com/citations?view_op=view_citation&hl=en&user=aPlMXLAAAAAJ&cstart=20&citation_for_view=aPlMXLAAAAAJ:AFmTUeZ1pmEC",
        "citation_id": "aPlMXLAAAAAJ:AFmTUeZ1pmEC",
        "authors": "X Yang, C Liang, M Zhao, H Wang, H Ding, Y Liu, Y Li, J Zhang",
        "publication": "IEEE Transactions on Computational Social Systems 4 (1), 1-13, 2017",
        "year": "2017"
    },
    {
        "title": "Prioritized buffer control in two-tier 360 video streaming",
        "link": "https://scholar.google.com/citations?view_op=view_citation&hl=en&user=aPlMXLAAAAAJ&cstart=20&citation_for_view=aPlMXLAAAAAJ:qPeb-qHga9sC",
        "citation_id": "aPlMXLAAAAAJ:qPeb-qHga9sC",
        "authors": "F Duanmu, E Kurdoglu, SA Hosseini, Y Liu, Y Wang",
        "publication": "Proceedings of the Workshop on Virtual Reality and Augmented Reality Network \u2026, 2017",
        "year": "2017"
    },
    {
        "title": "View direction and bandwidth adaptive 360 degree video streaming using a two-tier system",
        "link": "https://scholar.google.com/citations?view_op=view_citation&hl=en&user=aPlMXLAAAAAJ&cstart=40&citation_for_view=aPlMXLAAAAAJ:hefNtdE4IMkC",
        "citation_id": "aPlMXLAAAAAJ:hefNtdE4IMkC",
        "authors": "F Duanmu, E Kurdoglu, Y Liu, Y Wang",
        "publication": "2017 IEEE International Symposium on Circuits and Systems (ISCAS), 1-4, 2017",
        "year": "2017"
    },
    {
        "title": "Recommendation in a changing world: Exploiting temporal dynamics in ratings and reviews",
        "link": "https://scholar.google.com/citations?view_op=view_citation&hl=en&user=aPlMXLAAAAAJ&cstart=60&citation_for_view=aPlMXLAAAAAJ:c1AJUTjuCtUC",
        "citation_id": "aPlMXLAAAAAJ:c1AJUTjuCtUC",
        "authors": "Y Liu, Y Liu, Y Shen, K Li",
        "publication": "ACM Transactions on the Web (TWEB) 12 (1), 1-20, 2017",
        "year": "2017"
    },
    {
        "title": "Livejack: Integrating cdns and edge clouds for live content broadcasting",
        "link": "https://scholar.google.com/citations?view_op=view_citation&hl=en&user=aPlMXLAAAAAJ&cstart=80&citation_for_view=aPlMXLAAAAAJ:Vztgr1qGG8IC",
        "citation_id": "aPlMXLAAAAAJ:Vztgr1qGG8IC",
        "authors": "B Yan, S Shi, Y Liu, W Yuan, H He, R Jana, Y Xu, HJ Chao",
        "publication": "Proceedings of the 25th ACM international conference on Multimedia, 73-81, 2017",
        "year": "2017"
    },
    {
        "title": "Follow me: Personalized IPTV channel switching guide",
        "link": "https://scholar.google.com/citations?view_op=view_citation&hl=en&user=aPlMXLAAAAAJ&cstart=80&citation_for_view=aPlMXLAAAAAJ:DquSII9TDu4C",
        "citation_id": "aPlMXLAAAAAJ:DquSII9TDu4C",
        "authors": "C Yu, H Ding, H Cao, Y Liu, C Yang",
        "publication": "Proceedings of the 8th ACM on Multimedia Systems Conference, 147-157, 2017",
        "year": "2017"
    },
    {
        "title": "Determining user perceived delays in voice conferencing systems and video conferencing systems",
        "link": "https://scholar.google.com/citations?view_op=view_citation&hl=en&user=aPlMXLAAAAAJ&cstart=80&citation_for_view=aPlMXLAAAAAJ:8uzoZH4hB9AC",
        "citation_id": "aPlMXLAAAAAJ:8uzoZH4hB9AC",
        "authors": "Y Liu, Y Xu, YU Chenguang",
        "publication": "US Patent 9,628,525, 2017",
        "year": "2017"
    },
    {
        "title": "Perceptual quality maximization for video calls with packet losses by optimizing FEC, frame rate, and quantization",
        "link": "https://scholar.google.com/citations?view_op=view_citation&hl=en&user=aPlMXLAAAAAJ&cstart=100&citation_for_view=aPlMXLAAAAAJ:17ZO-CJnx_8C",
        "citation_id": "aPlMXLAAAAAJ:17ZO-CJnx_8C",
        "authors": "E Kurdoglu, Y Liu, Y Wang",
        "publication": "IEEE Transactions on Multimedia 20 (7), 1876-1887, 2017",
        "year": "2017"
    },
    {
        "title": "WiLiTV: A low-cost wireless framework for live TV services",
        "link": "https://scholar.google.com/citations?view_op=view_citation&hl=en&user=aPlMXLAAAAAJ&cstart=100&citation_for_view=aPlMXLAAAAAJ:j5aT6aphRxQC",
        "citation_id": "aPlMXLAAAAAJ:j5aT6aphRxQC",
        "authors": "R Kumar, RS Margolies, R Jana, Y Liu, S Panwar",
        "publication": "2017 IEEE Conference on Computer Communications Workshops (INFOCOM WKSHPS \u2026, 2017",
        "year": "2017"
    },
    {
        "title": "DDoS attack detection under SDN context",
        "link": "https://scholar.google.com/citations?view_op=view_citation&hl=en&user=aPlMXLAAAAAJ&citation_for_view=aPlMXLAAAAAJ:N4u4nq0IxgcC",
        "citation_id": "aPlMXLAAAAAJ:N4u4nq0IxgcC",
        "authors": "Y Xu, Y Liu",
        "publication": "IEEE INFOCOM 2016-the 35th annual IEEE international conference on computer \u2026, 2016",
        "year": "2016"
    },
    {
        "title": "Event participation recommendation in event-based social networks",
        "link": "https://scholar.google.com/citations?view_op=view_citation&hl=en&user=aPlMXLAAAAAJ&cstart=80&citation_for_view=aPlMXLAAAAAJ:i_7YvbSbtFEC",
        "citation_id": "aPlMXLAAAAAJ:i_7YvbSbtFEC",
        "authors": "H Ding, C Yu, G Li, Y Liu",
        "publication": "Social Informatics: 8th International Conference, SocInfo 2016, Bellevue, WA \u2026, 2016",
        "year": "2016"
    },
    {
        "title": "Design and evaluation of a wifi-direct based lte cooperative video streaming system",
        "link": "https://scholar.google.com/citations?view_op=view_citation&hl=en&user=aPlMXLAAAAAJ&cstart=80&citation_for_view=aPlMXLAAAAAJ:rqnDXT1GswoC",
        "citation_id": "aPlMXLAAAAAJ:rqnDXT1GswoC",
        "authors": "Q Gong, Y Guo, Y Chen, Y Liu, F Xie",
        "publication": "2016 IEEE Global Communications Conference (GLOBECOM), 1-6, 2016",
        "year": "2016"
    },
    {
        "title": "SDN state inconsistency verification in openstack",
        "link": "https://scholar.google.com/citations?view_op=view_citation&hl=en&user=aPlMXLAAAAAJ&cstart=100&citation_for_view=aPlMXLAAAAAJ:gV6rEsy15s0C",
        "citation_id": "aPlMXLAAAAAJ:gV6rEsy15s0C",
        "authors": "Y Xu, Y Liu, R Singh, S Tao",
        "publication": "Computer Networks 110, 364-376, 2016",
        "year": "2016"
    },
    {
        "title": "Improving cold music recommendation through hierarchical audio alignment",
        "link": "https://scholar.google.com/citations?view_op=view_citation&hl=en&user=aPlMXLAAAAAJ&cstart=120&citation_for_view=aPlMXLAAAAAJ:sgsej9ZJWHMC",
        "citation_id": "aPlMXLAAAAAJ:sgsej9ZJWHMC",
        "authors": "H Ding, J Huang, H Cao, Y Liu",
        "publication": "2016 IEEE International Symposium on Multimedia (ISM), 77-82, 2016",
        "year": "2016"
    },
    {
        "title": "Supplementary file of the TPDS manuscript",
        "link": "https://scholar.google.com/citations?view_op=view_citation&hl=en&user=aPlMXLAAAAAJ&cstart=120&citation_for_view=aPlMXLAAAAAJ:VaXvl8Fpj5cC",
        "citation_id": "aPlMXLAAAAAJ:VaXvl8Fpj5cC",
        "authors": "Z Li, J Wu, J Xie, T Zhang, G Chen, Y Dai",
        "publication": null,
        "year": "2016"
    },
    {
        "title": "Exploring miner evolution in bitcoin network",
        "link": "https://scholar.google.com/citations?view_op=view_citation&hl=en&user=aPlMXLAAAAAJ&cstart=20&citation_for_view=aPlMXLAAAAAJ:AXkvAH5U_nMC",
        "citation_id": "aPlMXLAAAAAJ:AXkvAH5U_nMC",
        "authors": "L Wang, Y Liu",
        "publication": "Passive and Active Measurement: 16th International Conference, PAM 2015, New \u2026, 2015",
        "year": "2015"
    },
    {
        "title": "I know where you are: thwarting privacy protection in location-based social discovery services",
        "link": "https://scholar.google.com/citations?view_op=view_citation&hl=en&user=aPlMXLAAAAAJ&cstart=60&citation_for_view=aPlMXLAAAAAJ:xtoqd-5pKcoC",
        "citation_id": "aPlMXLAAAAAJ:xtoqd-5pKcoC",
        "authors": "M Xue, Y Liu, KW Ross, H Qian",
        "publication": "2015 IEEE Conference on Computer Communications Workshops (INFOCOM WKSHPS \u2026, 2015",
        "year": "2015"
    },
    {
        "title": "On achieving short channel switching delay and playback lag in IP-based TV systems",
        "link": "https://scholar.google.com/citations?view_op=view_citation&hl=en&user=aPlMXLAAAAAJ&cstart=60&citation_for_view=aPlMXLAAAAAJ:Ic1VZgkJnDsC",
        "citation_id": "aPlMXLAAAAAJ:Ic1VZgkJnDsC",
        "authors": "C Yang, Y Liu",
        "publication": "IEEE transactions on multimedia 17 (7), 1096-1106, 2015",
        "year": "2015"
    },
    {
        "title": "Method and apparatus for peer-to-peer streaming of layered content",
        "link": "https://scholar.google.com/citations?view_op=view_citation&hl=en&user=aPlMXLAAAAAJ&cstart=60&citation_for_view=aPlMXLAAAAAJ:cB__R-XWw9UC",
        "citation_id": "aPlMXLAAAAAJ:cB__R-XWw9UC",
        "authors": "Y Guo, H Hu, Y Liu",
        "publication": "US Patent 9,027,046, 2015",
        "year": "2015"
    },
    {
        "title": "Identifying SDN state inconsistency in OpenStack",
        "link": "https://scholar.google.com/citations?view_op=view_citation&hl=en&user=aPlMXLAAAAAJ&cstart=60&citation_for_view=aPlMXLAAAAAJ:EPG8bYD4jVwC",
        "citation_id": "aPlMXLAAAAAJ:EPG8bYD4jVwC",
        "authors": "Y Xu, Y Liu, R Singh, S Tao",
        "publication": "Proceedings of the 1st ACM SIGCOMM Symposium on Software Defined Networking \u2026, 2015",
        "year": "2015"
    },
    {
        "title": "Dealing with user heterogeneity in P2P multi-party video conferencing: Layered distribution versus partitioned simulcast",
        "link": "https://scholar.google.com/citations?view_op=view_citation&hl=en&user=aPlMXLAAAAAJ&cstart=80&citation_for_view=aPlMXLAAAAAJ:jtI9f0ekYq0C",
        "citation_id": "aPlMXLAAAAAJ:jtI9f0ekYq0C",
        "authors": "E Kurdoglu, Y Liu, Y Wang",
        "publication": "IEEE Transactions on Multimedia 18 (1), 90-101, 2015",
        "year": "2015"
    },
    {
        "title": "NCOM: network coding based overlay multicast in wireless networks",
        "link": "https://scholar.google.com/citations?view_op=view_citation&hl=en&user=aPlMXLAAAAAJ&cstart=100&citation_for_view=aPlMXLAAAAAJ:0KyAp5RtaNEC",
        "citation_id": "aPlMXLAAAAAJ:0KyAp5RtaNEC",
        "authors": "T Le, X Chen, Y Liu",
        "publication": "Wireless Networks 21, 187-199, 2015",
        "year": "2015"
    },
    {
        "title": "Thwarting privacy protection on location-based social discovery services",
        "link": "https://scholar.google.com/citations?view_op=view_citation&hl=en&user=aPlMXLAAAAAJ&cstart=120&citation_for_view=aPlMXLAAAAAJ:wyM6WWKXmoIC",
        "citation_id": "aPlMXLAAAAAJ:wyM6WWKXmoIC",
        "authors": "M Xue, Y Liu, K Ross, H Qian",
        "publication": "Wiley Security and Communication Networks Journal, Accepted/In Press, 2015",
        "year": "2015"
    },
    {
        "title": "A survey of collaborative filtering based social recommender systems",
        "link": "https://scholar.google.com/citations?view_op=view_citation&hl=en&user=aPlMXLAAAAAJ&citation_for_view=aPlMXLAAAAAJ:evX43VCCuoAC",
        "citation_id": "aPlMXLAAAAAJ:evX43VCCuoAC",
        "authors": "X Yang, Y Guo, Y Liu, H Steck",
        "publication": "Computer communications 41, 1-10, 2014",
        "year": "2014"
    },
    {
        "title": "\u201cCan you SEE me now?\u201d A measurement study of mobile video calls",
        "link": "https://scholar.google.com/citations?view_op=view_citation&hl=en&user=aPlMXLAAAAAJ&cstart=20&citation_for_view=aPlMXLAAAAAJ:-_dYPAW6P2MC",
        "citation_id": "aPlMXLAAAAAJ:-_dYPAW6P2MC",
        "authors": "C Yu, Y Xu, B Liu, Y Liu",
        "publication": "IEEE INFOCOM 2014-IEEE Conference on Computer Communications, 1456-1464, 2014",
        "year": "2014"
    },
    {
        "title": "Playing high-end video games in the cloud: A measurement study",
        "link": "https://scholar.google.com/citations?view_op=view_citation&hl=en&user=aPlMXLAAAAAJ&cstart=40&citation_for_view=aPlMXLAAAAAJ:UmS_249rOGwC",
        "citation_id": "aPlMXLAAAAAJ:UmS_249rOGwC",
        "authors": "Z Xue, D Wu, J He, X Hei, Y Liu",
        "publication": "IEEE Transactions on Circuits and Systems for Video Technology 25 (12), 2013 \u2026, 2014",
        "year": "2014"
    },
    {
        "title": "Social interaction based video recommendation: Recommending YouTube videos to facebook users",
        "link": "https://scholar.google.com/citations?view_op=view_citation&hl=en&user=aPlMXLAAAAAJ&cstart=60&citation_for_view=aPlMXLAAAAAJ:EYYDruWGBe4C",
        "citation_id": "aPlMXLAAAAAJ:EYYDruWGBe4C",
        "authors": "B Nie, H Zhang, Y Liu",
        "publication": "2014 IEEE Conference on Computer Communications Workshops (INFOCOM WKSHPS \u2026, 2014",
        "year": "2014"
    },
    {
        "title": "On distribution of user movie watching time in a large-scale video streaming system",
        "link": "https://scholar.google.com/citations?view_op=view_citation&hl=en&user=aPlMXLAAAAAJ&cstart=60&citation_for_view=aPlMXLAAAAAJ:p__nRnzSRKYC",
        "citation_id": "aPlMXLAAAAAJ:p__nRnzSRKYC",
        "authors": "Y Chen, Y Liu, B Zhang, W Zhu",
        "publication": "2014 IEEE International Conference on Communications (ICC), 1825-1830, 2014",
        "year": "2014"
    },
    {
        "title": "Estimating heights from photo collections: A data-driven approach",
        "link": "https://scholar.google.com/citations?view_op=view_citation&hl=en&user=aPlMXLAAAAAJ&cstart=80&citation_for_view=aPlMXLAAAAAJ:EkHepimYqZsC",
        "citation_id": "aPlMXLAAAAAJ:EkHepimYqZsC",
        "authors": "R Dey, M Nangia, KW Ross, Y Liu",
        "publication": "Proceedings of the second ACM conference on Online social networks, 227-238, 2014",
        "year": "2014"
    },
    {
        "title": "Dealing with user heterogeneity in P2P multiparty video conferencing: Layered coding versus receiver partitioning",
        "link": "https://scholar.google.com/citations?view_op=view_citation&hl=en&user=aPlMXLAAAAAJ&cstart=100&citation_for_view=aPlMXLAAAAAJ:LO7wyVUgiFcC",
        "citation_id": "aPlMXLAAAAAJ:LO7wyVUgiFcC",
        "authors": "E Kurdoglu, Y Liu, Y Wang",
        "publication": "2014 IEEE Conference on Computer Communications Workshops (INFOCOM WKSHPS \u2026, 2014",
        "year": "2014"
    },
    {
        "title": "Exploring the gain of opportunistic routing in wireless multicast",
        "link": "https://scholar.google.com/citations?view_op=view_citation&hl=en&user=aPlMXLAAAAAJ&cstart=120&citation_for_view=aPlMXLAAAAAJ:maZDTaKrznsC",
        "citation_id": "aPlMXLAAAAAJ:maZDTaKrznsC",
        "authors": "T Le, Y Liu",
        "publication": "2014 International Conference on Advanced Technologies for Communications \u2026, 2014",
        "year": "2014"
    },
    {
        "title": "Threshold bipolar scheduling for P2P live streaming",
        "link": "https://scholar.google.com/citations?view_op=view_citation&hl=en&user=aPlMXLAAAAAJ&cstart=120&citation_for_view=aPlMXLAAAAAJ:tuHXwOkdijsC",
        "citation_id": "aPlMXLAAAAAJ:tuHXwOkdijsC",
        "authors": "C Li, C Chen, Y Liu, B Zhang",
        "publication": "Computer Networks 70, 154-169, 2014",
        "year": "2014"
    },
    {
        "title": "A two-level approach for subtitle alignment",
        "link": "https://scholar.google.com/citations?view_op=view_citation&hl=en&user=aPlMXLAAAAAJ&cstart=120&citation_for_view=aPlMXLAAAAAJ:PyEswDtIyv0C",
        "citation_id": "aPlMXLAAAAAJ:PyEswDtIyv0C",
        "authors": "J Huang, H Ding, X Hu, Y Liu",
        "publication": "Advances in Information Retrieval: 36th European Conference on IR Research \u2026, 2014",
        "year": "2014"
    },
    {
        "title": "A method and a server for routing between devices of a computer based social network",
        "link": "https://scholar.google.com/citations?view_op=view_citation&hl=en&user=aPlMXLAAAAAJ&cstart=120&citation_for_view=aPlMXLAAAAAJ:ojlX30-wUrgC",
        "citation_id": "aPlMXLAAAAAJ:ojlX30-wUrgC",
        "authors": "H Steck, X Yang, Y Liu",
        "publication": null,
        "year": "2014"
    },
    {
        "title": "Measurement and modeling of video watching time in a large-scale internet video-on-demand system",
        "link": "https://scholar.google.com/citations?view_op=view_citation&hl=en&user=aPlMXLAAAAAJ&cstart=20&citation_for_view=aPlMXLAAAAAJ:yD5IFk8b50cC",
        "citation_id": "aPlMXLAAAAAJ:yD5IFk8b50cC",
        "authors": "Y Chen, B Zhang, Y Liu, W Zhu",
        "publication": "IEEE Transactions on Multimedia 15 (8), 2087-2098, 2013",
        "year": "2013"
    },
    {
        "title": "Performance of DASH and WebRTC video services for mobile users",
        "link": "https://scholar.google.com/citations?view_op=view_citation&hl=en&user=aPlMXLAAAAAJ&cstart=40&citation_for_view=aPlMXLAAAAAJ:tzM49s52ZIMC",
        "citation_id": "aPlMXLAAAAAJ:tzM49s52ZIMC",
        "authors": "F Fund, C Wang, Y Liu, T Korakis, M Zink, SS Panwar",
        "publication": "2013 20th International Packet Video Workshop, 1-8, 2013",
        "year": "2013"
    },
    {
        "title": "Modeling and analysis of Skype video calls: Rate control and video quality",
        "link": "https://scholar.google.com/citations?view_op=view_citation&hl=en&user=aPlMXLAAAAAJ&cstart=40&citation_for_view=aPlMXLAAAAAJ:eMMeJKvmdy0C",
        "citation_id": "aPlMXLAAAAAJ:eMMeJKvmdy0C",
        "authors": "X Zhang, Y Xu, H Hu, Y Liu, Z Guo, Y Wang",
        "publication": "IEEE Transactions on Multimedia 15 (6), 1446-1457, 2013",
        "year": "2013"
    },
    {
        "title": "On adaptive HTTP streaming to mobile devices",
        "link": "https://scholar.google.com/citations?view_op=view_citation&hl=en&user=aPlMXLAAAAAJ&cstart=40&citation_for_view=aPlMXLAAAAAJ:9Nmd_mFXekcC",
        "citation_id": "aPlMXLAAAAAJ:9Nmd_mFXekcC",
        "authors": "G Tian, Y Liu",
        "publication": "2013 20th International Packet Video Workshop, 1-8, 2013",
        "year": "2013"
    },
    {
        "title": "Method and system for providing recommendations in a social network",
        "link": "https://scholar.google.com/citations?view_op=view_citation&hl=en&user=aPlMXLAAAAAJ&cstart=40&citation_for_view=aPlMXLAAAAAJ:d4tt_xEv1X8C",
        "citation_id": "aPlMXLAAAAAJ:d4tt_xEv1X8C",
        "authors": "X Yang, Y Guo, Y Liu",
        "publication": "US Patent App. 13/642,644, 2013",
        "year": "2013"
    },
    {
        "title": "Enabling P2P one-view multiparty video conferencing",
        "link": "https://scholar.google.com/citations?view_op=view_citation&hl=en&user=aPlMXLAAAAAJ&cstart=60&citation_for_view=aPlMXLAAAAAJ:SeFeTyx0c_EC",
        "citation_id": "aPlMXLAAAAAJ:SeFeTyx0c_EC",
        "authors": "Y Zhao, Y Liu, C Chen, J Zhang",
        "publication": "IEEE Transactions on Parallel and Distributed Systems 25 (1), 73-82, 2013",
        "year": "2013"
    },
    {
        "title": "Mechanism design for dynamic P2P streaming",
        "link": "https://scholar.google.com/citations?view_op=view_citation&hl=en&user=aPlMXLAAAAAJ&cstart=60&citation_for_view=aPlMXLAAAAAJ:ipzZ9siozwsC",
        "citation_id": "aPlMXLAAAAAJ:ipzZ9siozwsC",
        "authors": "G Tian, Y Xu, Y Liu, K Ross",
        "publication": "IEEE P2P 2013 Proceedings, 1-10, 2013",
        "year": "2013"
    },
    {
        "title": "Power consumption of mobile video streaming under adverse network conditions",
        "link": "https://scholar.google.com/citations?view_op=view_citation&hl=en&user=aPlMXLAAAAAJ&cstart=100&citation_for_view=aPlMXLAAAAAJ:cFHS6HbyZ2cC",
        "citation_id": "aPlMXLAAAAAJ:cFHS6HbyZ2cC",
        "authors": "J Ma, X Deng, Y Liu, D Wu",
        "publication": "2013 IEEE/CIC International Conference on Communications in China (ICCC \u2026, 2013",
        "year": "2013"
    },
    {
        "title": "Capacity analysis of peer-to-peer adaptive streaming",
        "link": "https://scholar.google.com/citations?view_op=view_citation&hl=en&user=aPlMXLAAAAAJ&cstart=100&citation_for_view=aPlMXLAAAAAJ:yB1At4FlUx8C",
        "citation_id": "aPlMXLAAAAAJ:yB1At4FlUx8C",
        "authors": "Y Xu, Y Liu, K Ross",
        "publication": "IEEE P2P 2013 Proceedings, 1-10, 2013",
        "year": "2013"
    },
    {
        "title": "Circle-based recommendation in online social networks",
        "link": "https://scholar.google.com/citations?view_op=view_citation&hl=en&user=aPlMXLAAAAAJ&citation_for_view=aPlMXLAAAAAJ:TQgYirikUcIC",
        "citation_id": "aPlMXLAAAAAJ:TQgYirikUcIC",
        "authors": "X Yang, H Steck, Y Liu",
        "publication": "Proceedings of the 18th ACM SIGKDD international conference on Knowledge \u2026, 2012",
        "year": "2012"
    },
    {
        "title": "Bayesian-inference-based recommendation in online social networks",
        "link": "https://scholar.google.com/citations?view_op=view_citation&hl=en&user=aPlMXLAAAAAJ&citation_for_view=aPlMXLAAAAAJ:mB3voiENLucC",
        "citation_id": "aPlMXLAAAAAJ:mB3voiENLucC",
        "authors": "X Yang, Y Guo, Y Liu",
        "publication": "IEEE Transactions on Parallel and Distributed Systems 24 (4), 642-651, 2012",
        "year": "2012"
    },
    {
        "title": "Video telephony for end-consumers: Measurement study of Google+, iChat, and Skype",
        "link": "https://scholar.google.com/citations?view_op=view_citation&hl=en&user=aPlMXLAAAAAJ&citation_for_view=aPlMXLAAAAAJ:NMxIlDl6LWMC",
        "citation_id": "aPlMXLAAAAAJ:NMxIlDl6LWMC",
        "authors": "Y Xu, C Yu, J Li, Y Liu",
        "publication": "Proceedings of the 2012 Internet Measurement Conference, 371-384, 2012",
        "year": "2012"
    },
    {
        "title": "On top-k recommendation using social networks",
        "link": "https://scholar.google.com/citations?view_op=view_citation&hl=en&user=aPlMXLAAAAAJ&citation_for_view=aPlMXLAAAAAJ:HDshCWvjkbEC",
        "citation_id": "aPlMXLAAAAAJ:HDshCWvjkbEC",
        "authors": "X Yang, H Steck, Y Guo, Y Liu",
        "publication": "Proceedings of the sixth ACM conference on Recommender systems, 67-74, 2012",
        "year": "2012"
    },
    {
        "title": "Profiling skype video calls: Rate control and video quality",
        "link": "https://scholar.google.com/citations?view_op=view_citation&hl=en&user=aPlMXLAAAAAJ&citation_for_view=aPlMXLAAAAAJ:-f6ydRqryjwC",
        "citation_id": "aPlMXLAAAAAJ:-f6ydRqryjwC",
        "authors": "X Zhang, Y Xu, H Hu, Y Liu, Z Guo, Y Wang",
        "publication": "2012 Proceedings IEEE INFOCOM, 621-629, 2012",
        "year": "2012"
    },
    {
        "title": "Topology mapping and geolocating for China's Internet",
        "link": "https://scholar.google.com/citations?view_op=view_citation&hl=en&user=aPlMXLAAAAAJ&cstart=40&citation_for_view=aPlMXLAAAAAJ:k_IJM867U9cC",
        "citation_id": "aPlMXLAAAAAJ:k_IJM867U9cC",
        "authors": "Y Tian, R Dey, Y Liu, KW Ross",
        "publication": "IEEE Transactions on Parallel and Distributed Systems 24 (9), 1908-1917, 2012",
        "year": "2012"
    },
    {
        "title": "China's internet: Topology mapping and geolocating",
        "link": "https://scholar.google.com/citations?view_op=view_citation&hl=en&user=aPlMXLAAAAAJ&cstart=40&citation_for_view=aPlMXLAAAAAJ:e5wmG9Sq2KIC",
        "citation_id": "aPlMXLAAAAAJ:e5wmG9Sq2KIC",
        "authors": "Y Tian, R Dey, Y Liu, KW Ross",
        "publication": "2012 Proceedings IEEE INFOCOM, 2531-2535, 2012",
        "year": "2012"
    },
    {
        "title": "Peer-to-peer voice over internet protocol",
        "link": "https://scholar.google.com/citations?view_op=view_citation&hl=en&user=aPlMXLAAAAAJ&cstart=60&citation_for_view=aPlMXLAAAAAJ:oNZyr7d5Mn4C",
        "citation_id": "aPlMXLAAAAAJ:oNZyr7d5Mn4C",
        "authors": "SH Leiden, A Rath, Y Liu, S Panwar, K Ross",
        "publication": "US Patent 8,315,521, 2012",
        "year": "2012"
    },
    {
        "title": "Method and apparatus for scalable content multicast over a hybrid network",
        "link": "https://scholar.google.com/citations?view_op=view_citation&hl=en&user=aPlMXLAAAAAJ&cstart=80&citation_for_view=aPlMXLAAAAAJ:cRMvf6lLvU8C",
        "citation_id": "aPlMXLAAAAAJ:cRMvf6lLvU8C",
        "authors": "Y Guo, S Hua, H Liu, Y Liu, S Panwar",
        "publication": "US Patent App. 13/138,610, 2012",
        "year": "2012"
    },
    {
        "title": "Enabling broadcast of user-generated live video without servers",
        "link": "https://scholar.google.com/citations?view_op=view_citation&hl=en&user=aPlMXLAAAAAJ&cstart=100&citation_for_view=aPlMXLAAAAAJ:RHpTSmoSYBkC",
        "citation_id": "aPlMXLAAAAAJ:RHpTSmoSYBkC",
        "authors": "C Liang, Y Liu",
        "publication": "Peer-to-Peer Networking and Applications 5 (3), 205-218, 2012",
        "year": "2012"
    },
    {
        "title": "Hierarchically clustered P2P video streaming: Design, implementation, and evaluation",
        "link": "https://scholar.google.com/citations?view_op=view_citation&hl=en&user=aPlMXLAAAAAJ&cstart=100&citation_for_view=aPlMXLAAAAAJ:_Re3VWB3Y0AC",
        "citation_id": "aPlMXLAAAAAJ:_Re3VWB3Y0AC",
        "authors": "Y Guo, C Liang, Y Liu",
        "publication": "Computer Networks 56 (15), 3432-3445, 2012",
        "year": "2012"
    }
]